ticker,bench,corr,beta,sig,print_sigma_pos,print_sigma_neg,dev_best_ranges,bench_best_ranges,time_best_peak_ranges,time_best_norm_ranges
A,IWM,0.75,0.54,0.67,0.761194,-1.267164,0.4–0.7,0.1–0.4,,09:00
AA,IWM,0.88,1.82,1.76,0.498409,-1.121364,0.2–0.3;0.7;0.9,0.0–0.6,00:00;01:00–02:00;04:30;07:00;08:00–09:30,08:30
AAAU,QQQ,0.58,0.84,1.0,1.0604,-1.2428,0.2–0.7,0.0;0.2;0.5,02:00;03:00–03:30;04:30;05:30;08:00–09:30,09:00
AACT,NONE,0.84,1.04,1.28,,,,,,
AAL,IWM,0.84,1.04,1.28,0.535,-0.55,0.2–0.7;0.9,0.0–0.6;0.9;1.1,00:00–09:30,04:00;07:30;08:30
AALG,IWM,0.77,1.95,2.99,0.45903,-0.395819,2.7,,,09:00
AAMI,SPY,0.77,1.18,1.41,0.293901,-0.414184,0.6,0.0,,
AAOI,SPY,0.89,5.38,3.21,1.966854,-3.232025,2.7,0.0–0.2,00:00;02:30–03:00;04:30;05:30,09:00
AAON,IWM,0.85,1.36,2.53,0.589881,-0.222609,0.5;0.9,0.3,02:30,09:00
AAP,IWM,0.55,0.51,1.99,0.466935,-0.208894,0.2;0.4,0.1,,09:00
AAPB,SPY,0.57,1.0,1.47,0.414966,-0.265306,0.2;0.4–0.8,0.0–0.2,00:00–00:30;03:30–04:00;07:30–09:30,08:30–09:00
AAPD,QQQ,-0.47,-0.2,0.73,1.076712,-1.265753,0.2,0.0–0.3,02:30;04:30;06:00;07:00–09:30,09:00
AAPG,NONE,0.51,0.3,0.73,,,,,,
AAPL,SPY,0.51,0.3,0.73,1.020548,-0.289041,0.2–0.3,0.0–0.3,00:00;01:30;03:00;05:00;07:00–09:30,09:00
AAPU,SPY,0.62,1.04,1.46,0.620822,-0.184384,0.2–0.6;0.8–0.9,0.0–0.3;0.7,00:00–01:30;03:00;04:00;05:00;06:00–09:30,06:30;09:00
AAPW,QQQ,0.72,0.63,0.83,-0.225663,-0.582048,0.3,0.0,,09:00
AAPX,SPY,0.59,1.59,1.42,1.386197,-0.418028,0.4;0.8–0.9;1.4,0.0–0.2,00:00;02:30;04:30;06:30–07:00,09:00
AAPY,SPY,0.41,1.06,0.72,-0.236111,,,,,09:00
AARD,QQQ,0.35,0.87,1.66,0.028072,-0.623554,2.7,0.0–0.1;0.3,,09:00
AAT,IWM,0.59,0.36,0.46,0.886087,-1.161739,1.1,0.1,,09:00
AAUC,GDX,0.88,0.75,1.91,0.507853,-0.17801,0.2;0.5,3.0,,08:30
AAXJ,SPY,0.88,1.75,0.8,1.075,-1.859375,,0.0–0.1,,
AB,XLF,0.63,0.46,0.49,0.326531,-0.590612,0.5;0.8,0.0;0.2–0.3;0.5,,09:00
ABBV,SPY,-0.16,-0.18,0.75,0.458933,-0.5488,0.2,0.1,02:30,09:00
ABG,IWM,0.69,0.54,0.84,0.395714,-1.017143,0.5,0.2;0.9,,
ABM,IWM,0.57,0.4,0.53,1.192453,-0.290566,0.3,0.0;0.2,,09:00
ABNB,SPY,0.85,0.97,0.69,-0.349275,-0.866957,0.2–0.8;1.1;1.5,0.0–0.4,00:00–02:00;03:00–03:30;07:00–09:30,08:00
ABNY,SPY,0.68,1.06,0.73,0.872877,-1.382192,2.7,,,09:00
ABR,SPY,0.69,0.5,0.71,0.323944,-0.894366,0.2–0.4,0.1,00:00;06:30–07:00,07:00;08:30–09:00
ABT,IWM,-0.31,-0.07,0.57,0.676842,-0.548772,0.4,0.2–0.3,01:00,09:00
ABVX,QQQ,0.41,0.71,1.54,-0.076104,-0.355714,0.2–0.3;0.5–0.8,0.0–0.3,00:00;02:00;03:30–05:00;06:00–09:30,09:00
ACAD,IWM,0.64,0.4,1.79,0.217877,-0.255866,0.2,0.0,,08:30–09:00
ACES,IWM,0.93,1.68,1.3,1.828923,-0.084308,2.7,0.3,,09:00
ACFN,QQQ,0.02,-0.32,3.92,0.302806,-0.313163,0.3,,,09:00
ACGL,XLF,0.42,0.85,0.58,0.337931,0.427586,0.5,0.0–0.3,,
ACHC,IWM,0.62,0.81,1.56,0.440769,-0.283526,0.6–0.7,0.1–0.2,03:00–09:30,09:00
ACHR,IWM,0.91,3.08,2.74,2.549489,-1.390511,0.2–0.8;1.2;1.9,0.0–0.5,00:00–01:00;02:00;03:30–09:30,06:00;07:00;09:00
ACI,IWM,-0.39,-0.15,1.19,0.339076,-0.721008,0.2–0.3,0.3,,07:00
ACIC,XLF,0.67,0.33,0.37,1.189189,-0.502973,0.7,0.1,,
ACIW,SPY,0.86,0.96,0.59,0.623729,-0.899661,1.7,0.0–0.1,,09:00
ACKY,SPY,0.78,1.38,0.75,0.052,-1.632,0.7,0.0;0.2,,09:00
ACLS,SOXL,0.88,0.3,1.8,0.791111,-1.838333,1.1,3.0,02:30;03:30;04:30–09:30,07:00
ACLX,SPY,0.68,0.52,0.67,0.301493,-0.606567,0.3;0.5–0.6,0.2,,09:00
ACM,IWM,0.94,0.79,0.57,0.418421,-0.215614,0.4;0.7;0.9,0.0–0.2;0.4,03:00,09:00
ACMR,QQQ,0.85,2.35,3.68,1.172147,-0.625136,0.7–0.8;1.3,0.0–0.1,01:00–01:30;03:00;04:00;06:30;07:30–09:30,09:00
ACN,IWM,0.8,0.42,0.45,0.752889,-0.116444,0.3;0.7;0.9,0.0–0.2,05:00–09:30,08:00;09:00
ACT,XLF,0.77,0.57,0.5,0.3126,-0.46,0.4,0.1–0.2,,
ACVA,IWM,0.75,1.1,3.7,0.013784,-0.345946,0.2–0.3,0.3,,09:00
ACWI,SPY,0.97,1.05,0.44,-0.273864,-0.419318,0.2,0.1;0.3–0.4,05:00–09:30,09:00
ACWX,SPY,0.91,1.13,0.51,-0.261176,-0.97,0.5–0.6,0.3,01:30,09:00
AD,NONE,0.79,0.94,0.79,,,,,,
ADBE,SPY,0.79,0.94,0.79,0.454684,-0.96,0.2–0.7;1.2,0.0;0.2–0.5;0.7–0.8;1.1,00:00;01:00–03:30;06:30;07:30–09:30,02:00
ADBG,SPY,0.8,1.56,1.52,0.880526,-1.191053,0.2–0.5;1.0,0.0–0.3,03:00–05:00;07:00;08:00–09:30,07:00
ADC,IWM,-0.19,0.0,0.46,1.043478,-0.934783,1.3,0.2,02:00–09:30,09:00
ADEA,IWM,0.91,0.97,2.66,-0.122895,-0.583383,0.2,,,09:00
ADI,IWM,0.8,0.89,0.99,0.729697,-1.371515,0.2;0.4;0.6–0.9,0.0;0.2–0.5,00:00;03:30–04:00,03:30
ADM,IWM,0.22,0.11,1.03,0.533883,-0.560485,0.2–0.3,0.2,00:30;03:00,00:30;09:00
ADMA,IWM,0.72,0.65,0.7,0.112857,-0.901429,0.6;1.2;1.6,0.0–0.4,00:30;02:30;04:00–04:30,09:00
ADNT,IWM,0.79,1.07,1.59,0.162201,-0.745031,0.2;0.5,0.1–0.2,,09:00
ADP,IWM,0.18,0.07,0.56,1.331964,-0.308571,0.6,0.3,04:00–09:30,09:00
ADPT,IWM,0.89,1.57,1.34,0.025522,-1.032388,2.7,0.0–0.5,,09:00
ADSE,IWM,0.26,0.43,2.03,0.01803,-0.759901,0.3,0.2,,09:00
ADSK,SPY,0.66,0.96,1.35,0.019259,-0.536593,0.2–0.4,0.0–0.2,00:00;03:00,03:00;09:00
ADUR,SPY,0.51,2.34,2.03,0.817734,-0.359015,2.7,0.1;0.6,02:30,09:00
ADUS,IWM,0.52,0.2,0.82,0.814634,-1.156098,0.4,0.1;0.6,,
ADX,SPY,0.91,0.98,0.45,0.591556,-0.123111,2.7,0.3–0.4,03:00;05:00–09:30,08:30–09:00
AEBI,IWM,0.61,0.52,1.64,0.235854,-0.387561,0.3;0.8,0.1,,09:00
AEE,IWM,0.01,0.05,0.38,1.303947,-1.072368,0.7,0.2–0.3,,09:00
AEHR,SPY,0.92,4.18,3.98,2.657337,-0.892261,2.7,0.1–0.4,00:30;01:30;05:00;07:00–08:00,09:00
AEIS,QQQ,0.93,1.91,2.19,0.548082,-0.844018,0.8,0.2–0.3,02:30–09:30,09:00
AEM,GDX,0.97,0.87,1.58,0.120316,-0.499684,0.2–0.5,0.1–0.3;0.7–0.8;1.4;1.6,00:30;01:30–02:00;03:00–05:00;06:00–07:00;08:00–09:30,05:00;08:00–08:30
AEO,IWM,0.7,0.7,3.96,0.208586,-0.213131,0.2;0.4,0.1–0.2;1.2,03:00,09:00
AEP,IWM,0.04,0.07,0.65,0.548308,-0.574923,0.4–0.5,0.3,,08:30
AER,SPY,0.63,0.36,0.79,1.008608,-0.550886,0.2–0.4,0.2;0.7,,09:00
AES,IWM,0.87,1.14,1.83,0.251148,-0.296284,0.2–0.4;0.6–0.7,0.0–0.6,00:00;01:00–01:30;03:30–04:30;06:30;08:00–09:30,04:00;08:30–09:00
AESI,XLE,0.82,1.71,2.27,0.386608,-0.547665,0.7,0.1–0.4;0.6,,09:00
AETH,IWM,0.44,0.18,1.26,0.217937,-0.158889,,,,
AEVA,SPY,0.89,4.64,2.56,1.596406,-4.303594,2.7,0.0–0.2;0.4,03:30–04:00;06:00,09:00
AEXA,SPY,0.59,0.9,1.14,0.178947,-0.558772,,0.0,04:30;05:30–09:30,09:00
AEYE,IWM,0.88,1.28,1.5,0.750667,-0.581333,2.7,0.5,,09:00
AFG,XLF,0.52,0.6,0.49,0.453061,-0.538776,0.7–0.8,0.0;0.2,,
AFK,IWM,0.63,0.42,0.91,0.508791,-0.066593,0.2,0.2,,09:00
AFL,XLF,0.51,0.57,0.43,0.400233,-0.579302,0.2,0.0–0.1;0.3–0.4,,09:00
AFRM,SPY,0.9,3.04,2.51,1.639044,-1.044303,0.2–0.6;0.8;1.3,0.0–0.2;0.4,00:00–03:30;05:00;06:00–08:30,07:00–08:00;09:00
AFRU,SPY,0.86,4.21,3.96,4.160808,-0.499015,2.7,0.1,,09:00
AFYA,SPY,0.73,0.48,1.1,0.293091,-0.367273,0.3–0.4;0.8,0.2,,09:00
AGCO,SPY,0.69,0.94,0.83,0.431325,-0.604337,,0.0–0.3,01:00–09:30,09:00
AGD,SPY,0.83,1.17,0.75,1.094667,-0.181867,0.3,0.1–0.3,,09:00
AGFY,NONE,0.44,0.18,0.16,,,,,,
AGG,SPY,0.44,0.18,0.16,0.98375,-3.8925,2.7,0.1,02:00;05:30,09:00
AGI,GDX,0.98,0.99,2.0,0.04885,-0.0756,0.2–0.6,0.0–0.1;0.3–0.4;0.6–0.7;1.2–1.3;1.7;2.5;3.0,00:00–00:30;03:00–05:00;06:00–07:00;08:00–09:30,09:00
AGIO,SPY,0.59,0.75,1.86,-0.235215,-0.217742,0.3–0.4,0.0;0.2–0.3,,09:00
AGIQ,SPY,0.91,1.89,0.82,0.770488,0.10646350000000004,2.7,0.1,,09:00
AGIX,QQQ,0.92,1.14,0.86,0.403721,-0.329767,2.7,0.1,,09:00
AGM,XLF,0.73,0.88,0.84,0.227619,-0.797619,0.3;0.7,0.1;0.4,,09:00
AGMI,IWM,0.55,1.93,2.34,,,,,,
AGNCZ,NONE,0.24,0.19,0.55,,,,,,
AGNG,IWM,0.24,0.19,0.55,2.0203634999999998,-1.289636,,,,
AGQ,IWM,0.54,2.33,3.15,2.216762,-1.114381,0.2–0.5;0.9–1.1,0.0–0.1;0.6–0.7,00:00–01:30;02:30;03:30–04:00;05:00;06:30,06:30;07:30
AGX,SPY,0.91,3.19,2.19,1.612055,0.889589,2.7,0.0;0.2,03:30,09:00
AGYS,IWM,0.87,0.8,1.73,-0.073988,-0.154913,0.5,,,09:00
AHR,SPY,0.44,0.28,0.41,0.817561,-1.842927,0.8,0.0–0.1,01:00,09:00
AI,IWM,0.9,1.65,2.01,0.206965,-0.661443,0.2–0.9;1.1–1.2,0.0–0.6,00:00–01:00;02:00;03:00–09:30,07:00
AIA,QQQ,0.86,1.91,1.08,1.568426,-2.018056,1.0,0.4,,09:00
AIBU,QQQ,0.97,2.84,2.24,1.506964,-2.613214,2.7,0.0,01:30;02:30–09:30,09:00
AIEQ,SPY,0.95,0.96,0.49,,-0.565714,,,,
AIG,XLF,0.49,0.59,0.6,0.271167,-0.969167,0.5,0.0–0.1,,09:00
AIIA.U,NONE,0.82,0.85,0.58,,,,,,
AIO,SPY,0.82,0.85,0.58,0.894828,-0.324138,0.4;0.7,0.2,,09:00
AIP,SPY,0.83,2.69,3.4,0.622706,-0.325088,1.5,0.0–0.2;0.4,05:00,08:30–09:00
AIPI,QQQ,0.96,0.76,0.54,0.274815,-0.875556,0.6;0.8;1.2–1.3,0.0–0.2;0.4;0.6,02:30;06:30,09:00
AIPO,SPY,0.93,2.6,1.28,1.50625,-1.66875,2.7,0.0,05:30,09:00
AIQ,SPY,0.97,2.11,0.98,1.603061,-0.643776,0.7;1.1,0.0–0.1;0.3,00:00–00:30;03:00;07:00–09:30,09:00
AIR,IWM,0.83,0.82,1.02,0.382353,-0.107255,0.3,0.0,,09:00
AIRO,IWM,0.89,1.9,3.8,-0.045789,-0.204474,0.3–0.9;1.1,0.0–0.1;0.4–0.5;0.7,02:30;05:00;06:00–09:30,06:30;09:00
AIRR,IWM,0.97,1.03,0.76,-0.05,-0.272237,0.2;0.4–0.6,0.0–0.1,,09:00
AIS,IWM,0.92,1.56,1.81,1.626519,-0.73547,2.7,0.3,,09:00
AIT,IWM,0.87,0.67,0.75,0.489467,-0.77,0.6,0.5,,09:00
AIZ,XLF,0.57,0.54,0.56,1.062857,-0.276071,0.8,0.2;0.4,,
AJG,XLF,0.18,0.15,1.05,0.180952,-0.498095,0.2,0.2,,
AKAM,IWM,0.83,0.61,1.12,0.222143,-0.32125,0.2–0.3,0.1;0.4,04:30–09:30,09:00
AKR,IWM,0.55,0.31,0.56,0.82625,-0.804107,0.8,0.2,,09:00
AKRE,IWM,0.75,0.07,0.27,2.407407,0.101481,,,,
AKRO,IWM,0.3,0.07,2.57,0.501051,-0.461401,,,,09:00
AL,XLF,0.36,0.13,0.8,0.472375,-0.40925,0.3;0.5,0.2,,
ALAB,IWM,0.86,3.04,3.43,1.412012,-1.907055,0.2;0.4–0.5;0.9,0.0–0.4,00:00–00:30;02:00;04:00–04:30;05:30;07:00;08:00–09:30,09:00
ALAI,QQQ,0.96,1.41,0.99,1.150606,-1.247172,0.5;2.7,0.0–0.1,,09:00
ALAR,SPY,0.42,0.78,2.04,0.287157,-0.29098,0.4–0.5,0.0–0.1;0.4,05:00–09:30,09:00
ALB,IWM,0.74,2.14,2.32,0.876466,-1.50681,0.5–0.6,0.0–0.2,00:00;04:00;06:30;07:30–09:30,08:30–09:00
ALC,IWM,0.3,0.29,1.53,0.483595,-0.274902,0.2–0.3,0.3–0.4,05:00,08:30
ALE,XLE,0.4,0.08,0.16,2.455,-3.245,2.7,0.3,,
ALEX,SPY,0.5,0.1,0.49,0.820408,-1.269388,0.8,0.1,,
ALG,IWM,0.75,0.47,0.68,0.900588,-0.745441,0.3;0.6,0.0,,09:00
ALGM,IWM,0.95,1.8,1.89,1.392593,0.093122,2.7,0.3–0.5,03:00,09:00
ALGN,IWM,0.78,0.98,1.51,0.493775,-0.370728,0.2–0.5,0.0;0.2;0.4–0.5,01:30,08:00;09:00
ALGT,IWM,0.85,1.34,1.27,-0.543937,0.047402,1.2;2.7,0.1,,09:00
ALH,SPY,0.42,0.38,1.15,-0.295826,-0.513391,,,,09:00
ALHC,SPY,0.08,0.24,1.38,0.675942,-0.181159,0.2,0.1,00:00,09:00
ALK,IWM,0.87,1.01,1.28,-0.308047,-0.281094,0.2–0.6;0.9,0.0;0.2–0.4,00:00;02:00–02:30;07:00–09:30,08:00;09:00
ALKS,SPY,0.28,0.49,2.56,0.21793,-0.348477,0.3,0.0,,09:00
ALKT,SPY,0.89,2.17,1.35,1.079481,-2.397481,2.7,0.0–0.1;0.3–0.4,,09:00
ALL,XLF,0.35,0.54,0.7,0.884,-0.359714,0.3–0.4;0.6,0.0;0.2,02:00–09:30,09:00
ALLE,IWM,0.75,0.48,0.52,1.13,-1.535385,0.6,0.2–0.3,03:00–09:30,09:00
ALLW,IWM,0.71,0.4,0.31,0.929032,-0.858065,0.7,0.2,,09:00
ALLY,XLF,0.87,1.65,1.0,0.451,-1.111,0.5,0.0–0.3,,09:00
ALMU,SPY,0.93,2.83,2.44,2.051967,-0.379098,2.7,0.0–0.2,05:30,09:00
ALNT,SPY,0.91,1.78,1.2,1.082167,-1.112167,2.7,0.1,,09:00
ALNY,IWM,0.49,0.47,1.05,0.730476,-0.416095,0.6,0.1;0.5,03:00–09:30,09:00
ALRM,IWM,0.9,0.53,0.68,0.723676,-0.352647,0.5,0.2–0.3,,
ALSN,SPY,0.9,1.13,0.91,-0.523956,-0.531319,0.2;0.4,0.1–0.2,,09:00
ALTY,NONE,0.69,0.68,0.82,,,,,,
ALV,IWM,0.69,0.68,0.82,0.579512,-0.213659,0.2;0.4,0.0;0.2;0.4,03:00–09:30,08:00;09:00
ALX,IWM,0.65,0.36,0.49,0.982857,-0.96898,0.6–0.7;1.2,0.1–0.2;0.5,,09:00
AM,XLE,0.81,0.52,0.47,0.82383,-0.422979,0.9,0.2–0.3;0.6,,09:00
AMAL,KRE,0.95,1.07,0.64,0.266719,0.166563,0.6,0.2;0.4–0.5,,
AMAT,SOXL,0.88,0.31,2.5,0.86968,-1.82692,0.2;0.4–0.5;0.8,3.0,00:00–00:30;04:30;05:30;07:00,08:00;09:00
AMBA,SPY,0.95,3.23,2.83,2.02364,0.633993,1.4,0.0–0.1,03:00;07:00–09:30,09:00
AMBQ,IWM,0.74,0.78,1.71,0.684795,-0.18152,0.9,0.4,,09:00
AMD,IWM,0.61,1.4,5.08,0.484252,-0.332283,0.2–0.4,0.1–0.2;0.4,03:00;04:00–05:00;06:30,08:30
AMDD,QQQ,-0.57,-1.8,5.07,0.521105,-0.458777,0.2–0.4,0.3,02:00;04:00;05:30;07:00,08:00
AMDG,SPY,0.6,4.56,10.2,1.711333,-1.319961,0.2;1.1,0.0;0.2,02:00;03:00;04:30;05:30–06:00;07:00–09:30,08:00;09:00
AMDL,SPY,0.6,4.87,10.16,1.83563,-1.519183,0.2–0.5;0.7–0.8;1.5,0.0–0.2;0.4,00:00–01:00;02:00;03:00–06:00;07:00;08:00–08:30,07:00
AMDU,SPY,0.49,4.14,9.99,0.693774,-1.6816119999999999,,,00:30–09:30,
AMDW,IWM,0.58,1.56,5.89,0.567199,-0.363735,0.4–0.5,0.0;0.2,,09:00
AME,IWM,0.83,0.5,0.91,0.851648,-0.692308,0.4–0.6,0.5,,09:00
AMED,NONE,0.73,1.48,0.82,,,,,,
AMG,XLF,0.73,1.48,0.82,0.434634,-0.139512,0.8;1.0;1.4,0.1,,09:00
AMGN,IWM,0.4,0.17,0.51,0.928824,-0.544314,0.3;0.5,0.1,02:30;05:30,08:00;09:00
AMH,IWM,0.3,0.05,0.36,0.813889,-1.088889,1.0;1.5,0.2,,09:00
AMKR,SPY,0.9,3.32,2.81,0.654662,-1.799573,0.6,0.0–0.3,00:00;02:00;03:30;07:00–09:30,08:00;09:00
AMLP,QQQ,0.67,0.19,0.28,0.821786,-3.013929,1.6,0.2–0.3,,09:00
AMN,IWM,0.8,0.89,1.2,0.712833,-0.945667,0.6,0.0–0.1,,08:30–09:00
AMP,XLF,0.89,1.1,0.66,0.774242,-0.090909,0.4;0.6,0.0–0.4,,
AMPH,IWM,0.19,0.04,1.11,0.513874,-0.472432,0.2,0.2,,09:00
AMPL,SPY,0.9,2.44,1.42,-1.424789,-0.999718,2.3;2.7,0.0;0.3–0.4,04:00–09:30,09:00
AMR,IWM,0.79,1.56,1.63,0.266994,-0.819387,0.8,0.3–0.4,,09:00
AMRC,IWM,0.87,2.11,3.18,-0.066415,-0.416226,1.0,0.0;0.2;0.4,03:00–09:30,09:00
AMRK,IWM,0.84,1.35,1.7,0.103529,-0.223529,0.4,0.1–0.3,03:30,09:00
AMRN,SPY,0.54,0.16,0.96,0.53375,-0.63875,0.4,0.1,,09:00
AMRZ,IWM,0.49,0.27,1.15,0.561391,-0.423043,0.2–0.3,0.0;0.3,03:30,08:00
AMSC,SPY,0.92,4.14,4.14,0.729565,-1.931643,2.7,0.0–0.2,00:00–01:00;04:30,09:00
AMSF,XLF,0.68,0.28,0.42,0.514286,-1.051429,0.6,0.1–0.2,,09:00
AMT,IWM,-0.2,0.15,0.67,1.240299,-0.335821,0.3,0.1–0.2,03:00–09:30,09:00
AMTM,IWM,0.78,0.92,0.99,0.098586,-0.731313,0.4–0.8,0.1;0.4–0.5;0.7,00:00;03:00;05:30,09:00
AMUU,SPY,0.6,4.87,10.17,1.948751,-1.297414,0.4,0.0;0.2,01:00;03:00–03:30;04:30;07:00–09:30,09:00
AMWD,IWM,0.82,0.95,1.13,0.522566,-0.413717,0.5;1.0;2.7,0.1,,09:00
AMX,SPY,0.75,0.82,0.63,-0.132381,-0.115238,,0.0;0.2–0.3,,09:00
AMYY,IWM,0.55,0.59,1.31,0.255725,-0.382672,,,01:00–09:30,09:00
AMZA,IWM,0.44,0.0,0.44,1.090909,-2.113636,0.7,0.2–0.4,,
AMZD,IWM,-0.62,-0.54,1.8,0.401556,-0.235222,0.2–0.3,0.1–0.2,04:00–09:30,08:00–09:00
AMZN,SPY,0.79,1.09,1.78,0.482865,-0.292416,0.2–0.3,0.0;0.2–0.4,02:30–03:00;05:00–05:30;07:00–09:30,04:00
AMZP,SPY,0.72,1.2,1.35,0.927407,-0.5785185,,,,09:00
AMZU,IWM,0.68,1.03,3.56,0.621208,-0.426208,0.2–0.4,0.1–0.5,01:30;02:30–04:00;05:00;07:00–09:30,04:00;07:00
AMZW,IWM,0.71,0.51,2.17,0.260507,-0.466452,0.4–0.5,,,09:00
AMZY,SPY,0.8,0.73,1.31,0.448397,-0.651374,0.2–0.3,0.0–0.3;0.7,01:00–02:30;06:00;07:00,07:00
AMZZ,IWM,0.67,1.06,3.5,0.626229,-0.294914,0.2–0.4,0.2;0.5,01:30;02:30;04:00;06:00–09:30,09:00
AN,IWM,0.63,0.96,0.75,0.488,0.589867,0.7–0.8,0.1,,09:00
ANAB,IWM,0.44,0.45,3.34,0.58997,-0.26512,0.2,,,09:00
ANDE,IWM,0.55,0.34,0.6,1.164,0.156667,0.6,0.2–0.4;0.6,,09:00
ANEL,QQQ,0.89,3.57,3.93,0.671807,-2.466081,2.7,0.0;0.4,04:30–09:30,09:00
ANET,QQQ,0.88,1.66,1.73,0.561734,-2.069364,0.2–0.7,0.0–0.5,00:00–02:00;03:00;04:00–05:00;06:30–09:30,04:00;07:30
ANF,IWM,0.73,0.67,1.5,0.138,-0.5124,0.2–0.6;0.9,0.1–0.4;0.6;1.1,01:00;03:00;06:30–09:30,08:30
ANGI,SPY,0.87,2.06,1.4,-0.303,-1.312714,2.7,0.0–0.4,,09:00
ANGL,SPY,0.82,0.23,0.14,1.263571,-4.560714,2.7,0.0,,09:00
ANGX,KWEB,0.24,0.19,9.39,0.228126,-0.250703,0.2–0.3,,02:00,09:00
ANIP,SPY,0.46,0.29,1.15,0.452957,-0.294522,0.3,0.2–0.3,,09:00
ANPA,IWM,0.04,0.0,3.53,0.33711,-0.1954675,,,,
ANTA,XLF,0.19,0.5,2.24,1.2857145,0.078125,,0.3,,
AOA,SPY,0.94,0.71,0.34,-0.249412,-0.705882,0.2,0.0,,09:00
AOK,SPY,0.88,0.4,0.24,1.933333,-1.991667,0.5;1.1,0.1,,09:00
AOM,SPY,0.83,0.43,0.23,1.083478,-1.261304,0.5,0.0,,09:00
AON,XLF,0.19,0.31,0.56,0.742857,-0.385357,0.2;0.5,0.0;0.2,,09:00
AOR,SPY,0.96,0.63,0.31,0.82871,-1.234516,0.4,0.0,,09:00
AORT,IWM,0.49,0.36,0.71,0.313239,-1.220845,0.2,0.2,,09:00
AOS,IWM,0.42,0.24,0.48,0.413333,-0.695,0.3,0.2,,09:00
AOSL,SOXL,0.94,0.39,3.74,0.481738,-1.073636,,,,09:00
AOTG,SPY,0.85,1.75,1.01,1.200495,-0.393564,2.7,0.1,,09:00
APA,XLE,0.92,1.91,1.47,0.882993,-0.897143,1.3,0.0–0.2;0.6,06:00–09:30,09:00
APAM,XLF,0.86,1.26,0.58,1.612759,0.014483,0.5–0.6,0.1;0.4,,09:00
APD,IWM,0.79,0.54,0.75,0.630667,-0.5768,0.5–0.6;0.8,0.2–0.3,02:00–09:30,09:00
APED,IWM,0.75,4.01,4.36,0.9714795,-5.408716,2.7,,,09:00
APEI,SPY,0.56,0.3,1.84,0.244565,-0.340761,0.2,0.4,,09:00
APG,SPY,0.94,1.44,0.71,-0.065915,-0.851268,0.7,0.1–0.2;0.4,,09:00
APGE,IWM,0.73,0.82,0.85,0.522118,-0.553882,2.7,0.1–0.2;0.4,02:30–09:30,09:00
APH,SPY,0.9,1.32,1.51,0.438675,-0.165033,0.2–0.5;0.7;0.9;1.1,0.0–0.4,01:00–01:30;02:30–03:30;07:00–09:30,09:00
APLD,IWM,0.9,3.35,4.36,1.484404,-2.163647,0.2–0.9;1.6–1.7,0.0–0.6,00:00;01:00–01:30;02:30–09:30,05:00;07:00
APLE,SPY,0.74,0.73,0.68,-0.699412,-0.646765,0.3;0.5–0.6;0.8;1.0,0.0–0.3,00:00–00:30;01:30;02:30–03:00,09:00
APLS,IWM,0.51,0.45,2.37,0.295992,-0.355274,0.3,0.0,,08:30–09:00
APLX,QQQ,0.91,9.51,9.24,3.720411,-5.805887,2.7,0.1,02:00;03:30,09:00
APLY,SPY,0.81,0.65,0.59,0.35678,-0.500847,0.3;0.5,0.0–0.2,04:30,07:00;09:00
APO,SPY,0.86,1.98,1.19,0.195462,-1.042017,1.4,0.0–0.1;0.4,,08:00
APOG,IWM,0.87,0.85,0.67,0.374627,-0.570149,0.5;2.7,0.0–0.1,,09:00
APP,SPY,0.89,2.77,1.99,1.774824,-0.014271,0.2–0.4;0.6–0.8;1.0,0.0–0.3,00:00–02:00;03:00–04:00;07:30–09:30,00:30;08:00;09:00
APPF,SPY,0.55,0.2,1.07,0.53271,-0.480374,0.2,0.2,,09:00
APPN,SPY,0.88,1.52,1.35,0.589926,-1.045037,0.5;1.0,0.1;0.3,,09:00
APPX,SPY,0.87,5.73,4.05,5.18637,-0.468148,2.7,0.0–0.3,02:30,09:00
APTV,IWM,0.83,0.6,1.01,0.30297,-0.475248,0.3–0.5;1.0,0.0;0.2–0.4,04:00;05:00–09:30,09:00
AQWA,IWM,0.69,0.37,0.62,1.048387,-0.255323,,,,09:00
AR,XLE,0.79,1.41,1.34,0.99709,-0.800672,0.6–0.8;1.3,0.3–0.5,,09:00
ARCB,IWM,0.75,0.76,1.12,0.063214,-0.7525,0.8,0.2;0.5,,09:00
ARCC,SPY,0.72,0.4,0.32,-0.4375,-1.3375,0.2;0.5;0.7,0.0–0.1,00:00;01:00–02:00;03:00–03:30;07:30,08:00–09:00
ARCT,QQQ,0.67,1.54,7.21,0.137614,-0.191817,0.2–0.4,0.1–0.4;0.6;1.3,01:00;04:00–05:00;06:00;07:00–09:30,07:00;09:00
ARCX,IWM,0.86,6.2,5.55,1.218018,-2.73009,2.7,0.2;0.4,00:30;04:00–04:30,09:00
ARDT,IWM,0.46,0.25,4.22,0.293839,-0.258886,0.2,,,
ARE,SPY,0.64,1.04,1.63,-0.094479,-1.856196,0.3–0.7,0.0–0.2;0.4,,09:00
ARES,SPY,0.85,1.7,0.99,1.314141,-2.078788,0.8,0.0–0.1,03:30–09:30,08:30–09:00
ARGT,SPY,0.87,1.31,2.78,0.493921,-0.276115,0.4,0.0;0.4,03:00,09:00
ARGX,QQQ,0.19,0.53,1.14,0.433509,-0.813947,0.2,0.0–0.1;0.4,03:30–09:30,09:00
ARIS,NONE,0.73,1.93,1.83,,,,,,
ARKB,IWM,0.73,1.93,1.83,1.908251,-2.080984,0.3;0.7,0.1–0.2,00:00;02:00;04:30;06:30,08:30
ARKD,NONE,0.94,1.52,1.16,,,,,,
ARKF,IWM,0.94,1.52,1.16,0.244138,-1.161379,0.6;0.8–1.0;1.2,0.0–0.1;0.3–0.4,05:30–09:30,09:00
ARKG,IWM,0.92,1.48,1.18,0.071525,-1.271186,0.2;0.5–0.8,0.0–0.1;0.3;0.6,03:00;04:30;07:00–09:30,05:30;08:00
ARKK,IWM,0.93,1.76,1.37,0.68438,-0.357664,0.2–0.4;0.6–0.7;0.9,0.0;0.2–0.5,00:00–01:00;02:00;03:00–03:30;04:30–05:00;06:00;07:00,08:00
ARKQ,SPY,0.94,2.62,1.33,1.030526,-1.006466,0.7,0.0–0.1,02:30;05:00,09:00
ARKW,QQQ,0.95,1.88,1.24,0.586129,0.062581,0.8;1.2,0.0,06:00,09:00
ARKX,QQQ,0.93,1.43,1.1,0.302455,-1.060909,0.7;0.9;1.1,0.0–0.2;0.4,00:30;04:30;06:00;07:00–09:30,09:00
ARKZ,NONE,0.9,1.26,1.27,,,,,,
ARLO,IWM,0.9,1.26,1.27,0.70126,-0.799685,1.0;1.4,0.0–0.2,02:30,09:00
ARLP,SPY,0.32,0.13,0.81,0.861235,-0.326543,0.2–0.3,0.2–0.3,,07:00;09:00
ARM,QQQ,0.89,2.14,1.59,1.277358,-0.851447,0.2–0.5;0.7–0.8,0.0–0.2;0.4–0.5,00:00–00:30;01:30;02:30–03:00;04:00;05:00–05:30;07:30–09:30,00:30;08:00;09:00
ARMG,QQQ,0.89,4.36,3.31,3.400242,-2.360483,2.7,0.0;0.3–0.4,04:30–09:30,09:00
ARMK,IWM,0.7,0.25,0.41,1.0,-1.091463,0.5;0.7,0.2;0.5,,
ARMU,SPY,0.91,6.73,3.62,7.948812,-2.196519,2.7,,,
ARMW,QQQ,0.93,3.38,3.68,,-2.285272,,,,
AROC,SPY,0.78,0.95,0.77,0.495455,-1.029221,1.3,0.3–0.4,04:00–09:30,09:00
ARQQ,IWM,0.88,3.59,3.42,1.483918,-2.888129,1.9,0.0–0.3,02:00;04:30;05:30;08:00,09:00
ARQT,IWM,0.71,0.46,2.1,0.669619,-0.230095,0.2;0.7,0.0–0.1;0.9,01:30;03:00–03:30;06:30–09:30,09:00
ARR,SPY,0.86,0.54,0.37,0.963784,-1.284324,0.2–0.3;0.6;1.0,0.0–0.1;0.3–0.4,00:00–00:30;02:30;06:30–09:30,08:00;09:00
ARTY,QQQ,0.96,1.64,1.18,0.974576,-0.944407,0.8;2.7,0.0–0.3,00:00;03:30–09:30,09:00
ARW,SPY,0.89,1.5,1.01,0.529703,-1.089109,0.7,0.2–0.3,,09:00
ARWR,IWM,0.76,1.29,1.57,-0.574331,-0.156369,0.7,0.0,05:00;06:00–09:30,09:00
ARX,IWM,0.51,0.84,1.16,0.053793,0.029655,0.7–0.8,0.0;0.2–0.4,,09:00
AS,SPY,0.81,1.72,1.7,0.592941,-0.631059,1.1;1.5,0.1–0.2,00:00,09:00
ASA,IWM,0.43,0.89,1.56,0.393846,-0.993718,0.7–0.8;1.1,0.1;0.3,,08:30–09:00
ASAN,IWM,0.91,1.69,1.39,0.540432,-0.749353,0.2;0.6;1.5;1.7;1.9,0.0–0.5,00:00;02:30;06:00;07:00–09:30,07:00
ASB,KRE,0.94,0.89,0.6,-0.2135,-0.426667,0.4–0.7,0.1–0.3;0.5,,09:00
ASC,SPY,0.17,0.2,0.86,0.4,-0.739535,0.3,0.2,,09:00
ASGI,IWM,0.55,0.16,0.29,1.655172,-3.01931,2.7,0.2,,
ASGN,IWM,0.8,0.77,1.17,0.377436,-0.22812,0.2–0.3;0.5,0.1–0.2;1.3,,09:00
ASH,IWM,0.84,0.77,0.76,0.596053,-0.513026,0.3–0.4,0.2,,09:00
ASHR,QQQ,0.66,0.93,1.18,0.421949,-0.631102,0.3,0.0,00:00;01:30,03:30;08:30
ASHS,NONE,0.88,0.8,0.7,,,,,,
ASIX,IWM,0.88,0.8,0.7,0.317143,0.042857,0.5–0.6;1.0,0.1;0.3,,09:00
ASMB,IWM,0.66,0.63,1.11,0.07027,-0.054775,2.7,0.1;0.4,,09:00
ASMG,QQQ,0.76,2.75,3.4,0.569853,-0.858088,0.2;0.5,0.0–0.3,01:30–02:00;03:00–03:30,04:30
ASML,SOXL,0.8,0.31,1.7,1.424941,-2.115706,0.3–0.5;0.8,0.5;1.6;2.2,00:00–00:30;02:00;03:00;04:30;06:00,03:00;09:00
ASND,IWM,0.01,-0.01,0.86,0.347674,-0.545,0.3,0.2,,
ASO,IWM,0.83,0.96,1.11,-0.067748,-0.375135,1.1,0.0–0.1;0.3,,09:00
ASR,IWM,0.45,0.38,0.62,0.19129,-0.095484,0.5–0.6,0.2–0.3,,09:00
ASTE,IWM,0.9,0.85,0.72,0.399306,-0.449306,0.5;1.3,0.0–0.1,,09:00
ASTH,IWM,0.63,0.5,1.22,0.430328,-0.409836,0.3;0.8,0.2,,09:00
ASTS,SPY,0.84,4.53,3.82,1.622487,-2.480628,0.2–0.3;0.5–0.7;1.0;1.2;1.5,0.0–0.2;0.4,00:00–01:30;02:30–03:00;04:00–04:30;06:30;07:30–09:30,03:30;05:00;09:00
ASTX,SPY,0.84,8.71,7.75,3.3692,-10.180361,2.7,0.0–0.2,02:30;05:30–09:30,09:00
ATAT,IWM,0.66,0.84,1.22,-0.013115,-0.118033,0.5;1.1,0.1;0.4,05:00,09:00
ATEC,SPY,0.51,0.8,2.9,0.202759,0.029655,0.2–0.4;0.6,0.2–0.3,,09:00
ATEN,SPY,0.94,1.31,0.86,0.207209,-0.431744,0.7;1.2,0.0–0.2,,09:00
ATEX,IWM,0.78,0.62,1.37,0.231241,-0.448029,0.2;0.6,0.3;0.5,,09:00
ATFV,QQQ,0.95,1.31,0.99,0.435354,-0.221515,0.5,0.0,,09:00
ATGE,SPY,0.67,0.63,1.18,0.459492,-0.663814,0.3,0.0;0.2;0.6,,09:00
ATGL,IWM,-0.23,-1.48,5.34,,-2.332547,,,,
ATI,SPY,0.89,1.34,1.38,1.382174,-0.294203,0.5;1.2,0.1–0.3,,09:00
ATKR,IWM,0.9,1.09,0.82,1.173171,-0.47122,0.6;1.0;2.7,0.1–0.3,,09:00
ATLC,SPY,0.72,0.97,1.06,0.922264,-0.188208,0.7,0.2,,09:00
ATMU,IWM,0.9,0.79,0.82,0.377073,-0.525976,0.7,0.0;0.2,,09:00
ATMV,XLF,0.16,-0.33,12.23,0.5023635,-1.818823,,,,
ATO,XLE,0.01,0.15,0.49,1.316327,-0.738776,1.6,0.2,,
ATR,IWM,0.33,0.24,0.98,0.491837,-0.557959,0.3;0.5,0.4,,09:00
ATRA,IWM,0.75,1.12,1.53,0.319216,0.585882,2.7,0.1–0.2,,09:00
ATRC,IWM,0.84,0.64,0.83,0.744578,-0.469398,0.7,0.3–0.4,,09:00
ATRO,SPY,0.87,2.09,1.84,0.39788,-2.111196,1.1;2.7,0.0–0.3,02:00;04:00,09:00
AU,GDX,0.96,1.22,2.35,0.006468,-0.753447,0.2–0.6;0.8,0.0–0.1;0.4;0.6;1.1,00:00–01:30;03:30–05:00;06:00;07:00;08:00–09:30,08:30
AUB,KRE,0.91,1.01,0.74,-0.253784,-0.448243,0.4–0.5,0.2–0.4,,
AUGO,GDX,0.9,1.13,2.22,0.434865,-0.358018,0.8;1.3,1.1,02:30,08:30
AUMI,IWM,0.58,1.5,2.0,-0.02,-0.2225,,0.2,,09:00
AUPH,IWM,0.71,0.49,1.14,0.148947,-0.022105,0.3;0.5–0.6,0.0–0.4,,09:00
AURU,SPY,0.91,6.07,4.23,2.5469150000000003,,,,,
AVA,XLE,0.02,-0.08,0.43,0.882791,-1.053023,0.8,0.5,,
AVAV,SPY,0.81,2.87,1.76,2.106591,-3.575398,2.7,0.0–0.3,00:00;03:30;05:30,09:00
AVB,IWM,0.24,0.16,0.56,0.723571,-0.188571,0.6;0.8,0.2,,09:00
AVBP,IWM,0.78,0.54,0.82,0.161707,-0.953415,1.0,0.1,,09:00
AVDL,IWM,0.41,0.27,2.7,0.464148,-0.36537,0.3,,,09:00
AVDV,QQQ,0.82,0.55,0.57,1.064035,-1.750877,0.3,0.0–0.1,,07:00
AVEM,QQQ,0.88,1.33,0.78,0.580128,-1.342436,0.3,0.0;0.4,,09:00
AVGG,IWM,0.76,2.15,5.13,0.323587,-0.525926,0.5;0.7,0.1;0.3,04:30–09:30,09:00
AVGO,SPY,0.8,2.07,2.56,0.184102,-0.689023,0.2–0.8,0.0–0.1;0.3;0.7,00:00–01:30;03:00;04:00–04:30;05:30;06:30–07:00;08:00,09:00
AVGU,SPY,0.71,4.33,5.32,0.947857,-0.641729,2.7,0.0–0.1,,08:30–09:00
AVGW,SPY,0.78,2.77,2.8,0.375679,-0.549,2.7,0.1,,09:00
AVGX,IWM,0.75,2.33,5.18,0.587973,-0.65888,0.2–0.8;1.0;1.2;1.4,0.0;0.2–0.3;0.5,00:00;02:00;03:00–04:00;05:00–07:00,02:00;05:00;07:00;08:00;09:00
AVL,SPY,0.76,3.98,5.15,0.861165,-0.508078,0.9,0.0–0.2,03:00–04:30;07:00–07:30,09:00
AVNS,SPY,0.6,0.48,1.35,0.372444,-0.572148,0.5,0.4,,
AVNT,IWM,0.87,0.92,0.96,-0.079167,-0.322917,0.6;0.8,0.0,,09:00
AVNW,SPY,0.85,1.43,1.31,1.213053,-0.565573,2.7,0.0–0.1,,09:00
AVO,SPY,0.31,0.19,0.59,1.13678,-0.609831,0.4,0.0,,09:00
AVPT,SPY,0.8,1.48,1.24,-0.032258,-0.243226,1.1;1.7–1.8,0.0–0.2,05:00,09:00
AVS,QQQ,-0.74,-1.7,2.6,0.816538,-0.072308,0.2–0.3;0.5,0.0–0.1,00:30;04:00;05:00–09:30,09:00
AVT,IWM,0.84,0.57,1.05,0.498,-0.352762,0.4–0.5,0.3,,09:00
AVTR,IWM,0.68,0.81,2.46,0.161423,-0.417358,0.2–0.3;0.5–0.6,0.1–0.3,,09:00
AVUV,IWM,0.97,0.75,0.51,0.323529,-0.151961,0.2–0.4,0.0,05:30–09:30,09:00
AVXL,IWM,0.54,0.35,6.02,0.120847,-0.13330550000000002,0.2,,,09:00
AVXX,SPY,0.88,6.99,4.68,,,,,,
AVY,SPY,0.51,0.42,0.55,1.235636,-1.249091,0.5;0.7,0.0–0.2,,09:00
AWAY,IWM,0.81,0.78,0.76,0.5131575,-1.357368,,,,
AWI,IWM,0.73,0.42,0.52,0.320385,-0.206538,0.7,0.1,,09:00
AWK,IWM,-0.25,-0.03,0.57,0.715263,-1.537368,0.5,0.2,,09:00
AWR,IWM,-0.11,0.09,0.6,1.0215,-0.548333,0.3,0.1,,09:00
AX,KRE,0.92,0.99,0.76,0.375526,0.033553,0.5,0.4,,
AXGN,SPY,0.67,0.76,1.81,0.119116,-0.230497,0.2;0.5,0.0;0.3–0.4,04:00–09:30,09:00
AXON,SPY,0.87,1.43,2.61,0.501648,-0.43,0.2–0.4,0.3,03:30–09:30,08:30–09:00
AXP,XLF,0.89,1.17,0.6,0.301667,-0.3165,0.2;0.5–0.6;1.0,0.1–0.4,00:00;03:30,09:00
AXS,XLF,0.51,0.64,0.61,1.336393,-0.500328,0.4,0.0;0.2;0.4,,
AXSM,IWM,0.45,0.17,1.14,0.252632,-0.736754,0.2,0.2,,
AXTA,IWM,0.83,0.94,0.85,0.288471,-0.547529,0.3,0.2–0.4,,
AXUP,QQQ,0.56,1.23,6.38,0.243229,-3.9527745,,,,
AYI,IWM,0.91,0.88,1.0,0.4068,-0.118,0.2;0.5–0.6,0.4,,09:00
AZN,SPY,0.16,0.12,1.11,0.812252,-0.540541,0.2;0.4,0.2,02:00;03:00,05:30
AZO,IWM,-0.17,0.0,0.61,0.819672,-1.52459,0.5,0.2–0.3;0.6,01:30–09:30,
AZTA,IWM,0.82,0.97,1.04,0.746731,-0.749135,0.8;2.7,0.0;0.2,,09:00
AZYY,SPY,0.66,0.66,0.85,,-0.596353,,,,
AZZ,SPY,0.85,0.85,1.48,0.235473,-0.821959,0.2,0.0;0.3,,09:00
B,GDX,0.95,0.73,1.79,0.209888,-0.71486,0.2–0.5,0.0–0.3;0.5–0.6;0.8;1.0;1.4;1.6–1.8,00:00–06:00;07:00–09:30,08:00
BA,SPY,0.88,0.96,0.84,0.181429,-0.292381,0.2–0.6,0.0–0.4;0.7–0.9;1.2,00:00;01:00;02:00–04:30;05:30–09:30,08:30
BABA,KWEB,0.91,1.43,2.44,0.616434,-0.800492,0.2–0.4,0.1–0.2,00:00;01:00–02:00,08:30–09:00
BABO,SPY,0.69,2.49,1.8,1.977611,-2.325667,2.7,0.1,04:30–09:30,09:00
BABW,IWM,0.83,2.11,2.51,1.598247,,,,,
BABX,IWM,0.69,4.92,4.9,3.527102,-4.018531,0.2;1.9,0.0–0.1;0.3,00:00;01:00;04:00–04:30;08:00,04:30;08:30–09:00
BAC,KRE,0.86,0.67,0.61,0.109016,-1.391967,0.3;0.5;0.7,0.0;0.3–0.4,03:30–09:30,09:00
BAC/PP,SPY,0.66,0.44,0.3,1.270667,-0.933333,0.2,0.1;0.3,,08:30
BAC/PQ,SPY,0.64,0.45,0.33,0.069697,-1.513636,1.0;2.7,0.0–0.1,04:00–09:30,09:00
BACQ,SPY,0.69,0.29,0.54,0.345,-1.0,,0.0,04:00,08:30–09:00
BAGY,IWM,0.73,1.78,1.63,1.853865,-1.410675,,0.2,,09:00
BAH,IWM,0.22,0.16,1.05,0.327238,-0.254095,0.2,0.3;0.6,,08:30
BAI,QQQ,0.97,2.21,1.4,1.652929,-1.050857,2.7,0.0–0.2,04:00–09:30,09:00
BAIG,IWM,0.83,6.68,7.64,2.109895,-1.263508,2.7,0.0–0.1;0.3,03:00;06:00–09:30,09:00
BALI,QQQ,0.97,0.61,0.39,0.213846,-2.231538,,0.0–0.1,,09:00
BALL,IWM,0.54,0.44,0.69,0.464348,-0.404058,0.3;0.8,0.1–0.2,,09:00
BAM,SPY,0.9,1.5,0.76,-0.236842,-0.085526,1.1;2.7,0.0,03:00,09:00
BANC,KRE,0.93,1.17,0.85,-0.022706,-0.445294,0.4,0.2–0.3,,09:00
BAND,IWM,0.91,1.16,1.01,0.459406,-0.722772,1.3,0.2,,09:00
BANF,KRE,0.86,0.74,0.45,0.142667,-1.733778,1.1,0.1;0.6,,09:00
BANR,KRE,0.92,0.78,0.5,0.2512,-0.4752,0.2;0.6;1.0,0.1–0.2,,09:00
BAP,SPY,0.64,0.61,0.94,0.366809,-0.565,0.5,0.3–0.4,,09:00
BAR,IWM,0.53,0.82,1.0,0.2992,-1.431,0.2–0.4,0.1–0.2;0.4,00:00;04:30,08:00;09:00
BASE,NONE,0.6,0.15,0.73,,,,,,
BATRA,IWM,0.6,0.15,0.73,0.708904,-0.85274,0.4,0.3,,09:00
BATRK,IWM,0.68,0.2,0.45,1.204444,-2.231111,0.6,0.2;0.6,,
BAX,IWM,0.55,0.35,2.0,0.397,-0.36775,0.2–0.3,0.2,,09:00
BBAR,SPY,0.72,2.44,6.39,0.579468,-0.294147,0.5;0.8,0.0;0.2,01:00;04:00,09:00
BBIO,IWM,0.76,0.38,1.3,0.766615,-0.218,0.2;0.6,0.0;0.3,04:30–09:30,08:30
BBJP,IWM,0.63,0.51,0.8,0.736,-0.679,0.7,0.2–0.3,,09:00
BBLU,SPY,0.94,0.78,0.43,0.367907,-0.787442,0.2,0.2,,09:00
BBNX,SPY,0.54,0.78,2.22,0.924595,-0.271081,0.4–0.5,0.0;0.2;0.4,,08:00;09:00
BBSI,IWM,0.72,0.34,0.46,1.688261,-0.857826,0.8,0.3,,
BBT,KRE,0.79,0.8,0.68,-0.111765,-0.526471,0.8–0.9,0.0–0.1;0.5,,
BBU,SPY,0.58,1.36,1.58,0.912911,-0.79443,2.7,0.2–0.3,02:30,09:00
BBUC,SPY,0.77,1.25,1.49,0.233221,-0.842282,0.5,0.1,,
BBVA,SPY,0.36,0.87,1.23,0.745203,-0.687398,0.2;0.4,0.1–0.2,01:30;03:00;06:00–09:30,06:00;08:00
BBW,SPY,0.84,1.55,2.6,0.446923,-0.420385,0.9,0.0–0.1;0.3,00:00;01:30,09:00
BBWI,IWM,0.74,0.58,1.14,0.186842,-0.465263,0.2–0.4;0.6–0.7,0.0–0.3,00:00;03:00,08:30
BBY,IWM,0.78,0.61,0.93,0.353118,-0.212796,0.2–0.6,0.0–0.1;0.5,,09:00
BBYY,IWM,0.81,1.07,1.73,,,,,,
BC,IWM,0.85,1.0,0.92,0.336957,-0.434783,0.3;0.6,0.1,,09:00
BCAL,XLF,0.85,1.34,0.66,2.308485,-0.592121,0.8;2.7,0.0;0.2;0.4,,09:00
BCAT,SPY,0.83,0.67,0.35,-0.314286,-0.056286,0.4,0.0–0.1,01:00;03:30;04:30–09:30,07:00;08:00;09:00
BCAX,IWM,0.7,0.86,1.38,-0.011449,-0.094348,2.7,0.2;0.5,02:30,09:00
BCC,IWM,0.56,0.53,1.12,0.129821,-0.207768,0.2,0.1–0.2,,
BCCC,IWM,0.76,1.16,1.33,0.298647,-0.609023,0.4,0.4,,09:00
BCE,IWM,0.54,0.34,0.58,0.777241,-0.745517,0.7,0.2;0.4,,09:00
BCH,SPY,0.84,0.91,0.69,0.676812,-0.070145,1.0,0.0–0.2,,09:00
BCI,IWM,0.52,0.16,0.49,0.730612,-1.943673,0.6;0.8,0.2;0.4,,09:00
BCIC,BITO,0.22,0.08,0.59,4.211525,-2.749153,,,,09:00
BCO,IWM,0.78,0.54,0.58,0.674483,-0.945517,0.3,0.0;0.2–0.3,,
BCPC,IWM,0.64,0.36,0.38,0.878947,-0.597895,0.9,0.6–0.7,,
BCS,SPY,0.68,1.14,1.27,0.290709,-0.241732,0.2–0.4,0.2–0.4,01:30;03:00–03:30;04:30;05:30;07:00,04:30
BCSF,XLF,0.69,0.42,0.42,0.400476,-0.386667,0.5,0.1;0.3–0.4,,09:00
BDC,IWM,0.94,1.0,0.85,0.494118,0.105882,0.2,0.0;0.2,,09:00
BDCI,SPY,0.87,0.1,11632.74,,,,,,
BDVG,IWM,0.49,0.14,0.36,,,,,,
BDX,IWM,0.33,0.13,0.93,0.644946,-0.446559,0.2,0.2,04:00–09:30,09:00
BE,IWM,0.89,3.8,4.79,2.383299,-0.334029,0.2–0.7;1.3,0.0;0.2–0.4;0.6,00:00;01:00–01:30;03:00–06:00;07:00;08:00–09:30,08:00
BEAM,IWM,0.75,1.27,1.76,-0.835739,-0.114375,0.2;0.5–0.6;0.8–1.0;1.7–1.8,0.0–0.1;0.3–0.4,00:00–00:30;01:30–03:30;07:30–09:30,09:00
BEGS,IWM,0.74,2.94,2.77,-0.217184,-9.4823105,,,,09:00
BEKE,SPY,0.53,1.49,1.58,0.252089,-1.728924,2.0,0.0;0.2,00:00–01:00;02:00–02:30;07:00–09:30,09:00
BELFB,SPY,0.85,1.63,0.86,0.975116,-0.692442,2.7,0.0–0.1,,
BEN,SPY,0.81,1.1,0.6,0.528333,-1.705,0.7–0.8;1.3,0.1–0.2;0.4,03:00–09:30,09:00
BEP,SPY,0.8,0.7,1.18,0.320339,0.378814,0.2;0.4–0.6,0.0–0.3,02:30,09:00
BEPC,IWM,0.85,0.76,1.07,0.300187,-0.117383,0.7–0.9,0.0;0.3,04:30–09:30,09:00
BETA,SPY,1.0,1.55,1.89,,-1.228307,,,,
BETE,IWM,0.66,3.34,2.36,,-8.314364000000001,,,,
BETH,QQQ,0.83,2.39,1.93,,-7.533005,,,,
BETR,SPY,0.59,3.01,5.68,-0.365335,-0.658732,1.0;2.7,0.1;0.4,02:00;03:30,08:30–09:00
BETZ,IWM,0.74,0.55,0.64,0.905469,-1.136719,,0.4,,
BF.A,IWM,0.34,0.19,0.74,0.448378,-0.554324,0.3,0.2,,09:00
BF.B,IWM,0.51,0.51,0.85,0.803294,-0.658588,0.4–0.6,0.0;0.2,04:30–09:30,09:00
BFAM,SPY,0.02,0.0,1.19,0.478992,-0.453782,,,,
BFC,KRE,0.93,0.73,0.49,1.259592,-0.672449,0.9;2.7,0.0–0.2,,09:00
BFH,SPY,0.89,1.23,0.86,-0.302674,-0.486395,0.8;1.0,0.3,,
BG,IWM,0.52,0.25,1.1,0.35,-0.463636,0.3–0.4,0.2;0.4,03:30–09:30,08:00
BGL,GDX,0.28,0.45,2.37,0.695992,-0.066667,0.6,0.8,03:30;04:30–09:30,09:00
BGLD,IWM,0.25,0.36,0.48,1.30375,-1.1516665,,,,
BGMS,IWM,0.26,0.0,3.16,0.300633,-0.424051,0.2,0.7,,08:30
BHF,XLF,0.77,1.14,4.63,1.6249244999999999,-0.186955,0.3,,,
BHLB,NONE,0.74,0.92,1.25,,,,,,
BHP,IWM,0.74,0.92,1.25,0.4976,-0.84896,0.2–0.4;0.6,0.1–0.3;0.8,00:00;03:00–04:30;05:30,05:00;08:30
BHRB,KRE,0.84,0.73,0.57,1.125439,-1.513684,0.7,0.2;0.4,,
BHVN,IWM,0.61,1.51,5.63,-0.019218,-0.357034,0.2–0.8,0.0–0.1;0.3–0.4;0.6,00:00;01:00;02:30;03:30;05:00–05:30;06:30–09:30,09:00
BIB,QQQ,0.76,1.23,1.04,0.952692,-0.6484615,,,,09:00
BIDU,KWEB,0.83,1.47,2.5,0.33312,-0.64128,0.2–0.6,0.0;0.2;0.5;1.1,00:00–00:30;01:30;03:00–03:30;07:30,03:00;08:00
BIGY,SPY,0.94,1.04,0.5,1.0352,,,,,
BIIB,IWM,0.31,0.24,0.82,0.706829,-0.802439,0.2,0.0–0.2,,09:00
BIL,SPY,0.15,0.03,0.01,17.09,-54.96,2.7,0.0–0.1,00:00;01:00;03:00;04:00,09:00
BILI,KWEB,0.77,1.33,2.85,0.223193,-0.77393,0.2–0.3;0.8–0.9,0.0,00:00;01:00;02:00,09:00
BILL,IWM,0.84,1.03,2.27,0.202863,-0.118414,0.2–0.4;0.6,0.0–0.1;0.4,00:00;05:30;06:30–09:30,09:00
BILS,IWM,-0.09,0.0,0.01,28.0,-31.0,2.7,0.2–0.3,,09:00
BINC,SPY,0.72,0.12,0.08,2.155,-7.425,2.7,0.0,,09:00
BIO,IWM,0.69,0.56,0.77,0.540779,-0.189091,0.6,0.2,,09:00
BIP,SPY,0.52,0.38,0.62,0.294839,-0.944516,0.2–0.3,0.0–0.2,,08:30
BIPC,IWM,0.71,0.5,0.44,1.125,-0.727273,1.2,0.2–0.3,,09:00
BIRK,IWM,0.64,0.66,0.92,0.512826,-0.517174,0.4–0.7,0.1–0.4,,08:30
BIT,QQQ,0.55,0.25,0.51,0.529412,-1.696078,0.6,0.2,,08:30
BITB,IWM,0.73,1.95,1.85,1.887838,-1.81973,0.8,0.1–0.2,00:30,08:30–09:00
BITC,IWM,0.3,0.14,0.95,1.406526,-0.438526,,,,
BITI,SPY,-0.67,-2.61,1.86,2.678978,-3.026613,0.2,0.0;0.2–0.3,00:00;02:00;04:30,09:00
BITK,IWM,0.69,1.9,2.05,0.619024,-1.612927,,,,
BITO,IWM,0.73,2.01,1.86,1.82172,-2.336129,0.2–0.4;0.7,0.1;0.3,00:00;01:30,06:00;09:00
BITQ,IWM,0.92,2.94,2.11,2.096398,-2.420758,2.7,0.1;0.3,,09:00
BITS,QQQ,0.86,3.17,2.33,3.67794,-2.220644,,,,
BITU,IWM,0.73,4.02,3.66,4.122022,-4.095027,0.4–0.5,0.1,00:00;01:00–01:30;04:30,08:30–09:00
BITX,IWM,0.78,4.0,3.71,4.024259,-4.442049,0.2–0.3;0.5–0.6,0.1–0.3,00:00;01:00;02:00;04:30,02:30;08:30–09:00
BITY,IWM,0.74,1.84,1.74,0.70046,-1.5234485,,,,
BIV,SPY,0.47,0.1,0.16,3.36875,-3.65625,1.2,0.0–0.1,,08:00
BIZD,IWM,0.76,0.35,0.31,0.712903,-2.841935,1.2,0.1–0.2,,08:30–09:00
BJ,IWM,-0.46,-0.15,1.05,0.623333,-0.917143,0.2–0.3,0.2,04:00–09:30,09:00
BJRI,IWM,0.76,0.69,2.65,0.437358,-0.221132,0.2,,,
BK,XLF,0.88,0.96,0.49,0.550204,-0.319184,0.4;0.8,0.0–0.2;0.4,03:30–09:30,09:00
BKCH,IWM,0.91,3.48,2.79,3.346237,-3.564731,2.7,0.1;0.4,,09:00
BKE,SPY,0.79,0.97,0.69,0.072754,-0.462029,2.7,0.3–0.4,,09:00
BKH,IWM,0.23,0.08,0.41,1.227317,-1.706341,0.8,0.2,,
BKIE,NONE,0.75,0.13,0.06,,,,,,
BKLN,SPY,0.75,0.13,0.06,8.166667,-8.783333,2.7,0.0–0.1,04:00;06:00–09:30,09:00
BKNG,SPY,0.58,0.33,0.53,0.350189,-1.020189,0.2,0.0,02:30–03:00,03:00;09:00
BKNU,SPY,0.42,1.18,1.93,1.047202,,,,,
BKR,XLE,0.94,1.18,0.71,0.653239,-0.656056,0.5–0.7;0.9–1.0;2.1,0.2–0.3;0.6,03:30,08:30
BKSY,IWM,0.92,3.0,3.45,0.550725,-1.544928,2.7,0.0–0.4,03:00;06:00–09:30,09:00
BKTI,SPY,0.6,1.09,3.13,0.182716,-0.238211,0.6,0.0–0.1,,09:00
BKU,KRE,0.94,1.14,0.71,0.862254,-0.281408,0.5;0.8–0.9;1.2,0.4–0.5,,09:00
BL,IWM,0.82,0.58,1.28,0.177969,-0.2275,0.6,0.2–0.3,,09:00
BLBD,IWM,0.89,0.69,0.76,-0.094605,-0.410658,0.9,0.1,03:30–09:30,09:00
BLCN,NONE,0.75,0.48,0.97,,,,,,
BLCO,IWM,0.75,0.48,0.97,0.485361,-0.383918,0.7;1.1,0.1–0.2,,09:00
BLD,SPY,0.74,0.84,0.93,0.029677,-0.917419,0.3,0.0;0.2,,09:00
BLDR,IWM,0.62,1.12,1.16,0.144483,-1.3,0.2;0.6;0.9,0.1–0.4,00:00–00:30;03:30–09:30,09:00
BLFS,IWM,0.85,0.79,0.77,0.231429,-0.746104,0.5;0.7,0.3,,09:00
BLK,XLF,0.87,1.52,0.56,0.39,-1.302143,2.7,0.0;0.2;0.5,,09:00
BLKB,IWM,0.76,0.43,0.72,0.52625,-0.482222,0.6,0.3,,
BLOK,IWM,0.93,1.9,1.48,0.637838,-2.008784,1.0,0.0,02:00;06:00–09:30,09:00
BLOX,QQQ,0.94,2.82,2.0,3.1761,0.2593,2.7,0.1;0.4,00:00;01:00;02:00;03:00–03:30;04:30;07:30,09:00
BLSG,IWM,0.65,8.42,4.99,7.156673,,,,,
BLSH,IWM,0.74,2.19,2.62,0.378321,-0.904542,0.2–0.5;0.9;1.4,0.0–0.5,00:00;01:00;02:00–02:30;04:00–04:30;07:00–09:30,08:30–09:00
BLSX,IWM,0.88,10.06,7.04,9.456335,,,,,
BLV,QQQ,0.3,0.29,0.35,0.795429,-3.290571,0.8,0.1–0.2,,09:00
BLX,XLF,0.84,1.13,0.39,0.087949,0.026154,2.7,0.2,,09:00
BMA,SPY,0.67,1.25,5.95,0.407983,-0.328571,0.4;0.9,0.0,,09:00
BMEZ,QQQ,0.67,0.28,0.5,0.636,-2.2888,,0.2,,09:00
BMI,IWM,0.84,0.86,0.76,0.876316,-0.322105,0.7,0.2–0.3,,09:00
BMNG,IWM,0.93,11.1,8.11,12.430456,-3.690506,,,,
BMNR,BITO,0.86,1.65,3.34,1.610629,-0.55,0.2–0.8;1.0;1.6,0.1;0.3–0.6;0.9–1.3;1.6;2.1;3.0,00:00–03:30;04:30–09:30,06:30;07:30–08:30
BMNU,IWM,0.94,9.62,7.06,11.756261,-5.081785,2.7,0.0–0.2,04:00;05:00;07:00–09:30,09:00
BMO,SPY,0.79,0.7,0.43,0.130233,-1.116279,0.2;0.5;1.0,0.0–0.1,,09:00
BMRN,SPY,0.35,0.41,0.58,0.643793,-0.823103,0.5;0.7–0.8,0.0–0.1,00:00;04:30–09:30,09:00
BMY,IWM,0.1,-0.02,0.53,1.170566,-0.713585,0.2–0.5;0.8,0.1–0.3,01:30;03:30;06:30;07:30,08:00;09:00
BN,SPY,0.84,1.21,0.74,-0.231216,-0.615811,0.7;0.9;1.6,0.0–0.2;0.4,03:30;07:00,09:00
BNC,IWM,0.69,2.68,3.83,1.947363,-1.306736,2.7,0.0;0.2–0.5,04:00;05:00;06:30;07:30,05:00;08:30–09:00
BND,IWM,0.32,0.07,0.15,0.238667,-2.589333,2.7,0.1–0.2,01:30;07:30–09:30,08:00–09:00
BNDW,SPY,0.49,0.11,0.12,3.991667,-2.028333,2.7,0.0,,09:00
BNDX,SPY,0.27,0.02,0.12,4.066667,-4.546667,1.5,0.0–0.1,03:00,09:00
BNKU,IWM,0.74,1.26,1.75,1.088343,0.296571,,0.1;0.4,,09:00
BNL,IWM,0.21,0.13,0.46,0.973913,-0.973261,0.5,0.2–0.3,,
BNO,SPY,0.36,0.37,1.11,0.400901,-0.42982,0.6,0.3,02:00–09:30,09:00
BNS,SPY,0.66,0.34,0.48,0.428333,-1.365833,0.5,0.0–0.1,03:30–09:30,09:00
BNTC,IWM,0.62,0.76,3.29,0.215805,-0.24693,,0.1,,09:00
BNTX,IWM,0.34,0.52,1.55,-0.094194,-0.56129,0.4–0.5,0.0;0.2,02:00–02:30;03:30;04:30;06:30;07:30–09:30,09:00
BOAT,IWM,0.55,0.45,0.67,0.532836,-0.642537,,,,
BOBP,IWM,0.88,0.68,0.61,0.558689,,,,,
BOC,IWM,0.6,0.26,0.82,0.49561,-0.321463,0.4,0.3,,09:00
BOEG,SPY,0.81,2.08,2.16,0.442407,-1.536481,2.7,0.1,,
BOEU,SPY,0.86,2.4,1.96,0.229592,-1.064286,2.7,0.0–0.1,03:00–09:30,08:00–09:00
BOIL,QQQ,0.05,-0.64,2.83,0.318304,-0.67576,0.2–0.5,0.0–0.1;0.5,00:00;01:00–03:00;04:00–08:00,02:00;06:30
BOKF,KRE,0.91,0.71,0.53,0.625094,-0.260189,1.1,0.3–0.4,,09:00
BOND,QQQ,0.19,0.03,0.17,0.980588,-5.621176,2.7,0.1,,09:00
BOOT,SPY,0.8,1.12,1.18,0.016271,-0.571864,0.5;1.2,0.1;0.4,,09:00
BOTT,SPY,0.8,3.14,1.9,2.044684,-3.2103685000000004,,,,
BOTZ,QQQ,0.91,1.2,0.92,0.393478,-0.858696,0.2;0.5–0.6,0.0;0.2,00:00–01:30;04:00;08:30–09:30,09:00
BOX,IWM,0.42,0.12,1.09,0.577982,-0.856514,0.3,0.3,,
BOXX,SPY,0.28,0.02,0.01,17.04,-71.98,2.7,0.0–0.1,02:00;04:00,08:00;09:00
BP,XLE,0.78,1.03,0.86,0.650233,-0.444186,0.2–0.3;0.6,0.1,02:30;04:00;05:00,08:30–09:00
BPAY,IWM,0.87,0.91,1.1,0.372,,,,,
BPOP,KRE,0.91,0.72,0.47,1.094468,-1.255319,0.5;0.7,0.1;0.3;0.5,,09:00
BR,XLF,0.7,0.64,0.47,-0.036596,-0.359149,0.3;0.5,0.1–0.2,,09:00
BRBI,SPY,0.62,0.98,26.45,0.141255,-0.182064,,,,
BRBR,SPY,0.22,0.22,0.66,0.234545,-0.574848,0.6;0.9,0.0–0.1,,09:00
BRCB,IWM,0.5,0.68,1.44,0.44,0.281389,,0.0–0.1,01:30,09:00
BRK.B,XLF,0.69,0.4,0.3,0.96,-0.973333,0.6;0.8–0.9,0.0–0.1;0.4,02:30;05:00,09:00
BRKC,IWM,-0.08,-0.02,0.44,0.478636,-1.9202275,,,,
BRKL,NONE,0.62,0.79,1.77,,,,,,
BRKR,IWM,0.62,0.79,1.77,-0.14548,-0.092034,0.4–0.6;1.6,0.1–0.3,,08:00;09:00
BRKU,IWM,0.08,0.1,0.58,0.537931,-0.244828,0.3–0.5,0.1–0.2,02:30–03:00;06:00–09:30,07:00
BRKW,IWM,0.12,0.15,0.43,1.522093,-2.354651,0.8,0.2–0.3,,08:30
BRO,XLF,0.13,0.31,0.53,0.414906,-0.638113,0.2;0.4;0.7,0.1,,09:00
BROS,IWM,0.86,1.29,1.18,0.390593,-0.951441,0.2–0.9;1.2–1.3,0.0–0.3;0.6–0.7,00:00–01:00;02:30–03:00;07:00;08:00–09:30,09:00
BRR,BITO,0.35,0.0,0.17,16.529412,-10.823529,2.7,,,09:00
BRRR,IWM,0.73,1.95,1.84,1.951087,-1.903804,0.9,0.2,05:00–09:30,09:00
BRSL,IWM,0.9,0.77,0.65,-0.263692,-0.324,0.7;1.1,0.1–0.2;0.6,,09:00
BRX,IWM,0.56,0.22,0.43,0.927442,-0.865581,0.5,0.2–0.3,,09:00
BRZE,IWM,0.92,1.17,2.51,0.078645,-0.104701,0.3–0.4;0.6–0.7;1.0,0.0–0.2;0.8,00:00–00:30;03:00;06:30–09:30,09:00
BRZU,SPY,0.86,2.58,1.68,2.876548,-1.749405,,0.1;0.3–0.4,,
BSAC,SPY,0.71,0.85,0.8,0.170625,-0.791875,0.3–0.4;0.7,0.0–0.1;0.3,,09:00
BSCQ,IWM,0.35,0.03,0.05,10.018,-8.17,2.7,0.1,,09:00
BSCR,SPY,0.62,0.15,0.06,9.375,-8.875,2.7,0.0–0.1,,09:00
BSCS,SPY,0.45,0.08,0.08,6.075,-6.75,,0.0–0.1,,09:00
BSCT,IWM,0.57,0.05,0.1,4.76,-4.125,2.7,0.2,,09:00
BSCU,SPY,0.6,0.2,0.13,3.492308,-4.153846,2.7,0.0,,09:00
BSJP,IWM,0.16,0.0,0.04,7.5,-23.25,2.7,0.1–0.2,,09:00
BSM,SPY,0.74,0.23,0.51,0.816078,-1.058824,0.4,0.2,02:30–09:30,09:00
BSOL,QQQ,0.9,3.49,3.39,3.351622,-4.740988,2.7,,,
BST,QQQ,0.88,0.57,0.48,1.372292,-1.257708,0.6,0.0;0.2,03:30–09:30,09:00
BSTZ,SPY,0.89,0.92,0.58,0.229655,-0.103448,1.0;2.7,0.1–0.2,04:30–09:30,09:00
BSV,SPY,0.42,0.01,0.07,6.985714,-7.761429,2.7,0.0–0.1,,09:00
BSX,IWM,0.07,0.06,0.53,0.555849,-0.670566,0.5–0.6,0.2–0.3,03:00–03:30,09:00
BSY,SPY,0.83,0.48,0.93,0.473118,-0.564731,0.4,0.0–0.1,,09:00
BTAL,QQQ,-0.84,-0.76,0.68,0.346471,-0.851176,0.5–0.6,0.1,,09:00
BTC,IWM,0.79,1.96,1.83,1.897705,-2.050929,1.5,0.1–0.2,00:00;01:30,09:00
BTCC,QQQ,0.81,1.47,1.29,0.538062,-1.900233,2.7,0.2,02:30–09:30,09:00
BTCI,IWM,0.77,1.69,1.54,1.488701,-1.585,1.1,0.0–0.2,00:00;01:30,09:00
BTCL,IWM,0.78,3.98,3.65,3.993205,-3.965479,2.7,0.1–0.2,00:00;06:30,09:00
BTCO,IWM,0.73,2.04,1.86,1.928172,-1.734409,0.3,0.0;0.2–0.3,,08:30–09:00
BTCW,IWM,0.74,1.93,1.87,3.363262,-1.947487,,0.2,,
BTDR,SPY,0.79,4.84,5.11,2.372681,-1.665832,0.7;2.1,0.0–0.3,00:00;01:00–03:30;04:30;05:30;07:30–09:30,04:00
BTF,SPY,0.74,4.15,2.15,2.380233,-4.004419,2.7,0.2,00:00;04:00;06:00–09:30,09:00
BTFX,QQQ,0.76,3.94,3.77,6.727904499999999,-0.515225,,,,09:00
BTGD,IWM,0.73,2.85,2.33,2.316309,-2.147854,2.7,0.0,05:00,09:00
BTI,SPY,-0.02,-0.19,0.92,0.743261,-0.325,0.2,0.0;0.2,02:00–03:00;04:00–04:30,09:00
BTOP,IWM,0.4,0.12,1.33,,-0.149173,,,,
BTSG,SPY,0.6,0.81,1.3,-0.094308,-0.196692,0.6–0.9,0.0–0.2,03:30–09:30,09:00
BTU,IWM,0.69,1.7,1.66,0.996988,-1.843976,1.3;1.5,0.0;0.2–0.4,02:30–03:00;06:30–09:30,09:00
BUD,SPY,-0.09,0.0,0.74,0.662162,-0.72973,0.2,0.1,03:00;04:00,07:00;08:30
BUG,SPY,0.92,1.27,0.76,0.11,-0.150526,1.0–1.1,0.0–0.1;0.5,,09:00
BUI,QQQ,0.65,0.29,0.32,1.233125,-3.23375,1.0,0.0–0.3,,
BULG,SPY,0.86,3.94,3.77,2.413793,-1.0487,2.7,0.0–0.2,04:00–09:30,09:00
BULL,SPY,0.92,2.34,1.61,1.016646,-1.187205,0.2–0.7;0.9–1.1,0.0–0.5,00:00–01:30;02:30–05:00;06:00–06:30;07:30–09:30,01:00;09:00
BULU,IWM,0.77,4.46,4.05,0.206815,-2.172741,2.7,,,09:00
BULX,IWM,0.77,3.93,4.63,4.394017,-1.292527,2.7,,,09:00
BULZ,QQQ,0.97,4.75,3.35,6.529104,-2.16791,2.7,0.0,03:00,09:00
BUR,SPY,0.8,1.39,1.12,-0.557411,-1.005089,0.3;0.6–0.9,0.1;0.3;0.5,03:30–04:00;05:00–09:30,09:00
BURL,IWM,0.75,0.45,1.28,0.246875,-0.026953,0.2–0.3,0.2,,09:00
BUSE,KRE,0.88,0.87,0.76,0.308026,-0.1225,0.3;0.5;0.7,0.0–0.1,,
BUZZ,QQQ,0.94,1.69,1.3,0.745923,-1.431077,2.7,0.4,,09:00
BV,IWM,0.81,0.47,0.51,0.508627,-0.843137,0.4,0.2,,09:00
BVN,GDX,0.96,0.99,1.88,0.109574,0.242447,0.4–0.6;0.8;1.0,0.1;1.7;3.0,04:00–09:30,09:00
BWA,IWM,0.71,0.63,0.75,0.332133,-0.8528,0.3,0.1,,09:00
BWAY,SPY,0.46,0.45,1.75,0.383714,-0.347429,0.3,0.0;0.3,,08:30
BWB,KRE,0.85,0.78,1.07,0.99028,-0.419813,1.0,0.5,,
BWFG,SPY,0.77,0.76,0.88,0.017273,-0.590909,0.3;0.5,0.1,,
BWIN,XLF,0.6,1.01,1.04,0.276346,-0.700288,,0.1–0.3;0.5,,09:00
BWLP,SPY,0.66,0.95,1.54,0.341883,-0.525325,0.3,0.1–0.2,03:00;04:00;06:30–09:30,09:00
BWMN,IWM,0.86,0.79,1.0,0.2374,0.1558,0.2;0.9,0.1,,09:00
BWX,IWM,0.24,0.04,0.28,1.791429,-1.125714,0.8,0.2–0.3,,
BWXT,SPY,0.74,1.49,1.41,0.341277,0.090142,0.6;2.7,0.0–0.2,00:00–01:30;03:00–03:30,09:00
BX,SPY,0.91,1.5,0.76,-0.243421,-1.289474,0.9–1.0;1.9,0.0;0.3,00:30–01:00;02:30;05:30,09:00
BXMT,XLF,0.59,0.42,0.58,-0.016207,-0.551724,0.4,0.0–0.1;0.5,,09:00
BXP,IWM,0.6,0.58,0.73,0.589589,-0.752603,1.1,0.1,,09:00
BXSL,SPY,0.8,0.6,0.39,0.358974,-1.030769,0.6;0.8–0.9,0.0;0.2,06:30–09:30,09:00
BYD,SPY,0.84,0.68,0.54,0.791111,-1.352593,0.4;0.6,0.1;0.4,,09:00
BYRN,SPY,0.9,1.63,2.11,1.536303,-0.980616,1.0–1.2,0.0–0.1;0.6,04:00,09:00
BZ,KWEB,0.79,0.54,1.32,0.313788,-0.75,0.4;0.7,0.1–0.2,,09:00
BZH,IWM,0.7,0.86,1.79,0.068045,-0.469162,0.2–0.3,0.2,,
C,SPY,0.92,1.0,0.57,-0.087719,-0.701754,0.2–0.5;0.7–1.0;1.2,0.0–0.4;0.8,00:00–04:00;06:00;07:00;08:00–09:30,08:30–09:00
CAAP,SPY,0.67,0.76,2.19,0.044018,-0.005297,0.2,0.2,,09:00
CABO,IWM,0.48,0.32,0.96,0.516667,-0.802083,0.3–0.4,0.3,,09:00
CACC,SPY,0.74,0.81,0.97,0.630206,-1.016289,0.5,0.0–0.1,,09:00
CACI,IWM,0.54,0.42,0.72,0.441667,-0.780556,0.4;0.7,0.6,,09:00
CADE,KRE,0.95,0.98,0.77,0.568831,-0.552727,0.2–0.3,0.2–0.3,,09:00
CAE,SPY,0.87,1.05,0.68,-0.044118,-0.732353,0.7;2.7,0.1;0.3,,09:00
CAG,IWM,0.19,0.16,0.56,0.742143,-0.387143,0.2–0.4;0.6,0.1–0.4,00:30;06:00;07:00–09:30,07:00;08:00–08:30
CAH,IWM,0.19,0.02,1.35,0.396741,-0.678222,0.2–0.3,0.3–0.4,,
CAI,SPY,0.74,1.09,1.23,1.095203,-0.189837,1.5;2.7,0.0;0.2–0.3,03:00;05:30,09:00
CAIE,SPY,0.93,1.1,0.51,0.141176,0.098039,0.4–0.5;2.7,0.0;0.2;0.4,02:30,09:00
CAKE,IWM,0.7,0.42,0.68,0.047647,-0.756471,0.4;0.6;1.0,0.0–0.2;0.5,00:00–00:30;02:00;03:00;07:00–09:30,09:00
CAL,IWM,0.8,1.36,2.03,0.346404,-0.712906,0.7,0.4,,09:00
CALF,IWM,0.92,0.53,0.45,0.893111,-1.289333,,0.2,,
CALM,IWM,0.17,0.03,1.15,0.33913,-0.266435,0.2,0.2–0.3,03:00–09:30,09:00
CALX,SPY,0.92,1.61,1.09,0.612385,-0.626147,0.5;2.7,0.0;0.3,01:30–09:30,09:00
CAMT,QQQ,0.92,2.12,2.0,1.5956,-1.028,0.2,0.0;0.2,03:00,09:00
CANE,SPY,0.37,0.51,0.93,0.114086,-0.570645,0.7,0.0–0.1,,09:00
CAR,IWM,0.64,0.55,1.3,0.714615,-0.798462,0.4;0.6,0.2;0.7,,09:00
CARG,SPY,0.86,1.23,0.78,0.997308,-1.225128,0.9,0.0;0.4,,09:00
CARL,IWM,0.25,0.29,1.74,0.306149,-0.618678,0.2,0.3,,09:00
CARR,IWM,0.8,0.82,0.86,-0.359767,-0.319535,0.3–0.5;1.1,0.2;0.4–0.5,02:30,08:30–09:00
CARS,SPY,0.79,1.17,1.9,0.066316,-0.255737,0.2,0.0–0.2;0.4,,09:00
CART,SPY,0.29,0.39,1.33,0.172481,-0.366842,0.2;0.4,0.0–0.1;0.3,00:00;07:00–09:30,08:30–09:00
CASH,KRE,0.89,0.62,0.43,1.494884,-1.58093,0.8,0.3–0.4,,
CASY,SPY,0.31,0.19,0.52,0.661346,-1.148077,0.7,0.2,,09:00
CAT,IWM,0.9,0.93,1.09,0.519908,-0.168073,0.2–0.8,0.1;0.3;0.5,00:00–00:30;01:30;02:30–03:30;06:00–07:00,09:00
CATY,KRE,0.9,0.83,0.6,0.391333,0.2915,0.8,0.0–0.1,,
CAVA,IWM,0.79,0.93,1.43,0.335245,-0.758951,0.2–0.6;0.8,0.0–0.6;0.9–1.0,00:00–00:30;01:30;02:30–03:30;07:00;08:00–09:30,07:00
CB,XLF,0.24,0.58,0.59,1.241017,-0.580339,0.4,0.0–0.1,,09:00
CBIO,IWM,0.25,0.83,1.5,0.1858,-0.3542,1.0,0.2,,09:00
CBLL,IWM,0.73,0.65,0.68,1.405882,-0.759559,2.7,0.1–0.2,02:30,09:00
CBOE,XLF,-0.05,0.03,0.49,0.493878,-0.317959,0.4–0.5,0.2,,
CBRE,SPY,0.64,0.75,0.56,0.424107,-1.919643,0.9;2.7,0.0–0.1,,09:00
CBRL,IWM,0.74,0.83,1.11,0.016036,-0.516036,0.2–0.3;0.5;0.7;1.0,0.0–0.3,00:00;04:00;06:00–09:30,09:00
CBSH,KRE,0.92,0.64,0.47,1.177872,-0.595745,0.5–0.6;0.9,0.5,,09:00
CBT,SPY,0.8,1.04,0.74,0.237838,-2.014054,0.2;0.5,0.0–0.1,,09:00
CBZ,IWM,0.31,0.2,0.68,0.870588,-0.117647,0.6,0.3,,09:00
CC,IWM,0.9,1.67,1.46,-0.464452,-0.56726,1.4–1.5,0.0–0.1;0.3,03:30–04:00,09:00
CCAP,SPY,0.48,0.19,0.5,0.9694,-0.9666,0.5–0.6,0.0,,
CCB,KRE,0.88,0.84,0.73,0.401096,-0.732603,0.6;0.9,0.2–0.3,,09:00
CCCX,SPY,0.68,1.71,3.59,2.133426,-1.826379,0.2–0.4;0.6,0.0–0.2;0.4,00:00–00:30;01:30;02:30;03:30–05:00;06:00–09:30,07:30
CCEP,IWM,-0.21,-0.06,0.62,0.468065,-0.757419,0.2,0.2,03:00;04:30,08:00;09:00
CCI,IWM,-0.28,-0.11,0.88,0.790682,-0.720568,0.2–0.3,0.3,,09:00
CCJ,SPY,0.85,2.32,2.61,0.744215,-0.869119,0.2–0.4;0.6–0.7;0.9;1.7;2.0,0.0–0.1;0.3–0.4;0.8,00:00–01:00;03:30;05:00;06:00–09:30,08:30
CCK,IWM,0.56,0.5,1.06,0.679245,-0.429245,0.3,0.2,,09:00
CCL,SPY,0.88,1.6,1.39,0.772662,-0.821583,0.2–0.9;1.3,0.0–0.2;0.4–0.5,00:00–00:30;02:00;03:00–06:00;07:00–09:30,08:30
CCOI,IWM,0.8,0.87,2.94,0.10085,-0.323061,0.3,,,09:00
CCRN,IWM,0.58,0.5,1.77,0.333333,-0.446328,0.2,0.8,,09:00
CCS,IWM,0.65,0.94,1.11,0.481261,-0.284144,1.3,0.2,,09:00
CCSI,SPY,0.89,1.47,0.87,1.555172,-0.440115,2.7,0.0;0.2;0.4,,09:00
CCUP,IWM,0.83,4.94,4.33,4.286559,-1.827575,2.7,0.0–0.1;0.3,02:30–03:00;06:30–09:30,09:00
CDLR,QQQ,0.4,0.28,1.54,0.315844,-0.403896,0.2,0.4,03:30–09:30,09:00
CDNA,IWM,0.77,0.7,1.48,0.34527,-0.157432,0.3–0.4,0.2;0.4,,09:00
CDNS,SPY,0.86,1.58,1.15,0.349391,-0.547304,0.5–0.7;1.2,0.0;0.2–0.3,00:00;03:00,09:00
CDP,SPY,0.46,0.22,0.55,0.730909,-1.145455,0.3,0.0,,
CDRE,NONE,0.64,1.14,12.96,,,,,,
CDTX,IWM,0.64,1.14,12.96,0.307932,0.010802,0.2,0.2,02:00,09:00
CDW,IWM,0.84,0.64,0.66,0.762424,-0.907273,0.6,0.2–0.3,,09:00
CDX,SPY,0.52,0.32,0.35,0.288,-0.949714,0.8,0.0–0.1,,08:00
CE,IWM,0.9,1.41,1.68,-0.321071,-0.075,0.8–0.9;1.1,0.0–0.4,04:30–09:30,07:00;09:00
CECO,SPY,0.9,1.51,2.4,0.00825,-0.265042,0.4,0.1–0.2,,09:00
CEF,IWM,0.52,0.94,1.16,0.972586,-0.973103,0.2;0.4,0.1–0.3,03:30;04:30–09:30,08:00–08:30
CEFS,SPY,0.26,0.0,0.36,1.583333,-1.5,0.5,0.1,,
CEG,IWM,0.91,1.35,1.32,1.155303,-0.683712,0.2–0.6;0.8;1.0,0.0–0.5,00:00–00:30;01:30;02:30–04:00;07:00–09:30,03:30
CEGX,IWM,0.91,2.91,2.75,1.882909,0.784691,2.7,0.0,,09:00
CELC,SPY,0.59,1.44,6.64,0.152651,-0.421145,0.2–0.3;0.6,0.0–0.3,,09:00
CELH,IWM,0.61,0.91,2.95,0.195119,-0.377153,0.2–0.5,0.0–0.1;0.3–0.6;1.1,00:00–02:00;03:30–04:30;06:00;07:00–09:30,08:00;09:00
CELT,IWM,0.74,4.09,8.04,0.36954,-1.299216,,,,
CENT,NONE,0.52,0.11,0.46,,,,,,
CENTA,IWM,0.52,0.11,0.46,1.116739,-0.908043,0.6,0.2,,
CENX,IWM,0.86,1.99,1.89,1.383757,-1.79418,0.8,0.0;0.3–0.5,03:30,08:00–08:30
CEP,BITO,0.63,0.52,2.94,0.486122,-0.7,0.2–0.3;0.5;0.9,0.1;0.4;0.8,02:30;05:30,08:30
CEPI,IWM,0.86,1.27,1.05,0.878,-0.276381,0.4;0.7,0.2,,09:00
CEPO,BITO,0.1,0.05,0.35,8.028571,-9.182857,2.7,0.2,,08:00
CEPT,SPY,0.46,0.62,1.12,0.452143,-0.017143,0.4,0.0,,09:00
CEPU,SPY,0.73,2.23,4.59,0.902636,-1.202723,0.6,0.2,,08:30
CEPV,SPY,1.0,0.64,0.31,0.367742,,,,,
CETH,NONE,0.9,0.31,2.01,,,,,,
CEVA,SOXL,0.9,0.31,2.01,0.773234,-2.404925,0.9,3.0,04:00–09:30,08:00
CF,XLE,0.75,0.59,0.66,0.269848,-0.616667,0.7,0.0;0.3,,09:00
CFG,KRE,0.91,0.91,0.7,0.122571,-0.096,0.2;0.5,0.1;0.3,,09:00
CFLT,SPY,0.87,2.11,2.5,0.06292,-0.97704,0.2–0.5;0.7;0.9;1.1,0.0–0.1;0.3–0.4,00:30;01:30–02:00;04:30–05:00;06:30–09:30,07:00;08:30–09:00
CG,SPY,0.94,2.09,1.21,0.887686,-1.455785,2.7,0.0–0.1;0.3,,09:00
CGBD,SPY,0.72,0.38,0.4,0.6135,-1.35,0.6,0.0;0.2–0.3,,09:00
CGBL,SPY,0.96,0.72,0.35,0.940571,-0.946286,0.6,0.0;0.2,,09:00
CGDV,SPY,0.96,0.86,0.42,0.262381,-0.507143,0.3;0.5;0.8,0.0–0.2,03:30;05:30;06:30–09:30,09:00
CGGR,SPY,0.98,1.45,0.68,0.7375,-0.527206,0.3–0.4,0.0–0.1,,09:00
CGIE,NONE,0.92,2.26,1.36,,,,,,
CGNX,SPY,0.92,2.26,1.36,0.452206,-0.204853,2.7,0.0–0.3,00:00;03:30;05:30–09:30,09:00
CGON,IWM,0.78,1.29,1.32,0.236288,-0.623182,0.4,0.0–0.3,,09:00
CGW,SPY,0.67,0.49,0.4,0.389,-0.99925,0.3–0.4,0.4,,09:00
CHA,IWM,0.56,0.85,1.35,0.091111,-0.342593,0.2–0.4;0.7–1.1,0.0–0.1;0.3–0.6,00:00–01:00;02:00–02:30;03:30–04:00;07:00–09:30,09:00
CHAT,SPY,0.96,2.64,1.29,2.467907,-2.242171,2.7,0.0–0.1,04:00,09:00
CHAU,QQQ,0.66,2.0,2.3,1.16087,-1.121739,1.1,0.2,01:00,01:30;09:00
CHCI,SPY,0.54,0.97,1.26,0.414365,-0.788889,,0.0,,09:00
CHCO,KRE,0.89,0.6,0.42,0.104762,-1.790476,,0.0;0.2–0.4,,09:00
CHCT,IWM,0.56,0.43,0.56,1.375714,-1.232143,0.7–0.8,0.0;0.3,,09:00
CHD,IWM,-0.58,-0.27,0.91,0.473956,-0.956703,0.2;0.4,0.2,,09:00
CHDN,IWM,0.72,0.33,0.8,0.5105,-0.54475,0.4–0.5,0.3–0.4,,09:00
CHE,SPY,-0.02,0.1,0.58,0.724138,-1.217241,0.3,0.1,,09:00
CHEF,IWM,0.26,0.1,1.14,0.410526,-0.312281,0.2;0.5,0.6,,
CHH,IWM,0.41,0.18,0.55,0.902182,-0.113818,0.4,0.2;0.5,,09:00
CHIQ,IWM,0.67,1.26,1.22,1.255738,-0.307541,0.8,0.2,,09:00
CHKP,IWM,0.52,0.28,1.25,0.42144,-0.42464,0.2,0.0,,09:00
CHOW,QQQ,0.01,0.57,3.44,0.294564,-0.159797,,0.0–0.1;0.8,,09:00
CHPX,IWM,0.85,2.65,2.81,1.052847,,2.7,,,
CHPY,QQQ,0.92,1.45,1.11,-0.409009,-0.500901,2.1;2.7,0.0;0.2–0.5,00:00–01:00;02:30;05:30–06:00;07:00–09:30,09:00
CHRD,XLE,0.96,1.52,1.05,0.630857,-1.254857,0.6;1.2,0.0;0.2;0.4,,09:00
CHRW,IWM,0.51,0.23,1.99,0.646683,-0.191005,0.2,0.5–0.6,,
CHTR,IWM,0.39,0.35,1.21,0.089669,-0.722314,0.2–0.3,0.2–0.4,,09:00
CHWY,IWM,0.45,0.36,1.63,0.292761,-0.550675,0.2–0.3,0.1–0.2;0.4;0.6,00:00;01:30;05:00;06:30–09:30,08:30–09:00
CHY,SPY,0.73,0.49,0.41,0.345122,-0.811463,0.5;0.7,0.0,,09:00
CHYM,IWM,0.83,1.23,1.32,0.336591,-0.619318,0.3–0.4;0.8;1.2,0.0–0.4;0.6,00:00;01:00–01:30;03:30;06:30–09:30,07:00;08:00;09:00
CI,IWM,-0.31,-0.12,1.5,0.4592,-0.6064,0.2–0.3,0.4,01:30,09:00
CIB,QQQ,0.82,0.63,0.64,0.666406,-0.882812,0.6;0.8;1.2,0.2;0.5,,09:00
CIBR,SPY,0.93,1.18,0.66,-0.120303,-0.357576,0.2;0.5–0.7;1.0,0.0;0.2,05:00;06:00–09:30,09:00
CIEN,SOXL,0.88,0.29,3.09,0.565987,-1.035372,0.2,3.0,02:00,03:30
CIGI,NONE,0.93,0.96,0.38,,,,,,
CII,SPY,0.93,0.96,0.38,0.867368,-0.898947,2.7,0.4,,09:00
CIM,XLF,0.7,0.59,0.74,0.151351,-0.25,0.4,0.0–0.1,,09:00
CINF,XLF,0.67,0.65,0.42,0.45,-0.705952,0.6,0.0–0.1,,09:00
CIVB,KRE,0.81,0.71,0.61,0.656721,-0.44541,0.8;1.6,0.2,,09:00
CIVI,XLE,0.95,2.33,1.43,0.425524,-3.141608,2.7,0.0;0.7,,09:00
CL,SPY,-0.53,-0.25,0.44,0.948864,-0.994318,0.2–0.5,0.0–0.2,02:00–02:30;06:00,09:00
CLB,XLE,0.93,1.52,2.44,0.79082,-0.698197,0.7;0.9;1.2,0.0–0.1;0.3,,09:00
CLBT,IWM,0.84,0.71,2.39,0.108368,-0.212552,0.2–0.5,0.0–0.2;1.3,02:00,09:00
CLDX,IWM,0.71,0.91,1.65,0.368242,-0.376121,0.4–0.5;0.7,0.0–0.4,,09:00
CLFD,NONE,0.56,0.45,1.66,,,,,,
CLH,IWM,0.56,0.45,1.66,0.515361,-0.300602,0.3,0.2,,
CLIP,QQQ,0.03,0.01,0.02,6.0,-47.165,2.7,0.1,,09:00
CLMB,IWM,0.88,0.85,0.82,0.465244,-0.165854,0.3;0.9,0.2;0.5,,
CLMT,XLE,0.82,1.15,1.32,0.459091,-1.174242,0.5,0.2,,09:00
CLOA,QQQ,-0.12,0.0,0.07,5.857143,-12.714286,2.7,0.1,,09:00
CLOU,SPY,0.95,1.32,0.7,0.676571,-0.324571,0.8;1.0,0.0–0.1;0.3–0.4,,09:00
CLOZ,QQQ,-0.2,-0.01,0.12,2.156667,-7.833333,2.7,0.2–0.3,,08:00;09:00
CLPT,IWM,0.78,1.67,6.31,-0.25038,-0.25412,0.2–0.3;0.5;0.9,0.0–0.3;0.6,00:00;03:00;05:30–06:00,09:00
CLS,QQQ,0.9,2.96,3.34,1.885389,-2.317605,0.2;0.4–0.5;0.7;0.9;1.2,0.0–0.1,00:00–01:00;02:00–03:00;07:00–09:30,03:30;09:00
CLSK,SPY,0.84,5.1,3.48,4.832184,-5.263506,0.2–0.6;1.0,0.0–0.2,00:00–00:30;02:00–05:00;06:00;07:00–08:30,07:00
CLSX,IWM,0.89,10.02,8.84,8.543281,-8.710973,2.7,0.0,04:00,04:00;08:30
CLW,SPY,0.74,0.71,0.96,0.719062,-1.551042,0.6,0.2,,09:00
CLX,SPY,-0.44,-0.34,0.45,0.677333,-0.404444,0.2–0.4,0.0–0.1,07:00–09:30,09:00
CM,SPY,0.75,0.36,0.49,0.346939,-1.087347,,0.1,,09:00
CMA,XLF,0.87,1.45,1.96,0.182908,-0.016071,0.2;0.4–0.5,0.2–0.3,,09:00
CMC,IWM,0.89,1.24,1.0,0.7728,-0.9892,0.7–0.8,0.2–0.3,,07:00
CMCL,GDX,0.73,0.81,2.05,0.834537,-0.776,0.4–0.6;0.8,0.3,04:00–09:30,09:00
CMCO,IWM,0.93,1.27,2.14,0.633879,-0.462617,0.4,0.0;0.3,,09:00
CMCSA,IWM,0.17,0.18,1.24,0.304355,-0.683226,0.2,0.2–0.3,02:30;06:00–07:00,08:00
CME,XLF,-0.16,-0.24,0.54,0.17037,-0.625926,0.5,0.2;0.4,,09:00
CMG,IWM,0.76,0.47,2.68,0.282276,-0.359067,0.2,0.6,05:00,09:00
CMI,IWM,0.94,0.94,0.89,0.108315,-0.097303,0.2–0.3;0.5;0.7–0.8,0.1,04:00–09:30,09:00
CMP,IWM,0.77,1.0,0.99,-0.989899,-0.929293,1.1;1.5,0.6,,09:00
CMPO,SPY,0.81,1.38,2.22,0.297207,-0.280721,0.4,0.1–0.2,,09:00
CMPR,IWM,0.72,0.64,0.73,-0.031781,-0.241644,0.4,0.0,,09:00
CMRE,SPY,0.6,0.39,0.68,0.321471,-0.885441,0.3,0.1–0.3,,09:00
CMS,IWM,0.04,0.16,0.44,0.998182,-0.906364,0.5,0.2–0.3,,
CNBS,IWM,0.66,0.93,2.37,1.818354,0.11071700000000001,,,,09:00
CNC,SPY,0.38,0.42,2.68,0.218881,-0.308134,0.2,0.0,07:30–09:30,09:00
CNH,IWM,0.83,0.83,1.57,0.043057,-0.250318,0.2–0.4,0.0–0.1;0.5,03:00;04:30;06:00–09:30,08:30
CNI,SPY,0.67,0.36,0.61,0.400656,-0.396721,0.4–0.5,0.0,,09:00
CNK,IWM,0.04,0.15,1.18,0.307203,-0.804237,0.3,0.2,,
CNM,IWM,0.82,0.81,2.96,-0.005372,-0.285405,0.2,0.4,,09:00
CNMD,IWM,0.62,0.56,0.88,0.697273,-0.549091,0.2,0.2,,09:00
CNNE,XLF,0.78,1.03,0.86,0.898256,-0.36814,0.4;0.7–0.8,0.0–0.2;0.5,,09:00
CNO,XLF,0.77,0.85,0.59,0.908475,-0.249153,0.4–0.5;0.7,0.2,,
CNOB,KRE,0.94,0.93,0.67,0.446866,-0.032239,0.5–0.6,0.1,,
CNP,IWM,-0.17,0.0,0.36,0.833333,-2.583333,0.8;1.0,0.3,,09:00
CNQ,XLE,0.94,1.3,0.71,0.467606,-0.704225,0.4;0.8,0.0–0.1,03:30;04:30–09:30,09:00
CNQQ,IWM,0.75,1.24,2.15,2.3906045000000002,-1.004279,,,,
CNR,SPY,0.51,0.47,1.02,-0.142451,-0.482549,0.7,0.0–0.2,,09:00
CNRG,IWM,0.94,1.76,1.51,2.626755,-1.29457,,,,
CNTA,SPY,0.72,1.32,3.22,0.049689,-0.541615,0.3;0.5,0.1,,09:00
CNX,XLE,0.83,0.8,0.79,0.711392,-0.551899,0.6;0.8,0.3,,09:00
CNXC,IWM,0.69,0.75,2.79,0.157706,-0.367384,0.4,,,09:00
CNXT,SPY,0.63,2.49,2.27,2.248238,-1.902379,,0.0–0.2;0.4,,09:00
CNYA,QQQ,0.7,1.16,1.14,0.436842,-0.865263,0.5,0.2,,09:00
COAL,IWM,0.65,1.06,1.17,0.073333,-0.904615,,,,
COCO,IWM,0.69,0.37,1.6,0.626562,-0.343563,0.3,0.5,,03:30
COEP,SPY,0.33,0.52,2.11,0.257251,-0.273365,0.3,0.0–0.2,,09:00
COF,XLF,0.92,1.43,0.85,1.334588,-0.215294,0.4;0.7;0.9–1.0,0.0–0.2;0.4,02:30;03:30–09:30,09:00
COGT,SPY,0.68,1.37,14.97,0.16181,-0.1412125,0.2,0.0,02:30–09:30,09:00
COHR,QQQ,0.91,2.97,3.8,1.327842,-1.317368,0.2–0.5;0.7;1.1,0.0–0.2,00:00–00:30;01:30;03:30;06:00;07:30,04:00;09:00
COHU,SPY,0.92,3.18,2.64,1.127273,-1.026288,1.8,0.0,,09:00
COIA,QQQ,0.91,5.9,4.3,4.607442,-3.90093,2.7,,,
COIG,IWM,0.88,4.7,3.74,1.713904,-3.168984,2.7,0.1,05:30–09:30,08:30
COII,IWM,0.83,2.08,2.06,1.379029,-1.244466,2.7,0.0–0.1,04:00–09:30,09:00
COIN,BITO,0.87,0.83,1.82,0.388791,-0.790495,0.2–0.7,0.1;0.5–0.6;1.1–1.2;2.0,00:00–05:00;06:00;07:00;08:00–09:30,04:30;07:00–07:30
COIW,IWM,0.89,2.73,2.19,1.806712,-2.103151,2.7,0.0;0.2–0.4,04:30–05:00,08:30
COKE,IWM,0.04,0.06,0.45,0.708,-0.828444,0.4;0.6,0.2,,09:00
COLB,KRE,0.94,1.04,0.75,-0.268267,-0.721067,0.3–0.5,0.0–0.2;0.5,,09:00
COLD,IWM,0.61,0.72,0.94,0.078723,-0.48383,0.5,0.2–0.3,,09:00
COLL,IWM,0.33,0.07,1.52,0.305855,-0.549605,0.2–0.3,0.4,,
COLM,IWM,0.65,0.61,1.06,0.073113,-0.959151,0.2;0.5,0.0;0.2,,09:00
COMM,SPY,0.92,3.07,1.49,0.800604,-0.603289,2.7,0.1–0.4,01:30;03:30–04:30;05:30–06:00;07:00,08:00–08:30
COMT,IWM,0.47,0.32,0.56,0.905,-0.881429,0.5,0.3,,09:00
CON,IWM,0.47,0.38,0.95,0.454737,-0.710947,0.3,0.1,,09:00
CONL,IWM,0.88,4.6,3.72,5.710215,-3.468817,0.2–0.4;0.8;1.7,0.0–0.3,00:00–00:30;02:00–03:00;04:00–05:00;06:00;07:00–07:30;08:30–09:30,02:00;07:00–07:30;08:30
COO,IWM,0.6,0.67,2.23,0.348565,-0.186637,0.2,0.2;0.4,,09:00
COOP,NONE,0.97,1.49,0.8,,,,,,
COP,XLE,0.97,1.49,0.8,1.05275,-0.71925,0.6–0.7;1.3,0.0–0.2,,09:00
COPJ,IWM,0.53,1.2,1.72,0.001163,0.30290700000000004,1.3,0.2,,09:00
COPP,IWM,0.76,1.03,1.22,-0.015984,-1.539098,2.7,0.2,,09:00
COPX,QQQ,0.75,1.57,1.44,-0.996736,-1.771042,0.6,0.3,00:00;01:30;03:00,09:00
COPY,QQQ,0.84,0.41,0.36,0.744722,-1.743333,1.4,0.1–0.2,,08:00
COR,IWM,-0.31,-0.13,0.69,0.411449,-0.992899,0.4;0.7–0.8,0.2,,
CORD,IWM,-0.85,-7.21,6.95,4.67977,-3.011295,2.7,,,
CORN,SPY,0.27,0.08,0.42,0.394286,-1.60381,0.3,0.1,04:00–09:30,08:30
CORP,SPY,0.43,0.18,0.17,2.455294,-3.357647,,0.0,,09:00
CORT,SPY,0.72,0.79,1.18,-0.067881,-0.307034,1.0,0.0;0.2–0.3,05:00–09:30,09:00
CORZ,SPY,0.79,3.08,2.34,0.80359,2.006325,0.3;1.0;1.4,0.0–0.4,02:00–03:30;04:30;07:00–09:30,09:00
CORZZ,SPY,0.84,2.96,2.33,0.972361,-1.191588,2.7,,,09:00
COST,SPY,-0.29,-0.07,0.46,1.05,-1.18913,0.2–0.4,0.1,00:00;02:30–03:00,08:30–09:00
COSW,IWM,-0.38,-0.05,0.82,2.001829,,,,,
COTG,IWM,-0.62,-0.44,1.23,0.401301,-0.737886,0.3,0.3,03:00;04:00–09:30,09:00
COUR,SPY,0.81,1.23,1.71,0.172807,-0.229474,0.2–0.3;0.5–0.6;0.9;1.1,0.0–0.2;0.8,04:00;07:00,09:00
COWG,QQQ,0.94,0.86,0.67,0.169552,-0.753433,0.2,0.1;0.3;0.5,,09:00
COWZ,IWM,0.94,0.44,0.32,0.9125,-1.50875,1.1–1.2,0.1–0.2,,09:00
COYY,QQQ,0.84,0.99,1.02,-0.013922,-0.717255,0.2–0.6;0.9;1.4,0.0;0.3–0.6,00:00–00:30;01:30–03:00;04:00–04:30;05:30–06:00;07:00;08:00–09:30,08:00
CP,IWM,0.57,0.34,0.37,0.912973,-1.100541,1.3,0.2,,09:00
CPA,SPY,0.86,0.86,0.58,1.440345,-0.291379,0.7,0.0,,09:00
CPAY,XLF,0.86,1.15,0.73,0.60411,-0.527397,,0.0;0.4,,
CPB,IWM,-0.02,0.0,0.64,1.015625,-0.59375,0.4–0.5,0.2–0.3,03:00;04:00,08:00
CPER,IWM,0.68,0.94,1.13,0.000177,-0.103009,0.2–0.3;0.5–0.6,0.1–0.2;0.4,07:30–08:00,09:00
CPK,IWM,0.05,-0.05,0.47,1.02766,-2.104255,0.4,0.3,,
CPNG,SPY,0.86,1.06,1.23,0.18065,-0.646341,0.2–0.4;0.6;0.8–0.9,0.0–0.4,02:30–04:00;05:30;06:30–09:30,08:00
CPRI,IWM,0.79,1.2,1.15,0.772174,-1.06087,0.9;1.2,0.1;0.3,03:30–04:00,09:00
CPRT,IWM,0.56,0.27,0.59,0.592373,-0.330339,0.2–0.4,0.0–0.2,00:00;02:30–03:00;04:00;06:30–09:30,09:00
CPRX,IWM,0.42,0.14,1.04,0.646538,-0.518846,0.2,0.3–0.4,03:30,08:00
CPS,IWM,0.88,0.96,1.55,-0.131871,0.106839,0.4,0.1,,09:00
CPT,IWM,0.36,0.19,0.48,1.180417,-0.936667,0.4,0.2,,09:00
CPXR,SPY,0.63,1.51,2.29,1.719214,0.449694,,,,
CQP,XLE,0.56,0.07,0.42,2.004762,-0.691667,0.7,0.2;0.8,,09:00
CQQQ,SPY,0.76,2.52,1.8,1.121111,-1.651111,2.7,0.0;0.2,01:00,09:00
CR,IWM,0.92,0.65,0.73,0.34726,-1.221233,0.5,0.1–0.2,,09:00
CRAI,IWM,0.68,0.34,0.65,0.331385,-1.221538,0.6,0.3,,
CRBG,XLF,0.85,1.24,0.72,1.135556,-0.125,0.6;0.8,0.1–0.4,,09:00
CRC,XLE,0.93,1.5,1.05,1.095238,-1.566667,1.1,0.2–0.4,,09:00
CRCA,IWM,0.82,4.85,4.14,5.451449,-2.755072,0.2–0.3;1.1,0.0–0.1;0.3–0.5,03:00–04:00;05:30–06:30;07:30–09:30,08:00
CRCD,SPY,-0.84,-8.28,5.11,1.029198,-2.921957,2.7,0.0,,08:30
CRCG,IWM,0.85,4.99,4.16,4.363702,-2.473221,0.6,0.0–0.1;0.3–0.5,01:30;03:30–04:00;05:30;07:00;08:00–09:30,06:00;09:00
CRCL,SPY,0.86,3.36,2.03,3.634286,-1.821872,0.2–0.6;0.8;1.3,0.0–0.2;0.4–0.5,00:00–01:00;02:30–04:30;06:30–09:30,03:30;08:00
CRCO,SPY,0.84,4.08,2751.63,,,,,,
CRDO,QQQ,0.9,3.91,3.1,2.257742,-3.384097,0.3;0.5–0.6;1.0;1.4,0.0–0.3,00:00–02:30;03:30–04:00;05:00;06:30;08:00,01:00;08:00
CRDU,QQQ,0.95,9.12,6.77,10.619557,-3.840945,2.7,0.0,,09:00
CRESY,SPY,0.74,1.62,2.63,1.306388,-0.337643,0.4,0.2,,09:00
CRH,SPY,0.8,1.0,1.11,0.27027,-0.495495,0.2–0.4,0.2;0.5,04:30–09:30,09:00
CRI,IWM,0.7,0.8,1.43,0.464336,-0.008392,0.4;0.7;0.9,0.0;0.2,,09:00
CRK,XLE,0.66,0.94,1.69,0.195385,-0.702367,0.3;0.8,0.0–0.1;0.3;0.7,03:30–09:30,09:00
CRL,IWM,0.83,0.67,1.37,0.399854,-0.358832,0.4,0.2,,09:00
CRM,SPY,0.73,0.66,1.3,0.247538,-0.501692,0.2–0.3,0.3–0.4;0.8,00:00;01:00–01:30;03:00;05:00;07:00;08:30–09:30,08:30
CRMD,SPY,0.44,0.75,2.31,0.415584,-0.241342,0.2–0.7,0.0–0.4,03:30;04:30–05:00;06:30–09:30,09:00
CRMG,SPY,0.78,2.05,2.62,0.010496,-0.34084,0.2;0.4–0.7,0.0–0.1;0.3,00:00;03:00–03:30;04:30;06:30;07:30–09:30,08:30
CRMT,IWM,0.81,0.83,2.44,-0.018607,-0.530164,0.2,0.5,,09:00
CRNX,IWM,0.61,0.66,2.2,-0.092818,-0.255091,0.2–0.3;0.5–0.7,0.0;0.2,05:00;06:00,09:00
CROX,IWM,0.72,0.9,1.02,0.544118,-0.348039,0.2–0.7;0.9,0.0–0.1;0.4;0.7,00:00–01:00;02:00;03:00;04:30;07:00–09:30,09:00
CRPT,IWM,0.73,1.32,1.93,1.469845,-1.227358,2.7,0.1–0.2,,09:00
CRS,SPY,0.93,1.23,1.41,0.27305,0.171631,0.4;1.0,0.0–0.2,02:30,09:00
CRSP,IWM,0.77,1.06,1.66,0.029759,-0.991205,0.2–0.8;1.1–1.2;1.5;2.7,0.0–0.3,00:00;01:00–01:30;02:30–04:00;05:00–05:30;07:30–09:30,08:00;09:00
CRTO,SPY,0.61,0.86,1.38,0.587101,-0.113768,0.4–0.5;0.8,0.0–0.3,06:00–09:30,09:00
CRUS,SOXL,0.88,0.24,0.99,1.450909,-3.852525,2.7,3.0,,
CRVL,IWM,0.48,0.17,0.62,1.090645,-1.480161,0.4,0.3,,
CRWD,SPY,0.87,1.31,1.12,0.854286,-0.388125,0.2–0.4;0.6–0.8;1.0–1.1,0.0–0.2,00:00–03:30;06:30–09:30,09:00
CRWG,QQQ,0.85,3.94,6.78,2.34941,-1.400324,0.2;0.7,0.0–0.2,00:30–01:30;02:30;03:30–04:00;05:00–09:30,06:00;07:30;09:00
CRWL,SPY,0.85,2.77,2.25,1.574889,-1.193822,2.7,0.0–0.1,03:00;06:00;07:00–09:30,09:00
CRWU,QQQ,0.86,4.34,6.79,3.011105,-0.991723,2.7,0.0–0.2,02:00;03:00;05:00;07:00–09:30,09:00
CRWV,QQQ,0.85,2.17,3.35,0.833224,-1.635343,0.2–0.7;1.2;1.6,0.0–0.3,00:00–01:30;02:30–08:00,02:30;05:00;07:00;09:00
CSCL,IWM,0.61,0.88,2.08,0.169423,-0.900192,,,,
CSCO,QQQ,0.74,0.53,0.97,0.249381,-0.579381,0.2–0.3,0.0–0.1;0.3;0.5,00:00;06:00–06:30;07:30–09:30,08:00
CSGP,IWM,0.59,0.31,1.02,0.654216,-0.42549,0.4,0.3,03:00–09:30,
CSGS,SPY,0.63,0.45,1.83,0.4863385,-0.290164,,,,
CSHI,IWM,-0.15,0.0,0.08,6.75,-3.875,2.7,0.2,,09:00
CSIQ,IWM,0.79,2.43,4.27,1.489461,-0.935972,0.5;0.9;1.6,0.0–0.2;0.4–0.5,03:00–03:30;05:00,09:00
CSL,SPY,0.68,0.79,0.8,0.16825,-0.9825,0.5;0.7,0.0–0.2,,09:00
CSQ,SPY,0.9,0.82,0.48,0.769583,-0.294167,0.3;0.7,0.0–0.2,,09:00
CSTL,IWM,0.69,0.72,0.94,0.671489,-0.534468,1.2,0.2,,09:00
CSTM,SPY,0.83,1.77,1.29,1.584651,-0.934574,2.2,0.1–0.2,,09:00
CSV,SPY,0.56,0.2,0.66,0.966667,-0.887879,0.2,0.2,,09:00
CSW,IWM,0.79,0.89,0.94,0.817021,0.112766,0.6,0.2–0.3,,04:00
CSWC,SPY,0.7,0.76,0.41,0.82439,-0.682927,0.8;2.7,0.0–0.3,00:00;06:30–09:30,09:00
CSX,SPY,0.41,0.32,0.69,1.044058,-0.947826,0.2;0.5,0.0–0.1;0.3,02:30–03:00;06:30,07:00;09:00
CTA,IWM,0.47,0.29,0.53,0.479057,-1.836792,0.6,0.3,,09:00
CTAS,IWM,-0.01,0.0,0.48,1.125,-1.9375,0.7–0.8,0.1–0.3,02:30;05:30–09:30,03:00;09:00
CTBI,KRE,0.86,0.64,0.67,0.447164,-1.140896,0.4;0.6,0.1–0.2,,
CTEV,IWM,0.62,1.19,2.75,0.830255,-0.267236,0.4,0.3–0.4,,09:00
CTGO,IWM,0.59,1.19,1.41,0.425603,0.086454,1.5;2.7,0.2–0.3,02:30,09:00
CTLP,IWM,0.61,0.1,0.25,2.048,-1.62,2.7,0.2,,
CTO,IWM,0.41,0.15,0.64,0.796094,-1.453125,0.2;0.4,0.1–0.2,,09:00
CTRA,XLE,0.93,1.19,0.65,0.433385,-0.378615,0.4–0.5;0.8–1.0,0.1–0.2;0.4;0.8,03:00–09:30,07:00
CTRE,IWM,-0.26,-0.12,0.51,0.999216,-1.288627,0.7,0.2,,08:30
CTRI,IWM,0.94,1.13,1.1,0.366727,-0.512455,0.5,0.0–0.1;0.3,,09:00
CTSH,SPY,0.78,0.65,1.38,0.268116,-0.396014,0.2–0.3,0.0–0.1;0.4,03:30,09:00
CTVA,XLE,0.63,0.33,0.75,1.162,-0.312,1.0,0.3;0.6,,09:00
CUBE,SPY,0.58,0.52,0.58,1.072414,-1.428966,0.5,0.0,,09:00
CUBI,NONE,0.84,1.42,1.45,,,,,,
CUK,SPY,0.84,1.42,1.45,0.495034,-0.485793,0.2–0.8;1.2,0.0–0.2;0.4,02:30–04:30;05:30–07:00;08:00–09:30,07:00;08:00
CURB,IWM,0.36,0.14,0.6,0.701333,-0.461667,0.3;0.5,0.2–0.3,,09:00
CURE,IWM,0.4,0.38,1.04,0.559231,-0.824808,0.3–0.4,0.2,02:00;03:30–09:30,08:00;09:00
CVBF,KRE,0.95,0.82,0.54,0.543704,-0.431852,0.5,0.2;0.5,,09:00
CVCO,IWM,0.74,0.55,1.44,0.557292,-0.136806,0.2–0.3,0.2,,09:00
CVE,XLE,0.91,1.34,1.01,0.029703,-0.545347,0.9;1.1,0.0;0.6,03:30–09:30,08:30–09:00
CVGW,SPY,0.51,0.21,0.94,0.610851,-0.623298,0.2,0.2,,09:00
CVI,XLE,0.85,1.21,1.03,0.934563,-0.735146,0.9;1.1,0.1–0.2,,09:00
CVLT,SPY,0.87,1.95,1.39,1.103957,-0.553597,0.9,0.1;0.3–0.4,,09:00
CVNA,SPY,0.91,2.28,2.1,-0.224571,-2.502667,0.2–0.3;0.5;0.8,0.0–0.2;0.6,00:00;03:30;06:30–09:30,08:30
CVNX,SPY,0.68,4.49,4.67,0.840621,-6.089786,2.7,0.0–0.2,,09:00
CVNY,SPY,0.65,1.9,1.86,0.774731,-2.137097,2.7,0.0–0.3,,09:00
CVS,SPY,-0.21,-0.19,0.98,0.941122,-0.592041,0.2–0.3;0.5,0.0;0.2,00:00,03:30;08:30–09:00
CVX,XLE,0.97,0.9,0.52,0.319231,-0.419231,0.2–0.8,0.0–0.4;0.7,02:00–02:30;05:00–09:30,02:30;03:30;08:00;09:00
CW,SPY,0.84,1.4,1.04,1.196154,-0.496154,0.5;2.7,0.0;0.3,03:30–09:30,09:00
CWAN,IWM,0.74,1.09,1.55,-0.276581,-0.262387,0.2–0.7,0.0–0.2;0.4,04:00–09:30,09:00
CWCO,IWM,0.69,0.35,0.63,1.492063,-0.509524,0.3–0.5,0.2–0.4,,09:00
CWEB,IWM,0.76,2.61,2.84,1.394542,-1.656972,2.7,0.0–0.1;0.3,00:00;07:30–09:30,09:00
CWEN,IWM,0.81,0.53,0.7,1.256429,-0.842286,0.6,0.0–0.2,,09:00
CWEN.A,IWM,0.74,0.41,0.54,1.053148,-0.406111,0.8,0.1–0.2,,09:00
CWH,IWM,0.81,1.21,1.47,-0.276735,-0.812313,0.5;0.9;1.1,0.1–0.3,,09:00
CWII,SPY,1.0,9.31,4.75,,,,,,
CWK,IWM,0.69,0.87,1.03,-0.801553,-0.183592,0.5,0.1–0.2,,09:00
CWST,IWM,0.29,0.13,0.92,0.673478,-0.712717,0.6,0.2,,
CWT,XLE,-0.2,-0.29,0.47,0.973191,-1.29234,,0.1;0.4,,
CWVX,SPY,0.85,5.48,6.86,3.293703,-2.324665,0.2;0.6,0.0–0.2,01:00;03:30–04:30;06:00–06:30;07:30,09:00
CXSE,IWM,0.74,1.09,1.34,1.127164,-0.980299,,,,09:00
CXW,IWM,0.29,0.11,1.27,0.566929,-0.322835,0.2,0.3,,09:00
CYBR,SPY,0.81,1.11,1.02,0.389314,-0.778137,0.7–0.8,0.0–0.2,,09:00
CYCC,NONE,0.83,2.27,2.41,,,,,,
CYD,SPY,0.83,2.27,2.41,1.924855,-0.590373,2.7,0.0–0.1;0.3–0.4,03:30;04:30–09:30,09:00
CYTK,QQQ,0.55,0.57,3.42,0.175819,-0.249064,0.2–0.3,0.0;0.3;0.5,03:00,09:00
CZR,IWM,0.88,1.32,1.35,0.012148,-1.469333,0.4–0.8;1.0,0.0–0.3;1.1,00:00;02:00;05:30–09:30,09:00
D,IWM,0.26,0.21,0.41,0.890488,-0.602439,0.8–0.9;1.1–1.2,0.1–0.2,,08:00
DAC,SPY,0.52,0.05,0.35,2.41,-1.294286,0.4,0.1,,
DAKT,IWM,0.88,0.9,1.98,0.354545,-0.190404,0.2–0.3,0.2,02:00,09:00
DAL,IWM,0.88,1.2,1.36,0.452941,-0.360294,0.2–0.9,0.0–0.7;1.0–1.1,00:00–00:30;01:30–02:30;03:30–04:30;05:30;06:30–09:30,07:00
DALN,NONE,0.92,0.89,0.88,,,,,,
DAN,IWM,0.92,0.89,0.88,1.087159,-0.514091,0.2;0.4;0.6;0.9,0.1–0.4,,09:00
DAPP,QQQ,0.9,3.04,2.38,3.885546,-3.202353,2.7,0.2,03:30–04:00,09:00
DAR,SPY,0.64,0.93,0.82,0.113902,-0.763415,0.8;1.1;2.7,0.4,,09:00
DASH,SPY,0.87,1.03,1.62,0.305741,-0.150556,0.2–0.5;1.0,0.0–0.4,00:00–01:00;02:00;03:00–03:30;06:00–07:00,03:30;07:00;08:30–09:00
DASX,SPY,0.88,3.9,5.39,,-15.244156,,,,
DAVA,SPY,0.86,1.96,4.53,0.504724,-0.353377,0.4–0.5;0.8–0.9,0.0–0.3,05:30,09:00
DAVE,SPY,0.85,2.49,1.89,2.582328,-1.660529,2.7,0.1–0.2,02:00,09:00
DAX,IWM,0.76,0.54,0.59,1.038305,-1.310508,0.3–0.4,0.2–0.3,02:30–09:30,09:00
DAY,IWM,0.55,0.08,3.08,0.22961,-0.361299,0.5,,,
DB,SPY,0.6,0.94,1.29,0.401705,-0.751938,0.2–0.3;0.5,0.1–0.3,00:30;03:00–03:30;04:30;05:30;06:30–09:30,08:30–09:00
DBA,SPY,0.42,0.2,0.42,0.280952,-0.942857,0.2;0.4,0.1,04:30–09:30,09:00
DBB,QQQ,0.34,0.28,0.77,0.500779,-1.060779,0.4,0.4,,09:00
DBC,IWM,0.48,0.21,0.56,0.752143,-0.780893,0.6,0.2,,
DBE,NONE,0.25,1.48,3.67,,,,,,
DBGI,SPY,0.25,1.48,3.67,0.03346,-0.284251,2.7,0.0,,09:00
DBMF,IWM,0.84,0.48,0.56,0.636429,-1.160714,0.9,0.2;0.5,,09:00
DBO,SPY,0.38,0.48,1.21,0.427769,-0.372562,0.3,0.1;0.3,,09:00
DBP,NONE,0.89,1.09,1.29,,,,,,
DBRG,IWM,0.89,1.09,1.29,-0.172713,-0.483488,0.9;2.7,0.0;0.2–0.4,04:00–09:30,09:00
DBX,SPY,0.8,0.62,1.11,0.192252,-0.408288,0.3–0.4,0.1,,09:00
DCBO,SPY,0.89,1.18,0.8,0.28475,0.975,,0.1,,09:00
DCI,IWM,0.86,0.55,0.46,0.563043,-0.245652,0.7,0.1,,09:00
DCO,IWM,0.76,0.55,0.73,1.010959,-0.841096,0.4,0.3,,09:00
DCOM,XLF,0.88,1.76,0.83,0.415904,-0.22988,1.0,0.0–0.1;0.4–0.5,,09:00
DCTH,IWM,0.75,0.58,1.78,-0.213483,-0.389101,0.2–0.3;0.5;0.7,0.0–0.2;0.5–0.6,02:30;04:00;05:00–09:30,09:00
DD,IWM,0.87,0.89,0.65,0.543692,0.182615,0.6–0.9,0.3;0.6;1.3,04:30,09:00
DDC,KWEB,-0.06,0.31,3.5,0.439514,-0.4328,0.2;0.4,0.2,,09:00
DDM,SPY,0.91,1.32,0.68,0.735882,-0.541765,0.2;0.8,0.0;0.2,03:30;05:30–09:30,09:00
DDOG,SPY,0.89,1.67,2.19,0.581324,-0.358174,0.2–0.5;0.7–0.8,0.0;0.3–0.5,00:00–00:30;02:30–03:00;06:30–09:30,08:30–09:00
DDS,IWM,0.73,0.68,1.34,-0.062687,-0.068955,0.2–0.3;0.5,0.1,,09:00
DE,IWM,0.73,0.53,0.91,0.480769,-0.09011,0.2–0.4,0.1–0.2,02:30,09:00
DEA,IWM,0.59,0.37,0.62,0.481452,-0.828387,0.6–0.7,0.2,,09:00
DEC,XLE,0.73,0.81,1.65,0.283758,-0.392182,0.2;0.4,0.1,,09:00
DECK,SPY,0.71,0.92,1.88,0.145106,-0.680638,0.2–0.4;0.7,0.0–0.3,00:00–00:30;02:00–02:30;03:30;06:00,07:00
DEI,IWM,0.88,0.62,0.71,0.690986,-0.213521,0.7,0.5,,09:00
DELL,SPY,0.94,2.25,1.78,1.120787,-1.759831,0.2–0.4;0.6–1.0,0.0–0.1;0.3,00:00–00:30;01:30–02:00;03:00;06:00;07:00;08:00–09:30,09:00
DEM,IWM,0.75,0.39,0.52,0.898462,-1.025,0.6,0.2–0.3,,09:00
DEO,SPY,0.05,-0.28,1.42,0.431268,-0.495211,0.2,0.2;0.8,04:00;05:00–09:30,09:00
DFAC,SPY,0.99,0.99,0.43,0.101395,-0.443023,0.2,0.0–0.2;0.4,04:00–09:30,09:00
DFAI,SPY,0.87,0.76,0.43,0.650233,-1.205581,0.4,0.1–0.2,,09:00
DFDV,SPY,0.7,3.87,3.87,2.776202,-1.758424,2.7,0.0–0.3,00:00;01:00;03:00–03:30;04:30;06:30;07:30,07:00;08:30
DFEN,SPY,0.92,2.66,1.49,1.312081,-0.81047,2.7,0.0;0.2,00:30;04:00,09:00
DFGX,IWM,0.24,0.0,0.19,3.210526,-4.894737,2.7,0.2,,09:00
DFH,IWM,0.67,1.28,1.46,-0.334247,-1.27726,0.6;1.4,0.2–0.3,,09:00
DFIV,SPY,0.83,0.65,0.45,0.761111,-1.165556,0.3,0.0;0.2,,09:00
DG,IWM,-0.18,0.01,0.64,0.602656,-0.595781,0.4–0.5,0.3,02:00;04:30,09:00
DGICA,XLF,0.58,0.36,0.42,1.179048,-0.485714,1.5,0.1–0.3,,09:00
DGII,IWM,0.93,0.89,2.52,0.265476,-0.33377,,,,
DGNX,QQQ,0.7,5.86,8.14,3.18231,0.438084,2.7,0.2,03:30;07:00–09:30,09:00
DGP,IWM,0.5,1.43,2.03,1.030936,-0.9079065,2.7,,,09:00
DGRO,IWM,0.87,0.39,0.26,-0.026154,-1.401538,1.0,0.2,04:30,09:00
DGRW,SPY,0.96,0.69,0.33,0.143333,-0.905152,0.9,0.0–0.1,05:00,09:00
DGS,QQQ,0.87,0.9,0.64,0.345312,-0.689062,0.5,0.2,,09:00
DGX,IWM,-0.2,0.0,0.52,0.961538,-1.826923,0.5;0.7,0.2–0.3,,09:00
DHI,IWM,0.45,0.6,1.27,0.417323,-0.519685,0.2–0.4;0.7,0.1–0.2;0.4–0.5,00:00;01:30–02:00;06:00–09:30,08:00
DHIL,XLF,0.6,0.65,0.55,0.13,-0.673182,,,,
DHR,IWM,0.58,0.41,1.11,0.646847,-0.493514,0.2–0.3,0.0,,09:00
DHS,IWM,0.68,0.23,0.22,1.743636,-1.329545,2.7,0.2,,
DHT,SPY,0.44,0.67,1.11,0.183874,-0.747748,0.5–0.6;1.6,0.1–0.4,00:00;05:30,09:00
DIA,SPY,0.91,0.62,0.34,0.507647,-1.405882,0.2–0.3;0.5,0.0;0.2,00:00;01:00;03:00;04:00,01:00;08:30
DIG,SPY,0.65,1.01,1.09,0.972936,-0.412018,,0.2,,09:00
DIME,IWM,0.18,4.34,4.58,-0.220939,-6.8412665,,,,
DIN,IWM,0.57,0.48,1.18,0.441356,-0.508136,0.3,0.1–0.2,,09:00
DINO,XLE,0.9,0.97,0.71,0.508169,-0.422535,0.5,0.0–0.2;0.4–0.5,,09:00
DIOD,IWM,0.93,1.57,1.79,-0.334749,-1.417654,2.7,0.0;0.5,02:30–09:30,09:00
DIS,IWM,0.78,0.27,0.92,0.371848,-0.39837,0.2–0.3,0.1–0.3,00:00–01:00;03:00;04:30,07:00
DISO,SPY,0.57,0.36,0.73,0.460548,-1.14411,,,,
DISV,SPY,0.63,0.7,0.53,0.786792,-1.320755,0.2,0.3,,09:00
DIV,IWM,0.8,0.29,0.24,1.1975,-1.714583,1.3,0.2,,08:00;09:00
DIVB,IWM,0.94,0.48,0.3,1.193333,-1.129333,0.7,0.2,,
DIVO,IWM,0.84,0.24,0.22,1.701818,-1.267273,2.7,0.2–0.3,,09:00
DJCO,IWM,0.77,0.64,1.0,0.8008,-0.372,0.9,0.1,,09:00
DJD,SPY,0.65,0.17,0.26,0.651538,-1.032692,0.2,0.0,,
DJIA,SPY,0.66,0.33,0.28,1.212143,-0.764643,2.7,0.0,,09:00
DJT,SPY,0.86,1.87,1.57,0.534713,-0.528471,0.2–0.7;0.9;1.1;1.5,0.0–0.5,00:00–04:00;05:00–09:30,01:00;03:00;05:30;07:00
DJTWW,QQQ,0.21,0.13,2.46,0.240732,-0.426748,0.2,,,09:00
DK,XLE,0.73,1.48,1.3,0.302769,-0.463077,1.1,0.0;0.3–0.4,,09:00
DKL,SPY,0.46,0.78,0.67,0.747761,-1.115821,1.2,0.0;0.2,,09:00
DKNG,SPY,0.77,1.28,1.36,0.092353,-0.712647,0.2–0.6;0.8;1.0–1.1;1.3,0.0–0.2;0.4–0.6;0.8,00:00–01:00;02:00;03:00–04:30;07:00–09:30,08:00
DKNX,QQQ,0.7,1.86,3.83,-0.112272,-0.643655,2.7,0.4,04:30,08:30
DKS,IWM,0.8,0.72,0.99,0.092121,-0.291717,0.2–0.3;0.5,0.0;0.4,,09:00
DKUP,IWM,0.54,2.62,3.38,0.415799,-3.850237,,,,
DLB,IWM,0.91,0.67,0.48,0.713333,-1.621458,0.8,0.0;0.2,,09:00
DLLL,SPY,0.9,4.22,3.69,2.94,-1.737995,2.7,0.0;0.2;0.4,,09:00
DLO,SPY,0.8,2.77,2.9,0.027621,-0.974,0.4;0.8,0.1;0.3,00:00–01:00;02:00;03:00–04:00;06:30;07:30–09:30,09:00
DLR,IWM,0.59,0.39,0.64,0.614219,-0.425,0.6,0.2–0.3,,09:00
DLTR,IWM,0.35,0.2,1.55,0.508387,-0.474839,0.2,0.5;1.0,03:30,09:00
DLX,IWM,0.84,0.7,1.09,0.624771,-0.415596,0.4,0.1–0.2,,09:00
DMAT,IWM,0.52,1.05,1.64,0.785061,-0.38993900000000004,0.5,,,09:00
DMLP,XLE,0.39,0.09,0.84,1.118452,-0.601905,0.4,0.8,,
DMRC,IWM,0.9,1.49,1.69,0.318935,-0.274497,2.7,0.0;0.2–0.3,,09:00
DMYY,SPY,0.45,0.8,1.77,0.19774,-0.263277,,0.0,,09:00
DNA,IWM,0.92,2.55,2.36,0.524788,-1.693856,2.7,0.0–0.4,02:00–02:30;04:00;05:30,08:30–09:00
DNLI,IWM,0.73,0.73,1.15,-0.454,-0.412348,0.6–0.7;1.2,0.0–0.3;0.6,03:00,09:00
DNOW,SPY,0.77,0.87,1.38,0.17442,-0.396377,0.2;0.4,0.0;0.3,,09:00
DNTH,IWM,0.62,0.86,1.37,0.29854,0.104526,0.8;1.2;2.7,0.2–0.5,,09:00
DOC,IWM,0.55,0.49,0.49,0.601429,-0.638367,0.9–1.0,0.1–0.3;0.6,04:00–09:30,09:00
DOCN,SPY,0.91,2.45,2.62,0.983015,-0.756107,0.4–0.5;0.9;1.1,0.0–0.2,00:00–01:00;05:30,08:00
DOCS,SPY,0.79,1.32,1.7,0.318118,0.179294,0.5;0.9,0.0–0.3,00:00;06:00;07:00–09:30,09:00
DOCU,SPY,0.89,1.17,1.23,0.132033,-0.439024,0.2–0.4;0.7;0.9,0.0–0.4,00:00–01:00;02:30,09:00
DOG,QQQ,-0.85,-0.44,0.34,1.023529,-2.661176,0.3–0.4;1.0,0.0–0.3,02:00;05:00–09:30,08:00–08:30
DOGD,SPY,0.82,4.41,4.25,3.669882,-1.236612,2.7,0.1,,09:00
DOJE,IWM,0.58,3.6,3.93,2.694656,-1.93486,2.7,0.0;0.4,,09:00
DOLE,IWM,0.5,0.27,1.43,0.335664,-0.62014,0.3,0.2;0.5–0.6,,09:00
DOMO,QQQ,0.9,2.14,2.8,0.461857,-0.179357,0.6;1.3,0.0–0.1;0.5,,09:00
DORM,IWM,0.62,0.42,0.77,0.949091,-0.461299,0.3,0.5,,
DOV,IWM,0.88,0.7,0.65,0.749231,-0.301538,0.3,0.1;0.4,02:30–09:30,09:00
DOW,IWM,0.81,0.91,1.31,-0.127557,-0.408092,0.2–0.5,0.0;0.2;0.4;0.7;0.9–1.0,00:00–00:30;02:00–04:00;05:30–06:00;07:00;08:00–09:30,07:00;08:30–09:00
DOX,IWM,0.6,0.1,0.45,1.22,-1.015556,0.8;1.2,0.2,,
DPST,IWM,0.88,2.05,1.64,0.098476,-1.160061,2.2;2.7,0.0;0.2;0.5,01:00;03:30;04:30;06:00;07:00–09:30,09:00
DPZ,IWM,-0.03,0.0,0.44,0.681818,-2.113636,0.7,0.2–0.3,,09:00
DQ,IWM,0.75,1.93,2.49,0.518835,-2.173815,2.7,0.0–0.1;0.6,03:00–03:30;05:30–06:00,09:00
DRAG,NONE,0.52,0.75,1.74,,,,,,
DRAY,SPY,0.52,0.75,1.74,-0.422414,-0.5510055,,,,09:00
DRD,GDX,0.92,1.5,2.88,1.048611,-0.473958,0.5;0.8,0.0–0.1;1.0,04:00;05:00–09:30,09:00
DRGN,SPY,0.71,2.83,2.42,1.532645,-3.332769,2.7,0.0;0.2,,09:00
DRI,SPY,0.55,0.32,0.99,0.365657,-0.652525,0.2,0.2,02:30–09:30,09:00
DRIV,SPY,0.91,2.23,1.12,1.508214,-0.024196,2.7,0.4,04:00–09:30,09:00
DRKY,IWM,0.63,0.62,0.93,2.104086,,,,,
DRNZ,QQQ,0.76,1.44,2.05,0.203512,,,,,
DRS,SPY,0.81,0.95,0.7,0.151429,-0.535714,0.5;2.7,0.0–0.2,,09:00
DRUG,IWM,0.35,0.29,1.21,0.282479,-0.691322,0.6,0.1,,
DRV,QQQ,-0.44,-0.64,0.97,0.413196,-2.188454,0.4;0.7–0.8,0.0–0.2,00:30;05:30,09:00
DRVN,IWM,0.55,0.51,0.63,0.515873,-0.685079,0.4,0.1;0.5,,
DSGX,SPY,0.81,1.02,0.5,-0.0816,-1.13,1.6,0.0–0.1,,09:00
DSL,QQQ,0.67,0.25,0.27,0.888889,-3.638889,,0.1,,08:30
DSP,SPY,0.85,1.46,2.18,0.127339,-0.242385,0.5,0.1,03:00–09:30,09:00
DSU,SPY,0.72,0.38,0.28,0.687143,-1.149286,0.6,0.0,,09:00
DT,IWM,0.85,0.62,0.64,0.236875,-0.037188,0.7–0.8,0.0;0.3,01:00;03:00;04:00–09:30,09:00
DTCR,IWM,0.91,1.06,0.94,0.341915,-0.228298,0.8;2.7,0.3;0.6,04:30–09:30,09:00
DTE,IWM,0.39,0.24,0.39,1.337436,-0.708718,1.4,0.2,,09:00
DTM,XLE,0.71,0.76,0.55,0.237818,-0.657455,1.9;2.7,0.0–0.1,,09:00
DUK,XLE,0.01,-0.01,0.37,0.91027,-0.607838,1.5,0.1;0.3,,09:00
DUOL,SPY,0.84,0.93,3.4,0.226353,-0.324735,0.2–0.4,0.1;0.3;0.5,00:00–00:30;01:30;03:30;07:00–09:30,09:00
DUSL,QQQ,0.9,1.48,1.29,1.099845,-1.631318,,,,
DUST,SPY,-0.4,-1.77,3.65,1.962712,-1.856411,0.2–0.5;0.8–1.0,0.0–0.3,00:00–02:00;03:00–03:30;05:00–05:30;08:00,08:30
DV,IWM,0.81,0.76,3.74,0.093476,-0.175936,0.2,,03:30,09:00
DVA,IWM,0.28,0.0,0.52,1.038462,-1.25,0.5,0.2,,
DVAX,IWM,0.46,0.14,1.13,0.455044,-0.409381,0.2,0.4,,09:00
DVN,XLE,0.95,1.67,0.95,-0.073158,-0.337474,0.4;0.7;1.0,0.0;0.2;0.4–0.5,01:00;04:00,09:00
DVY,IWM,0.9,0.34,0.28,1.170714,-0.925,1.3,0.1–0.2,,09:00
DVYE,SPY,0.86,0.9,0.56,0.644643,-0.748214,0.4,0.4,,09:00
DX,SPY,0.83,0.63,0.37,0.50973,-1.516216,0.6–0.9;1.1,0.0–0.2;0.4,00:00–01:30;02:30;07:30–09:30,08:00;09:00
DXC,IWM,0.94,1.11,1.26,0.363095,-0.484286,0.2–0.6,0.1–0.2;0.7,,09:00
DXCM,SPY,0.54,0.85,1.86,0.296505,-0.146774,0.2–0.4,0.0–0.1;0.5,01:00;05:00–09:30,09:00
DXD,QQQ,-0.84,-0.89,0.67,0.38791,-0.647015,0.2–0.4;0.6,0.2,02:30;04:00;05:00–09:30,08:30
DXJ,IWM,0.51,0.64,0.78,0.496923,-0.668205,0.4,0.1,,09:00
DXPE,IWM,0.77,0.58,1.61,0.10559,-0.271429,0.3,0.3,03:00,09:00
DXYZ,SPY,0.75,3.18,2.92,2.584932,-0.847329,2.1;2.7,0.0–0.3,00:00–00:30;01:30–02:30;03:30,04:30;09:00
DY,IWM,0.86,1.11,1.66,0.314699,-0.115241,0.3;0.5,0.0;0.2,,09:00
DYN,SPY,0.44,1.19,4.73,0.458351,-0.173975,0.2–0.4,0.0–0.3,,09:00
DYNF,SPY,0.99,1.04,0.45,0.157333,0.176889,0.3;0.5–0.6,0.1–0.3,,09:00
DYNX,NONE,0.85,0.94,0.82,,,,,,
E,XLE,0.85,0.94,0.82,0.38561,-0.54,0.5;0.7;0.9,0.2,03:00–09:30,08:30
EA,SPY,0.27,0.01,0.79,0.62038,-0.683544,0.2–0.3,0.2,01:30,09:00
EAT,SPY,0.4,0.47,1.48,0.60723,-0.80527,0.2–0.3,0.2–0.4,,07:00
EBAY,IWM,0.57,0.23,1.86,0.361129,-0.42828,0.2;0.4,0.3,,09:00
EBC,KRE,0.9,0.86,0.64,0.600312,-0.635,0.3–0.6,0.0;0.2–0.3;0.5,,08:30–09:00
EBND,SPY,0.75,0.25,0.25,1.99,-2.29,0.3,0.0,,09:00
ECAT,SPY,0.81,0.58,0.4,0.1935,-0.7295,0.2;0.4;0.8,0.2–0.3,,09:00
ECG,SPY,0.95,2.48,2.03,0.082562,-1.061084,1.4,0.0;0.4,,09:00
ECH,IWM,0.76,0.82,0.71,0.019437,-0.509577,0.3;0.5–0.6,0.1–0.2,,08:30–09:00
ECL,IWM,0.5,0.36,0.36,1.101111,-0.948889,1.2,0.2,,09:00
ECNS,SPY,0.65,1.13,1.33,0.726842,-1.599323,0.4;1.0,0.1,02:30–09:30,09:00
ECO,SPY,0.55,0.73,1.69,0.350355,-0.279645,0.2–0.3,0.0–0.1,04:00;05:00–09:30,08:00;09:00
ECPG,XLF,0.82,1.22,2.16,0.7475,-0.438241,0.6,0.0,,09:00
ED,IWM,-0.28,0.0,0.56,0.964286,-0.553571,0.5,0.2–0.3,,09:00
EDC,SPY,0.88,4.82,2.35,3.933872,-4.914809,2.7,0.0,04:00–09:30,09:00
EDIV,QQQ,0.74,0.71,0.48,1.564167,-1.728333,0.5,0.1;0.4,,09:00
EDN,SPY,0.72,1.85,4.64,1.255172,-0.139332,0.8,0.0;0.3,,09:00
EDU,SPY,0.38,0.46,1.5,0.228267,-0.5552,0.2;0.4,0.1,01:00;03:30,09:00
EDV,SPY,0.2,0.31,0.64,0.297031,-0.540781,0.2,0.0–0.1;0.3,04:00–05:00;06:00–09:30,07:30
EE,XLE,0.78,0.79,1.29,0.025581,-0.512636,0.4,0.1,,09:00
EEFT,XLF,0.74,1.06,0.54,1.37,-0.437037,0.8,0.1–0.4,,09:00
EEM,QQQ,0.88,1.32,0.78,0.197436,-1.020513,0.2;0.4,0.0;0.8,02:30,08:30–09:00
EETH,IWM,0.76,3.36,2.63,4.928517,-2.88289,2.7,0.0–0.2,00:00,09:00
EFA,SPY,0.86,0.88,0.47,0.251915,-0.754894,0.7,0.3,04:30;05:30,07:30;09:00
EFAS,IWM,0.21,0.07,0.53,0.86283,-1.035472,,0.2;0.5,,
EFC,SPY,0.74,0.5,0.33,0.318182,-2.060606,0.9;1.1,0.0–0.1,00:00–01:30;04:30,09:00
EFIV,SPY,0.98,0.93,0.42,0.436667,-0.2,2.7,0.0,00:30–01:00,09:00
EFSC,KRE,0.94,0.76,0.49,0.812245,-0.821224,0.4,0.0,,
EFV,SPY,0.76,0.46,0.44,0.517727,-1.139545,0.4,0.1–0.2,02:00,09:00
EFX,XLF,0.7,1.39,1.22,0.507541,-0.446803,0.5,0.0–0.2,,09:00
EG,XLF,0.37,0.88,0.85,0.582118,-0.811765,0.6,0.0,,09:00
EGBN,KRE,0.93,1.12,1.42,0.194648,-0.36,0.7,0.5,,09:00
EGGY,QQQ,0.91,1.46,1.16,0.422241,0.118448,2.7,0.1,,09:00
EGO,GDX,0.98,0.97,1.81,0.142541,-0.367238,0.2–0.4;0.6–0.7,0.5;0.9;1.7;3.0,03:00–03:30;05:00;06:30–09:30,09:00
EGP,IWM,0.64,0.38,0.58,0.721379,-0.417931,0.4,0.3,,09:00
EH,IWM,0.82,1.74,1.99,0.623417,-1.354774,0.3–0.5;1.0–1.3;1.7,0.0–0.4;0.6,00:00;01:00–02:30;07:30–09:30,09:00
EHC,SPY,0.37,0.26,1.28,0.428281,-0.525,0.4,0.4,,
EIC,IWM,0.57,0.42,0.54,0.641111,-1.597778,0.6,0.2,,09:00
EIDO,SPY,0.54,0.94,1.04,0.520192,-0.721154,0.2–0.3,0.1–0.2,01:30,09:00
EIS,QQQ,0.57,0.48,0.94,0.566809,-0.602979,0.6,0.2,,09:00
EIX,IWM,0.48,0.39,0.64,0.182344,-0.193437,0.3–0.4;0.8,0.2–0.3,03:30,08:30–09:00
EL,IWM,0.73,1.0,1.4,0.164286,-0.421429,0.2–0.9,0.0–0.1;0.3–0.5,00:00–01:00;02:00;05:30;07:00;08:00–09:30,08:30–09:00
ELAN,IWM,0.86,0.55,1.12,0.210714,-0.452232,0.3–0.5,0.0;0.2–0.3,,09:00
ELF,SPY,0.93,2.35,3.32,0.326205,-0.458434,0.2–0.7;1.0–1.1,0.0;0.3–0.4,00:30;01:30;03:00;04:00;06:30–09:30,08:30–09:00
ELFY,IWM,0.93,0.7,0.63,0.646032,-0.528571,0.7,0.2,,
ELIL,IWM,0.47,0.54,1.84,0.587065,-0.399783,0.2–0.4;0.6,0.0–0.2;0.5,04:00;05:30,09:00
ELIS,SPY,-0.01,-0.32,1.33,0.753383,-3.214737,,,,
ELMD,IWM,0.81,0.92,2.38,0.014286,-0.21916,0.4,0.2,,09:00
ELME,SPY,0.27,0.07,0.39,1.08641,-1.264359,,0.1,,09:00
ELON,NONE,0.14,0.11,0.52,,,,,,
ELS,IWM,0.14,0.11,0.52,1.037115,-1.336731,0.9,0.2,,
ELTX,IWM,0.31,1.02,2.09,1.116746,0.246603,2.7,0.2,,09:00
ELV,IWM,0.3,0.22,1.17,0.354359,-0.680171,0.2,0.2,03:00–04:00,09:00
ELVN,IWM,0.72,0.77,0.94,-0.271702,0.403723,2.7,0.1;0.3,,09:00
ELVR,IWM,0.48,1.48,3.03,1.074191,-0.976766,1.6;2.7,0.2–0.3,,09:00
EMB,SPY,0.74,0.3,0.21,1.195238,-2.828571,1.6,0.0–0.1,,09:00
EMBJ,IWM,0.57,0.77,0.97,0.720309,-0.067423,0.2;1.1,0.0;0.2,05:00–09:30,09:00
EME,IWM,0.88,0.98,2.13,-0.006385,-0.151737,0.2–0.3,0.0;0.2–0.3,,09:00
EMLC,SPY,0.83,0.28,0.23,0.96,-2.822609,1.1,0.0,,09:00
EMN,IWM,0.86,1.25,0.97,-0.376289,-0.899485,0.5,0.0,03:00–09:30,09:00
EMQQ,SPY,0.83,1.74,0.89,0.686966,-0.946742,,0.0–0.1,,09:00
EMR,IWM,0.91,0.89,1.09,0.346697,-0.428624,0.3;0.5,0.2;0.5,03:00;04:00–09:30,09:00
EMXC,SPY,0.89,1.41,0.76,0.601579,-0.641447,0.3,0.1,,09:00
ENB,SPY,0.45,0.16,0.31,1.627097,-1.654194,0.3;0.6,0.0–0.1,02:00–02:30;06:00,09:00
ENLT,SPY,0.64,2.07,2.05,1.925707,-1.305659,2.7,0.4,,09:00
ENOV,IWM,0.82,1.01,1.23,0.399675,-0.447886,0.7,0.0–0.2,,09:00
ENPH,IWM,0.8,1.47,2.21,0.188959,-0.934344,0.2–0.9;1.1,0.0–0.2;0.4–0.7,00:00–02:30;04:00;05:00–05:30;06:30;07:30–09:30,08:00;09:00
ENPX,IWM,0.8,1.88,5.02,0.363745,-1.128845,,,,09:00
ENR,IWM,0.47,0.29,0.58,0.905,-0.975172,0.4–0.6,0.1–0.2,,09:00
ENS,IWM,0.94,1.01,1.0,-0.0802,0.04,0.4;0.7;2.7,0.1–0.2,,09:00
ENSG,IWM,0.23,0.03,0.36,0.825,-1.060556,1.0,0.2–0.3,,09:00
ENTG,SOXL,0.92,0.4,1.84,0.583696,-1.990217,1.2,2.3,,09:00
ENVA,XLF,0.86,1.49,0.97,0.623299,0.075155,0.6;2.7,0.1,,
ENVX,IWM,0.91,2.34,2.95,0.751593,-0.328814,0.3;0.7–0.8;1.0;1.2;1.5;1.7;1.9,0.0–0.1;0.3–0.4,00:00–01:00;04:00;07:00;08:00–09:30,09:00
EOG,XLE,0.96,1.24,0.71,-0.009577,0.39493,0.8,0.0;0.2;0.4;0.6,,09:00
EOS,SPY,0.9,0.63,0.53,0.252642,-0.433208,0.3;0.7,0.0,,09:00
EPAM,SPY,0.84,1.28,1.09,0.570275,-0.395963,0.5;1.1,0.1–0.4,,09:00
EPC,IWM,0.36,0.27,0.74,1.338649,0.168784,0.2;0.4,0.2,,09:00
EPD,XLE,0.82,0.32,0.33,-0.275152,-1.808485,2.7,0.2–0.3;0.5,00:30,09:00
EPHE,IWM,0.27,0.4,0.95,0.353684,-0.806316,0.5,0.3;0.5,,09:00
EPI,SPY,0.53,0.49,0.59,1.02678,-0.908475,0.4,0.2,,09:00
EPOL,QQQ,0.64,0.89,1.1,0.598636,-0.872818,0.5–0.6;0.8,0.2,04:00–09:30,09:00
EPR,IWM,0.38,0.22,0.42,0.687619,-0.635714,0.7;1.0,0.2,,09:00
EPRT,IWM,0.33,0.34,0.48,0.760417,-0.285833,0.4;0.6,0.2,,09:00
EPSM,IWM,0.11,0.23,10.0,0.18108,-0.11666,0.2,,,
EPV,IWM,-0.78,-1.1,1.06,0.425472,-0.716981,,0.2,,09:00
EQH,XLF,0.91,1.32,0.66,0.56303,-0.539394,0.7;1.4,0.0–0.1;0.3,,09:00
EQIX,IWM,0.5,0.29,0.49,0.842857,-1.634694,0.8–0.9,0.2–0.3,,
EQNR,XLE,0.89,1.65,1.16,-0.074138,-0.821552,0.9,0.1,04:00;05:00–09:30,09:00
EQR,IWM,0.36,0.29,0.54,1.031111,-0.528333,0.5,0.2,,09:00
EQT,XLE,0.76,0.9,0.89,0.474157,-0.37191,0.3;0.5–0.6,0.1–0.4,,09:00
ERIE,XLF,0.44,0.31,0.42,0.9,-0.489524,0.5,0.0,,
ERII,IWM,0.85,0.91,1.54,-0.002013,-0.023506,0.2–0.3,0.0;0.2,,09:00
ERJ,NONE,0.77,0.64,2.04,,,,,,
ERO,GDX,0.77,0.64,2.04,0.777255,-0.384706,0.2;0.4;0.7,0.3;3.0,05:00;06:00–09:30,09:00
ERX,SPY,0.55,0.56,0.98,0.4,-0.553878,0.2;0.6,0.3,04:00–09:30,09:00
ERY,IWM,-0.48,-0.44,0.96,0.558333,-0.26,0.2–0.4,0.6,,09:00
ES,XLE,0.13,0.0,0.78,0.961538,-0.666667,0.7–0.8,0.6,,09:00
ESAB,IWM,0.69,0.78,0.83,1.017108,-0.446265,0.4;0.7,0.1,,09:00
ESCA,IWM,0.69,0.74,1.79,2.612123,0.6672065,,,,
ESE,SPY,0.86,1.23,0.73,0.531781,-0.753562,0.5;0.7;2.7,0.0,,09:00
ESEA,IWM,0.63,0.26,0.7,1.252857,-1.032571,0.2,0.2,,09:00
ESGD,SPY,0.84,0.83,0.48,0.243125,-0.868125,0.2,0.2–0.3,,09:00
ESGE,QQQ,0.86,1.3,0.79,0.63038,-0.853165,0.3,0.0;0.4,02:00–09:30,09:00
ESGU,SPY,1.0,1.0,0.47,-0.042553,-0.06383,,,,09:00
ESGV,SPY,0.99,1.21,0.52,0.306154,-0.081538,0.2,0.2,01:30–09:30,09:00
ESI,IWM,0.91,0.82,0.88,0.368636,-0.287045,0.2;0.4;0.6,0.0–0.2;0.5,03:30–09:30,09:00
ESK,IWM,0.8,3.52,3.02,1.688344,-1.206093,,,,
ESLT,SPY,0.6,0.83,1.28,0.283672,-0.66375,0.5,0.0;0.3,03:00–09:30,09:00
ESNT,XLF,0.73,0.76,0.86,0.271163,-0.46093,0.3,0.0–0.1,,
ESOA,SPY,0.91,1.45,0.99,1.729798,0.025758,2.7,0.0–0.1;0.3,,09:00
ESP,SPY,0.39,0.59,1.38,0.366449,-0.361739,0.2,0.2–0.3,,09:00
ESPO,SPY,0.83,1.46,0.75,0.556533,-1.180533,0.5,0.1,,09:00
ESQ,KRE,0.85,0.64,0.61,1.007213,-0.931148,2.7,0.3,,
ESS,IWM,0.28,0.14,0.49,1.520816,-0.640816,0.4;0.9,0.2,,
ESTA,IWM,0.85,1.06,1.37,0.636934,-0.599124,0.4;0.8,0.1,,09:00
ESTC,SPY,0.91,1.63,2.08,0.414327,-0.763269,0.3;0.7;1.0,0.0–0.1,00:00,08:30
ET,XLE,0.7,0.29,0.33,0.430909,-1.227879,1.4,0.0;0.2–0.3,00:30,09:00
ETCO,IWM,0.77,3.3,2.18,2.54633,-4.362385,2.7,,,09:00
ETD,SPY,0.79,0.8,1.14,0.007018,-0.847368,0.3–0.4,0.0;0.2–0.3,,09:00
ETH,IWM,0.76,3.26,2.62,4.833893,-2.427099,0.2;0.5,0.0–0.3,00:00;01:30;04:00;05:00;07:30,05:30;08:00;09:00
ETHA,IWM,0.76,3.33,2.63,4.832814,-2.500418,0.2–0.5;0.8;1.0–1.1,0.0–0.1;0.3;0.5,00:00;01:30;03:30–04:00;05:00;07:00–08:00,07:30
ETHE,IWM,0.75,3.29,2.62,4.879466,-2.564733,0.2–0.4;1.3,0.0–0.1;0.3,00:00;01:30;04:00;07:00,08:00
ETHI,IWM,0.88,6.67,4.83,6.971781,-4.693188,2.7,,,09:00
ETHM,BITO,0.31,0.03,0.54,3.849259,-3.407407,1.2,0.6,04:30;06:00,08:30–09:00
ETHT,IWM,0.76,6.53,5.22,10.048352,-6.113582,0.8–0.9,0.3,00:00;04:00;07:00–07:30,07:30–08:00
ETHU,IWM,0.76,6.54,5.28,9.924697,-5.723258,0.2–0.3;0.6–0.7;0.9,0.0–0.1;0.3;0.5,00:00–01:30;03:30–04:30;07:00;08:00,07:30–08:00
ETHV,IWM,0.76,3.27,2.64,4.775189,-2.330152,2.7,0.1,02:30,09:00
ETHW,QQQ,0.75,3.21,2.62,4.995573,-2.323206,2.7,0.0–0.1,00:00;07:30,08:00;09:00
ETN,SPY,0.92,1.78,1.27,-0.016693,-0.034331,0.4;1.0,0.0;0.2–0.3,00:30;02:30–03:00;06:30–09:30,09:00
ETON,IWM,0.81,0.82,0.63,0.730794,-0.876508,2.7,0.0;0.4,,09:00
ETOR,SPY,0.84,2.15,1.4,0.073571,-2.437143,2.7,0.0–0.3,01:30;06:00,09:00
ETR,IWM,0.49,0.27,0.5,0.9744,-0.5554,1.2,0.2,01:30;03:00–09:30,09:00
ETRL,IWM,0.63,1.71,3.34,3.0837125,,,,,
ETSY,IWM,0.77,1.03,1.44,-0.115417,-0.694514,0.2–0.3;0.5;0.9–1.0,0.0;0.2–0.3,00:00;01:00;02:30;03:30;07:00–09:30,03:30;09:00
ETTY,IWM,0.88,3.51,3.01,0.071595,-2.251877,,,,
ETU,QQQ,0.75,6.5,5.23,10.326004,-5.231358,2.7,0.0–0.2,01:00;07:00,09:00
EUAD,SPY,0.39,0.92,1.05,0.587429,-0.965714,2.7,0.0,01:00,09:00
EUFN,IWM,0.53,0.36,0.6,0.718667,-0.264667,0.6;0.8,0.2,,08:00;09:00
EUO,IWM,-0.29,-0.3,0.57,1.538596,-1.668421,0.2,0.1,,09:00
EURL,QQQ,0.76,1.58,1.48,0.91973,-1.166757,0.7,0.0;0.3;0.5,,08:30
EVAV,NONE,0.79,0.9,1.22,,,,,,
EVER,IWM,0.79,0.9,1.22,-0.040164,-0.122951,1.1,0.1–0.2,,09:00
EVR,SPY,0.95,1.97,1.35,-0.149037,-0.761852,0.9,0.0;0.4,,09:00
EVRG,IWM,0.17,0.08,0.36,0.955556,-1.218889,0.8,0.2,,09:00
EVSM,SPY,-0.14,0.0,0.09,1.333333,-2.777778,,0.0,,
EVTR,SPY,0.44,0.1,0.16,1.95625,-3.4,,0.1,,
EVX,IWM,0.81,0.45,0.45,2.321111,-1.077778,,,,
EW,QQQ,-0.14,0.0,0.73,1.0,-1.287671,0.3,0.2,,09:00
EWA,IWM,0.77,0.87,0.67,0.41791,-1.13,0.5;0.7,0.0–0.2,04:00–09:30,09:00
EWBC,KRE,0.9,0.89,0.7,0.333143,-0.602857,0.6,0.3;0.5,,09:00
EWC,IWM,0.87,0.55,0.45,0.927778,-0.444444,0.7,0.2,,09:00
EWG,IWM,0.76,0.61,0.6,0.768167,-0.6185,0.3,0.0;0.2,04:30,08:30–09:00
EWH,SPY,0.66,1.15,0.84,0.645833,-0.585119,0.2,0.2;0.4,02:30,08:30
EWI,IWM,0.68,0.56,0.65,0.579077,-0.106462,0.3,0.2,,09:00
EWJ,SPY,0.61,0.72,0.82,0.492195,-0.492195,0.2–0.3,0.1,00:30;03:00,04:00
EWJV,IWM,0.54,0.38,0.74,1.091081,-0.859189,0.2,0.0;0.4,,09:00
EWL,SPY,0.46,0.4,0.55,0.945455,-1.247273,0.2,0.1–0.2,,
EWM,SPY,0.58,0.56,0.56,0.669286,-0.72,0.3,0.1,,09:00
EWP,SPY,0.56,0.63,0.67,0.655373,-0.415821,0.2,0.2,,09:00
EWQ,SPY,0.6,0.71,0.65,0.583077,-0.671077,0.6,0.4,,
EWS,IWM,0.75,0.45,0.66,0.660606,-0.829545,0.2,0.2,,09:00
EWT,IWM,0.86,0.89,1.01,0.402475,-0.254158,0.2–0.3;0.6,0.1,05:30–09:30,08:30–09:00
EWTX,IWM,0.57,0.43,0.95,0.386211,-0.280421,0.7;1.0–1.1,0.0–0.1;0.3,,09:00
EWU,SPY,0.69,0.46,0.5,0.542,-1.2344,0.4,0.0,,09:00
EWV,QQQ,-0.55,-1.36,1.65,2.574303,-2.363394,,,,
EWW,SPY,0.9,0.68,0.47,0.37617,-0.043404,0.3;0.7,0.1–0.3,04:30–09:30,09:00
EWY,SPY,0.9,3.23,1.61,5.061739,-2.87795,2.7,0.0–0.1,05:30–06:00,08:30
EWZ,SPY,0.82,1.01,0.83,0.359398,-0.179157,0.4–0.5,0.0;0.2;0.6,00:30;07:00–09:30,08:00;09:00
EWZS,SPY,0.84,1.14,0.9,0.978444,-0.145556,2.7,0.1,,09:00
EXAS,IWM,0.57,0.65,0.96,0.258333,-0.085938,0.3–0.4;0.7,0.0;0.2–0.4,01:00;05:30,08:30–09:00
EXC,IWM,-0.25,-0.08,0.52,0.547692,-1.720769,0.2;0.7,0.3–0.4,03:00,08:30–09:00
EXE,XLE,0.78,0.77,0.78,0.497949,-0.598205,0.5,0.1–0.4,03:00–09:30,09:00
EXEL,IWM,0.47,0.31,1.48,0.385338,-0.467095,0.2–0.3,0.2–0.3,,09:00
EXLS,IWM,0.55,0.25,0.79,0.629747,-0.727848,0.3–0.4,0.2,,09:00
EXOD,SPY,0.69,1.78,2.06,0.347961,-0.907282,2.7,0.0–0.3,03:00,09:00
EXP,IWM,0.85,0.93,0.89,0.219775,-1.014494,0.3,0.2,,09:00
EXPD,IWM,0.54,0.17,0.9,0.612667,-0.573,0.2,0.2,,09:00
EXPE,IWM,0.74,0.48,1.66,0.459759,-0.513976,0.3–0.5;0.7,0.4,,09:00
EXPI,IWM,0.89,1.16,1.71,0.032749,-0.482807,0.3–0.5;0.7;0.9,0.0–0.1,,09:00
EXPO,IWM,0.67,0.44,0.41,0.73561,-0.441951,0.7,0.2–0.3,,
EXR,IWM,0.34,0.23,0.67,0.46597,-0.471194,0.4,0.2,,
EXTR,SPY,0.93,1.86,1.72,0.863372,-0.296163,1.3;2.7,0.0–0.1;0.3,,09:00
EYE,IWM,0.82,0.89,1.35,0.235926,-0.591333,0.3;1.0,0.0;0.2–0.3,,09:00
EZA,SPY,0.78,1.29,1.38,1.465942,-0.888406,0.3,0.3,,09:00
EZBC,IWM,0.77,2.01,1.83,2.016339,-2.090929,,0.2–0.3,,
EZET,IWM,0.76,3.3,2.62,4.99542,-2.384351,1.0,0.0–0.2,00:00;02:30;04:30,09:00
EZJ,IWM,0.61,0.86,1.78,0.530787,,,,,09:00
EZPW,XLF,0.86,1.5,0.75,1.86,-0.42,1.4,0.2–0.3,,09:00
EZPZ,IWM,0.69,2.13,2.05,1.708634,-2.295683,,,,
EZU,IWM,0.83,0.69,0.54,0.741667,-0.344074,1.1,0.2,03:00–09:30,09:00
F,IWM,0.69,0.57,0.69,0.50087,-0.484638,0.2–0.5;0.8,0.0–0.4;0.6,00:00–02:00;03:00–05:00;07:00–09:30,08:00
FA,IWM,0.87,1.01,1.44,-0.205278,-0.486667,0.4,0.2,,09:00
FAF,XLF,0.69,1.2,0.58,0.427586,-0.286207,1.2;2.7,0.5,,
FALN,SPY,0.87,0.27,0.15,3.152,-4.177333,2.0,0.1,,
FAN,SPY,0.8,0.99,0.81,0.225926,-0.490864,0.3;0.5,0.2;0.4,,09:00
FANG,XLE,0.96,1.66,0.89,1.299551,0.155506,0.8;1.3;1.5,0.0;0.2,,09:00
FAS,IWM,0.88,1.27,0.94,0.490638,-0.512872,0.2;0.7–0.8,0.0–0.1;0.3;0.5,00:00;03:30;07:00–09:30,08:30
FAST,IWM,0.5,0.21,0.74,0.879324,-0.144595,0.3–0.4,0.2–0.3,,08:30–09:00
FBCG,SPY,0.98,1.57,0.79,1.313165,-1.062278,0.4;0.8,0.0,,09:00
FBIN,IWM,0.73,0.74,1.2,0.5365,-0.4775,0.5–0.6,0.0–0.2,,09:00
FBK,KRE,0.89,0.81,0.65,1.041231,-0.245846,0.8,0.1;0.4–0.5,,09:00
FBL,SPY,0.89,3.09,3.13,1.556038,-1.996134,0.2–0.4;0.7–0.8;1.1–1.2;1.4,0.0–0.2;0.4,00:00–00:30;01:30–02:00;03:00–05:00;06:00;08:00,09:00
FBNC,KRE,0.9,0.85,0.53,0.833962,-0.922642,0.6,0.2;0.4–0.6,,09:00
FBND,SPY,0.5,0.18,0.15,1.025333,-1.866667,,0.0,,09:00
FBP,KRE,0.84,0.71,0.65,0.759231,-0.953231,0.7,0.1–0.3,,09:00
FBRT,SPY,0.6,0.22,0.38,0.764737,-0.553158,0.7,0.0–0.1,03:30–09:30,09:00
FBTC,IWM,0.73,1.96,1.83,1.908415,-2.07235,0.3;0.5–0.6,0.1–0.3,00:00–00:30;01:30,08:30–09:00
FBY,SPY,0.86,1.16,1.27,0.181417,-0.689134,0.2–0.4;0.6,0.3–0.4,05:30–09:30,09:00
FBYY,QQQ,0.71,0.47,2.44,,,,,,
FCF,NONE,0.49,0.11,0.68,,,,,,
FCFS,IWM,0.49,0.11,0.68,1.135735,-0.636471,0.2;0.4,0.2,,
FCG,IWM,0.61,0.43,0.72,0.590556,-0.561944,0.5;0.9,0.1;0.3,,09:00
FCN,IWM,-0.15,0.0,0.58,0.862069,-1.637931,0.3;0.9,0.2,,
FCNCA,XLF,0.81,0.99,0.6,0.144667,-0.150667,0.5;1.0,0.1–0.2;0.4,,09:00
FCPT,IWM,-0.08,0.1,0.45,1.302222,-0.728889,0.5;0.8,0.3,,
FCRS.U,QQQ,0.25,0.0,0.51,0.666667,-1.843137,,,,09:00
FCX,IWM,0.81,1.6,1.87,0.791444,-0.845989,0.2–0.6,0.0;1.1,00:00–00:30;01:30–04:30;05:30–06:00;07:30–09:30,08:00–09:00
FDD,SPY,0.64,0.41,0.55,0.578727,-0.815818,0.5,0.2,,09:00
FDIG,IWM,0.91,2.67,1.95,1.230872,-3.355436,2.1,0.3,,09:00
FDL,IWM,0.51,0.22,0.25,1.6424,-1.5344,1.6,0.2,,09:00
FDN,SPY,0.97,1.31,0.7,1.006429,-1.452429,0.6,0.3,,09:00
FDP,IWM,-0.11,0.0,0.54,1.0,-1.722222,0.5,0.2,,
FDS,XLF,0.67,0.8,0.55,0.163636,-0.141818,,0.0–0.3,,09:00
FDUS,XLF,0.4,0.22,0.34,0.711176,-0.640588,0.6;0.9,0.1–0.3,,09:00
FDVV,SPY,0.94,0.65,0.28,0.085714,-1.108929,0.6–0.8,0.0–0.2,00:00;03:00–03:30,09:00
FDX,SPY,0.71,0.75,0.69,0.438406,-0.57971,0.2–0.4;0.8,0.0;0.2–0.4,00:00;02:30,09:00
FE,IWM,0.06,0.09,0.39,1.242821,-0.808205,1.3,0.2–0.3,,08:30
FEAT,SPY,0.96,2.41,1.07,1.382056,-3.049065,2.7,0.1,,09:00
FEIM,IWM,0.89,1.88,2.27,0.465374,-0.487577,1.6,0.0–0.3,05:00–09:30,09:00
FELE,IWM,0.77,0.53,0.83,0.73759,-1.255542,0.3;0.5,0.1,,09:00
FELG,SPY,0.99,1.41,0.63,1.028254,-0.446349,,0.0,,09:00
FENI,QQQ,0.89,0.77,0.54,0.300556,-1.440556,0.8,0.0;0.4,,09:00
FENY,IWM,0.55,0.29,0.51,0.97549,-0.735686,0.5,0.2,,09:00
FEPI,QQQ,0.96,0.96,0.64,0.0825,-0.025,0.3;0.5,0.1–0.2;0.9,05:00,09:00
FER,SPY,0.48,0.3,0.92,0.442391,-0.761957,0.2,0.0–0.1;0.3,03:00–09:30,09:00
FERG,SPY,0.71,0.68,1.52,0.281053,-0.364211,0.2–0.3;0.6,0.1–0.2,03:30–09:30,09:00
FET,XLE,0.86,0.96,0.97,0.050309,-0.043711,0.7,0.1–0.2,,09:00
FETH,IWM,0.76,3.35,2.63,4.964449,-2.529658,2.7,0.1;0.3,02:30;07:30,09:00
FEZ,SPY,0.82,0.74,0.57,0.396491,-0.739649,0.6–0.8,0.2,,09:00
FFBC,KRE,0.91,0.84,0.57,1.010526,-0.289123,0.6–0.7,0.2;0.4;1.1,,09:00
FFIC,NONE,0.87,0.85,0.57,,,,,,
FFIN,KRE,0.87,0.85,0.57,0.223684,-1.492982,0.2;0.8,0.0–0.1,,09:00
FFIV,SPY,0.74,0.79,1.4,0.307714,-0.374429,0.4,0.2,,09:00
FFTY,SPY,0.95,2.81,1.42,2.334085,-2.178099,2.5,0.0–0.1,,09:00
FGDL,IWM,0.44,0.88,1.01,0.859802,-1.182178,,0.0;0.2,,08:00
FGF,NONE,0.45,0.98,5.28,,,,,,
FGNX,SPY,0.45,0.98,5.28,0.500985,-0.234735,0.3–0.5;0.8;1.0–1.1;2.7,0.0;0.3;0.7,03:00;04:30–05:00;06:30–09:30,09:00
FHB,KRE,0.92,0.8,0.63,0.31746,-0.466667,0.5–0.6,0.3–0.4,,09:00
FHI,XLF,0.86,0.99,0.53,0.717358,-0.307736,,0.2–0.4,,09:00
FHLC,IWM,0.57,0.16,0.31,1.876129,-1.376774,0.7,0.2,,09:00
FHN,KRE,0.92,1.0,0.78,0.269231,0.141026,0.3;0.5–0.6,0.1,,09:00
FI,NONE,0.91,0.94,0.67,,,,,,
FIBK,KRE,0.91,0.94,0.67,0.526269,-0.356716,0.4;0.7,0.3,,
FICO,XLF,0.61,1.11,2.38,0.29937,-0.524454,0.2,0.2,,09:00
FIG,SPY,0.82,3.21,3.08,1.960844,-1.901266,0.2–0.8;1.6,0.0–0.3,00:00–01:00;02:00–04:30;06:30–09:30,02:30;07:00;08:30
FIGG,IWM,0.95,4.52,3.77,0.634058,-1.868011,2.7,,,
FIGR,IWM,0.89,2.81,2.51,1.250239,-1.028805,2.7,0.0–0.3,00:00–00:30;04:00;07:30–09:30,09:00
FIHL,XLF,0.54,0.57,0.63,0.556508,-1.204444,0.6;1.0,0.1–0.3,,09:00
FINX,IWM,0.94,1.19,0.88,1.308409,-0.634659,0.3;1.3,0.2,,09:00
FIS,XLF,0.52,0.41,1.03,0.414757,-0.259903,0.3,0.2;0.5,,09:00
FISI,KRE,0.84,0.82,0.92,0.861522,-0.41913,0.2,0.4,,09:00
FITB,XLF,0.88,1.26,0.67,0.251343,-0.11194,0.6–0.7;0.9;2.7,0.0–0.3,,09:00
FITE,IWM,0.95,1.29,1.03,1.012087,-0.1238835,,,,09:00
FIVE,IWM,0.75,1.03,1.42,0.024014,-0.821901,0.5;0.7,0.0;0.3,02:30–09:30,09:00
FIVN,SPY,0.9,2.19,1.25,-0.6452,0.21624,2.1;2.7,0.0–0.1,,09:00
FIVY,IWM,0.89,1.43,1.26,0.603095,-2.475635,,,,
FIW,IWM,0.94,0.47,0.37,1.108108,-1.098649,2.7,0.2,,09:00
FIX,IWM,0.93,1.62,2.31,0.57013,-0.791169,0.4,0.1;0.4,,09:00
FIZZ,IWM,-0.13,-0.02,0.42,1.263333,-2.374286,1.0,0.2,,
FL,NONE,0.82,1.13,0.85,,,,,,
FLBR,SPY,0.82,1.13,0.85,0.351765,-0.663176,0.4,0.0,01:00–09:30,09:00
FLCH,SPY,0.7,1.42,1.12,0.919464,-0.89375,2.7,0.1–0.2,,09:00
FLEX,QQQ,0.94,1.47,1.68,-0.09506,0.19006,0.3;0.8,0.0–0.3,03:30,09:00
FLG,KRE,0.92,1.19,0.83,0.418675,-0.564819,0.7–0.8;1.3–1.4,0.1;0.3–0.4,,08:30
FLGC,SPY,0.36,2.33,9.47,0.931595,-1.2775025,,0.0,,09:00
FLGT,IWM,0.57,0.5,1.15,0.286957,-0.86087,0.3,0.4,,09:00
FLIN,QQQ,0.44,0.46,0.58,0.895517,-1.657931,1.1,0.3,02:00,09:00
FLJH,IWM,0.58,0.54,0.96,0.823125,-0.894167,,,,09:00
FLJP,SPY,0.59,0.58,0.77,0.462597,-0.452208,0.2,0.2–0.3,,09:00
FLKR,SPY,0.92,3.11,1.56,5.229423,-2.63641,2.7,0.0,00:00,09:00
FLMX,NONE,0.5,0.1,0.62,,,,,,
FLNG,SPY,0.5,0.1,0.62,0.733871,-0.809677,0.3,0.1,03:00–09:30,07:30;09:00
FLO,IWM,0.17,0.16,0.81,0.422716,-0.453333,0.2–0.3,0.1–0.3,,09:00
FLOC,XLE,0.79,1.06,1.12,2.218929,-0.78375,0.8,0.1,,09:00
FLOT,SPY,0.48,0.04,0.02,24.5,-27.78,2.7,0.0–0.1,,09:00
FLR,SPY,0.87,2.17,1.51,0.461523,-2.201126,2.3;2.7,0.0–0.2;0.4,00:30;01:30;03:30–04:00;06:30,08:00–09:00
FLRN,SPY,0.42,0.06,0.02,8.71,-24.52,2.7,0.0–0.1,,09:00
FLRT,SPY,0.5,0.08,0.06,2.406667,-11.92,2.7,0.0,,09:00
FLS,SPY,0.94,1.52,1.45,0.404138,-0.324966,0.3;0.7,0.0–0.1;0.3,,09:00
FLTR,QQQ,-0.05,0.0,0.03,4.0,-31.333333,2.7,0.1,,09:00
FLTW,SPY,0.86,1.39,1.03,0.98534,-0.506699,0.2,0.3,,09:00
FLUT,IWM,0.51,0.5,1.27,0.46063,-0.425197,0.2–0.3,0.2–0.3,01:30;04:00,09:00
FLXS,SPY,0.54,0.18,3.48,0.3950285,-0.202586,,,,
FLY,QQQ,0.71,0.79,4.28,0.533575,-0.328224,0.2,0.0;0.2–0.5,00:00;02:00;03:30–04:30;07:00–09:30,08:30
FLYT,IWM,0.96,7.29,12.4,,,,,,
FLYW,XLF,0.69,0.85,1.29,0.452326,-0.313566,0.3–0.5,0.0–0.3,,09:00
FMC,IWM,0.87,1.19,3.16,0.062373,-0.457437,0.2–0.3;0.5;0.7,0.2;0.4,00:00;03:00;06:00,09:00
FMNB,KRE,0.87,0.69,0.6,0.336,-1.502833,1.0,0.4,,
FMS,IWM,0.28,0.18,1.59,0.220377,-0.601887,0.2,0.2;0.6,04:00–09:30,07:30;08:30–09:00
FMX,IWM,0.49,0.3,0.72,0.925,-0.259722,0.4,0.1;0.3,,09:00
FN,QQQ,0.92,2.72,2.4,1.297,-0.9765,2.7,0.0,,08:30–09:00
FNB,KRE,0.96,0.88,0.67,0.330149,-0.119403,0.2–0.3;0.5,0.3–0.4,,09:00
FNCL,IWM,0.9,0.46,0.31,1.310968,-1.22129,1.0;1.4,0.2,,
FND,IWM,0.72,0.86,1.44,0.331944,-0.299028,0.5–0.7,0.1;0.3,,09:00
FNDA,IWM,0.99,0.79,0.53,0.717547,-0.163019,0.3;0.5,0.0;0.3,,09:00
FNDE,SPY,0.86,1.12,0.65,0.921231,-0.814154,0.5,0.1,,09:00
FNDF,SPY,0.89,0.8,0.49,-0.02449,-0.942857,0.4;1.0,0.1–0.2,,09:00
FNDX,SPY,0.94,0.75,0.31,0.790323,-0.903226,1.1,0.0–0.1,,08:30
FNF,XLF,0.63,0.97,0.81,0.444444,-0.219012,0.3;0.5;0.7,0.1–0.3,,09:00
FNGG,QQQ,0.98,2.4,1.63,1.503067,-1.602454,,0.4,,
FNGO,QQQ,0.93,2.53,1.7,2.510353,-1.474059,,0.1,,09:00
FNGS,SPY,0.96,1.7,0.85,1.584706,-0.829412,0.6;2.7,0.2,03:30,08:30
FNGU,QQQ,0.98,3.43,2.27,2.923877,-2.282952,0.2;0.4–0.7;0.9;1.3;1.9,0.0–0.3,00:00–00:30;01:30–03:00;04:00–04:30;06:30–07:00;08:00–08:30,02:00;07:00;08:30
FNV,GDX,0.96,0.65,1.28,0.724219,-0.614453,0.4–0.6,3.0,04:00;05:30–09:30,08:30
FOA,SPY,0.84,1.46,1.15,0.694957,-1.062609,1.7;2.7,0.3,,09:00
FOFO,QQQ,-0.11,0.01,9.03,,,,,,
FORD,IWM,0.7,3.46,12.27,0.360456,-0.665053,0.9–1.0;2.7,0.0–0.1,02:30;07:00–09:30,08:00;09:00
FORM,SPY,0.9,3.1,2.84,1.454225,-1.520423,2.7,0.1;0.3,04:00–09:30,09:00
FOUR,SPY,0.82,1.17,1.23,0.103659,-0.52252,0.2;0.4;0.6–1.0,0.0–0.3,00:00–01:00;02:30;07:00–09:30,02:30;09:00
FOX,SPY,0.59,0.09,0.9,0.881444,-0.648,0.8,0.2,,
FOXA,IWM,0.71,0.33,0.9,0.828333,-0.798667,0.4–0.6;0.8,0.2,,09:00
FOXF,IWM,0.78,0.98,3.05,0.00577,-0.184852,0.2,,,09:00
FPI,IWM,0.6,0.32,0.45,1.520889,-0.584,0.8,0.4,,09:00
FPX,SPY,0.97,2.01,0.95,0.701579,-3.557579,0.6,0.1,,
FR,IWM,0.83,0.52,0.53,0.901132,-0.34566,0.8,0.2,,09:00
FRGE,SPY,0.76,1.97,8.4,0.09569,-0.29881,0.5,0.3,,07:30;09:00
FRHC,SPY,0.78,0.94,1.01,0.868515,-0.11604,0.9,0.1,04:00–09:30,09:00
FRME,KRE,0.94,0.92,0.55,0.158545,-0.453091,0.4–0.5,0.1–0.3,,
FRMI,IWM,0.75,3.4,4.06,2.092611,-0.074384,2.7,0.0–0.1;0.3–0.4,05:00,08:00
FRO,SPY,0.43,0.78,1.72,0.331512,-0.975465,0.2–0.3;0.5,0.0–0.1,02:30–04:00;07:00–09:30,08:30
FROG,QQQ,0.84,1.02,2.57,-0.027704,-0.285914,0.2;0.4,0.0–0.2,03:30,09:00
FRPT,IWM,0.34,0.39,1.63,0.152945,-0.573558,0.2–0.3,0.2–0.3,,09:00
FRSH,SPY,0.91,1.78,0.96,-0.78125,-0.124792,1.1;2.7,0.0–0.1;0.6,01:30;05:00–09:30,09:00
FRT,IWM,0.42,0.2,0.53,1.483019,0.056604,0.3,0.2,,
FSK,SPY,0.85,0.68,0.55,-0.150545,-1.023273,0.4;0.7–0.9,0.0–0.2,03:30;04:30,09:00
FSLR,IWM,0.79,1.28,1.77,-0.244972,-0.186215,0.2–0.6;1.2,0.1–0.3;0.5,00:00–01:00;02:00–03:30;05:00;07:00,03:30;09:00
FSS,SPY,0.83,1.04,0.68,0.674706,-0.545294,0.7–0.8,0.1;0.3,01:30–09:30,09:00
FSTA,IWM,-0.17,0.04,0.28,1.648571,-1.458571,0.7,0.2,,09:00
FSV,IWM,0.48,0.32,0.6,0.59,0.114,0.3,0.0;0.5,,09:00
FTAI,SPY,0.85,1.74,1.3,1.377385,-1.018615,2.7,0.0–0.2,00:00;03:30–09:30,09:00
FTDR,SPY,0.5,0.47,1.01,0.280495,-0.88495,0.4,0.0,,09:00
FTEC,QQQ,0.99,1.27,0.84,0.194286,0.011548,0.6,0.0,04:00,09:00
FTGC,IWM,0.48,0.4,0.55,0.596364,-1.290909,0.4,0.6,,09:00
FTHI,SPY,0.91,0.84,0.33,0.162424,-0.910303,0.7,0.0;0.2,,09:00
FTI,XLE,0.78,1.09,0.96,-0.001458,-0.297917,0.5,0.1;0.5,,09:00
FTK,SPY,0.81,1.7,1.45,-0.002069,-1.322069,2.1,0.0;0.4,04:00,09:00
FTNT,IWM,0.72,0.89,1.71,0.266959,-0.314854,0.2–0.4,0.0–0.2;0.4;0.6,00:00;03:00–03:30;04:30;06:00–06:30;07:30–09:30,03:00;08:30–09:00
FTS,IWM,-0.07,0.07,0.26,2.109231,-1.601154,1.3,0.2,,
FTSM,SPY,0.22,0.0,0.03,16.333333,-18.0,2.7,0.0–0.1,,09:00
FTV,IWM,0.85,0.74,1.56,0.67359,-0.359744,0.2,0.0–0.2,,09:00
FTXL,QQQ,0.93,1.97,1.35,1.41963,-2.477778,,,,
FUL,IWM,0.76,0.84,1.12,0.545714,-0.333214,0.2,0.1–0.2,00:30–09:30,09:00
FULT,KRE,0.96,0.9,0.59,0.557627,-0.833898,0.2;0.4;0.6,0.0–0.3,,09:00
FUN,IWM,0.69,1.26,1.19,-0.897479,-0.341345,0.9;1.7,0.0–0.1;0.4–0.5,,09:00
FUSE,SPY,-0.09,0.95,22.03,0.008897,-0.4225375,,,,
FUTG,SPY,0.95,5.79,4.43,7.380384,-7.7440295,,,,
FUTU,SPY,0.86,3.53,2.04,2.037598,-1.608676,0.3–0.4;0.6,0.0;0.2,00:00–02:00;03:00,01:30;03:00
FUTY,IWM,0.8,0.32,0.29,1.442759,-1.267586,0.9,0.2,,
FVD,IWM,0.65,0.23,0.21,2.549524,-1.733333,2.0,0.2,,
FVRR,IWM,0.73,1.04,1.11,0.414414,-0.138018,0.8;1.1,0.0–0.2,03:00–09:30,09:00
FWONA,SPY,0.69,0.51,0.46,0.244783,-1.7,0.6,0.0,,09:00
FWONK,IWM,0.83,0.48,0.5,1.424,-0.328,0.4,0.3;0.5,,09:00
FWRD,IWM,0.72,0.93,3.15,0.055397,-0.134508,0.2,0.2,,08:30–09:00
FWRG,IWM,0.81,0.96,1.58,0.505316,-0.345316,0.2–0.3,0.1–0.2;0.7,,09:00
FXA,SPY,0.76,0.46,0.33,,-1.061212,,,,
FXB,SPY,0.58,0.28,0.31,0.935484,-0.909677,,0.1,,
FXE,IWM,0.44,0.12,0.24,2.97,-1.286667,2.7,0.2,,09:00
FXF,SPY,0.23,0.13,0.28,1.629286,-2.160714,0.3,0.1,,09:00
FXI,IWM,0.71,1.16,1.08,0.445185,-0.828519,0.2–0.7,0.0–0.1;0.7,00:00–01:00;02:00;07:30,04:00
FXN,QQQ,0.73,0.47,0.68,0.848088,-1.254118,0.7,0.2,,09:00
FXU,IWM,0.65,0.25,0.27,1.953704,-2.564815,2.7,0.2,,
FXY,QQQ,-0.14,-0.04,0.43,0.67907,-2.184186,0.4,0.1–0.2,04:00;05:00–09:30,08:00;09:00
FYBR,KWEB,0.21,0.02,0.21,4.45619,-2.962857,2.7,0.4–0.5,,
G,IWM,0.66,0.36,1.56,0.508974,-0.607179,0.2,0.4,,09:00
GAIN,SPY,0.54,0.48,0.39,1.133333,-0.757949,0.4,0.2,03:00,09:00
GAMB,IWM,0.85,0.89,3.6,0.092194,-0.225486,0.2–0.5,0.0–0.2;0.4,00:00;03:30;07:00–09:30,09:00
GAP,IWM,0.76,0.92,0.99,-0.302222,0.147071,0.2–0.8;1.0–1.1;1.4,0.0–0.3;0.5,00:00;03:30;06:30–09:30,08:30–09:00
GATX,XLF,0.73,0.98,0.73,0.084932,0.040548,0.3,0.1;0.4,,09:00
GBCI,KRE,0.94,1.15,0.7,0.515,-0.035,0.5–0.8,0.1;0.3,,09:00
GBDC,SPY,0.76,0.58,0.32,0.820625,-1.57875,0.4;1.1,0.0,,09:00
GBIL,SPY,0.27,0.03,0.01,49.03,-54.96,2.7,0.0–0.1,,09:00
GBTC,IWM,0.73,1.96,1.83,1.919126,-2.061639,0.6,0.3,03:00,09:00
GBUG,SPY,0.55,1.85,2.03,1.735961,-1.459606,1.0,0.0–0.2,,09:00
GBX,IWM,0.88,0.9,1.19,0.321008,-0.192437,0.4,0.1,,
GCMG,XLF,0.67,0.34,0.71,0.438873,-0.534366,0.5,0.2–0.3,,09:00
GCT,SPY,0.84,1.94,1.81,1.635359,-0.197569,0.8;1.4,0.0–0.2;0.4,04:00;07:00,09:00
GD,IWM,0.19,0.15,0.67,0.569403,-1.058209,0.3;0.5,0.2,,08:30–09:00
GDDY,SPY,0.77,0.59,0.51,0.171373,-0.346863,0.9,0.0–0.2,03:00–09:30,09:00
GDE,QQQ,0.72,0.81,1.15,1.058174,-0.57087,0.2,0.1,,09:00
GDEN,IWM,0.81,0.49,4.99,0.2320945,-0.25954900000000003,,,,
GDEV,QQQ,0.3,1.72,4.98,2.842651,-1.51759,2.7,,,
GDLC,IWM,0.7,1.66,2.07,2.865121,-1.265797,,0.0,00:00,07:00
GDMN,QQQ,0.48,1.35,2.48,1.931048,-1.879637,1.3,0.0–0.1;0.3,,09:00
GDOT,SPY,0.82,1.42,0.95,0.725684,-1.137474,1.0;1.4;2.7,0.1–0.3,03:30–09:30,09:00
GDS,KWEB,0.82,1.26,2.58,0.836357,-0.10124,0.2;0.4–0.7,0.3;0.5;1.4;1.8,01:00–01:30,09:00
GDX,QQQ,0.55,1.34,1.81,1.680331,-1.284641,0.2–0.8,0.1–0.2;0.4–0.6,00:00;01:00–01:30;02:30–04:00;05:00–07:00;08:00–09:30,03:30;08:30
GDXJ,QQQ,0.58,1.64,1.98,2.177374,-1.827475,0.2–0.7;0.9,0.0–0.2;0.4–0.5,00:00;01:00;02:30–04:00;05:00–07:00;08:00–08:30,04:00
GDXU,QQQ,0.56,4.39,5.57,-0.524596,-3.759838,0.4;1.2,0.0–0.2;0.4,00:00–03:00;07:30–09:30,02:00;08:30
GDXW,IWM,0.95,1.47,2.65,,,,,,
GDXY,IWM,0.49,0.88,1.57,0.833631,-0.997197,0.2–0.3;0.5,0.0–0.2,04:30–05:00,07:00
GE,IWM,0.82,0.61,0.63,0.600635,-0.343333,0.2–0.6,0.0–0.2;0.4;0.6,00:30–03:30;06:30–09:30,03:30;09:00
GECC,SPY,0.17,0.0,0.68,0.647059,-0.588235,0.2,0.1,,
GEHC,IWM,0.84,0.55,0.7,0.486429,-0.537143,0.2–0.4;0.8,0.0–0.3;0.5,00:00;02:30;05:30–09:30,09:00
GEMI,IWM,0.83,1.95,2.53,0.631423,-1.030237,0.2;0.5–0.6,0.0–0.4,00:30;03:00–04:00,09:00
GEN,IWM,0.63,0.43,0.52,1.019423,-0.543269,0.8,0.1–0.2;0.4,03:00–09:30,08:00;09:00
GEND,SPY,0.44,0.24,0.54,,,,,,
GENI,SPY,0.76,0.67,0.84,-0.291905,-0.197738,0.3;0.7;1.5;2.7,0.0–0.4,01:00;02:00;03:00–03:30;06:00,09:00
GEO,SPY,0.71,0.9,1.01,-0.69505,-0.535644,0.3;0.6–0.7;1.0;2.7,0.1–0.2;0.5,00:00–01:00;06:00;07:00–09:30,09:00
GEOS,IWM,0.79,1.73,1.92,0.020833,-0.976562,2.7,0.0–0.2,00:30,09:00
GES,IWM,0.68,0.25,3.19,0.341693,-0.388715,,,,
GEV,SPY,0.9,2.24,1.28,1.286563,-1.827188,0.4;1.9;2.2,0.0–0.1;0.4;0.6,00:00–01:00;03:30;06:30–07:00,07:00;08:30
GEVX,QQQ,0.89,3.4,2.67,2.067416,-1.752809,2.7,0.0–0.1,02:30,09:00
GFF,IWM,0.77,0.63,0.62,0.840484,-0.204194,0.4,0.1,,09:00
GFI,GDX,0.94,1.15,2.57,0.508755,-0.390272,0.2–0.4;0.6,0.3–0.5;0.8;1.4,01:00–01:30;02:30–03:00;04:00–05:00;06:00;07:00,07:00
GFL,IWM,-0.14,-0.03,0.48,1.15,-1.376042,0.7,0.2,,09:00
GFS,SOXL,0.79,0.21,2.03,1.115813,-1.819852,0.2;0.4,0.9,00:30;03:30;07:00–09:30,09:00
GGAL,SPY,0.77,1.66,6.32,0.751234,-0.106203,0.2;0.5,0.2,,09:00
GGG,IWM,0.82,0.46,0.42,0.975714,-0.417619,0.8,0.2–0.3,,09:00
GGLL,SPY,0.86,2.53,2.82,0.89695,-0.325496,0.2–0.6;0.9;1.1,0.0–0.3,00:00–01:00;02:00;03:00–05:00;06:00–06:30;07:30–09:30,05:30
GGLS,IWM,-0.76,-0.77,1.4,0.243143,-0.400786,0.2–0.3;0.6,0.0–0.1;0.4;0.7,00:30;04:30–09:30,08:00–08:30
GH,SPY,0.61,0.93,3.5,0.017571,-0.583629,0.2–0.4,0.2,04:00,09:00
GHC,IWM,0.77,0.55,0.62,0.560484,-1.433871,,0.1;0.3,,09:00
GHI,SPY,0.4,0.18,0.63,0.437778,-0.989841,0.2;0.4,0.0,,09:00
GHM,IWM,0.9,1.37,1.09,1.305046,-0.357798,2.7,0.0–0.2,,09:00
GHRS,SPY,0.84,1.08,0.99,-0.087273,-0.547071,2.7,0.1,,09:00
GIAX,IWM,0.87,0.66,0.52,1.143077,-0.889231,2.7,0.1–0.2,04:00–09:30,09:00
GIB,IWM,0.51,0.24,0.4,1.2,-0.787,0.9,0.2,,
GIII,IWM,0.76,0.61,0.8,0.76475,-1.03675,0.6,0.2,,09:00
GIL,IWM,0.68,0.49,0.5,0.6962,-0.6464,0.5–0.6;0.8,0.0;0.3,,09:00
GILD,IWM,-0.25,-0.21,0.71,0.501127,-0.582535,0.2,0.1,03:00,03:00;09:00
GIS,IWM,-0.28,-0.11,0.46,0.807609,-0.792609,0.2–0.3;0.5,0.1–0.3,02:30;04:30;06:00,07:00;08:30–09:00
GKOS,IWM,0.54,0.73,3.11,0.167492,-0.247524,0.2–0.3,0.2,,09:00
GL,XLF,0.72,0.69,0.46,0.728696,-0.67,0.8,0.0–0.1;0.3,,09:00
GLAD,IWM,0.36,0.11,0.43,0.973488,-0.83,1.1–1.2,0.2;0.4,,09:00
GLBE,IWM,0.87,1.15,1.08,0.227315,0.106944,1.0;1.7;2.0;2.7,0.0–0.2;0.6;1.3,00:00;01:00;04:00,08:30–09:00
GLD,IWM,0.54,0.89,1.0,0.2269,-0.9638,0.2–0.8,0.0–0.4;0.7;1.0,00:00–04:30;05:30;06:30–07:00;08:00;09:00–09:30,07:30
GLDD,IWM,0.88,0.75,0.74,0.648649,-0.489865,0.4;0.8,0.1–0.2,,09:00
GLDI,IWM,0.01,0.0,0.44,0.75,-0.636364,,,,
GLDM,QQQ,0.58,0.8,1.0,0.96,-1.238,0.2–0.6;0.8,0.0–0.3;0.5,00:00–01:00;02:00–03:30;04:30;05:30;08:00–09:30,02:30;04:00;09:00
GLDW,IWM,0.83,0.81,1.45,,,,,,
GLDY,QQQ,0.36,0.42,0.66,0.06,-1.258182,,0.1,,09:00
GLGG,QQQ,0.72,6.66,7.3,2.096986,-9.167945,2.7,,,09:00
GLIN,NONE,-0.44,-1.12,2.03,,,,,,
GLL,SPY,-0.44,-1.12,2.03,1.221872,-1.193695,0.2–0.4,0.0–0.1;0.3,00:00–01:00;02:00–03:00;04:00;05:30;06:30,08:30–09:00
GLNG,SPY,0.84,0.82,1.37,1.20365,-0.30073,0.3–0.4,0.0–0.3,,08:30–09:00
GLOB,IWM,0.9,1.05,1.64,0.041463,-0.120122,0.3–0.5;0.8,0.0;0.2;0.4;0.6,02:00;06:30–09:30,09:00
GLPG,SPY,0.62,0.56,1.31,0.254656,-0.643053,0.2–0.3,0.0–0.1;0.4,04:30–09:30,09:00
GLPI,IWM,0.08,0.0,0.4,0.75,-2.325,1.3;1.5,0.2–0.3,,09:00
GLSI,IWM,0.56,0.48,2.43,0.26749,-0.198848,0.2–0.4,0.0,,09:00
GLTR,QQQ,0.58,0.91,1.16,0.936552,-1.074397,0.6;1.0,0.8,,09:00
GLW,SPY,0.95,1.81,1.21,0.609752,-1.418512,0.2–0.3;0.5–0.6;0.9;1.1;1.5;2.2,0.0–0.2,00:00–00:30;01:30;02:30–03:00;04:00;07:00;08:00–09:30,09:00
GLXU,QQQ,0.86,7.31,7.09,5.826135,-10.296192,2.7,0.0;0.4,05:30–09:30,09:00
GLXY,SPY,0.78,3.75,3.52,3.338068,-4.21804,0.3–0.4;0.9;1.1;1.4,0.0–0.3,00:00–04:00;07:30–09:30,09:00
GM,SPY,0.64,0.53,1.39,0.344892,-0.482374,0.2–0.3,0.0–0.3,00:00;01:30;02:30;06:00,08:00
GMAB,SPY,0.21,0.56,1.31,0.374351,-0.734962,0.2,0.0–0.1,03:00;05:00–09:30,09:00
GME,IWM,0.7,0.54,1.35,0.299556,-0.444593,0.2–0.3;0.5,0.0–0.2;0.5,00:00–04:00;06:00;07:00;08:00–09:30,09:00
GMED,IWM,0.85,0.61,3.69,0.195827,-0.2155825,,,,
GMEU,IWM,0.64,1.37,2.62,0.156336,-0.51145,0.2–0.6;1.1,0.0–0.2;0.4;0.8,01:30;04:00–05:00;07:00;08:00–09:30,09:00
GMEY,SPY,0.45,0.74,1.39,,-0.542806,,,,
GMS,NONE,0.55,0.42,0.66,,,,,,
GNE,IWM,0.55,0.42,0.66,1.181818,-0.899697,0.6;0.8,0.2,,09:00
GNK,SPY,0.61,0.66,1.21,0.126777,-0.766281,0.5,0.2,,09:00
GNR,IWM,0.71,0.43,0.61,0.785902,-1.227705,0.6,0.2,,
GNRC,IWM,0.89,1.0,1.66,0.222892,-0.012048,0.2–0.3;0.9,0.1;0.5,00:00;03:30,09:00
GNTX,IWM,0.7,0.48,0.63,0.181587,-1.217143,0.4,0.2,,09:00
GO,IWM,-0.25,-0.31,1.64,0.659085,-0.584939,0.2–0.3,0.4,,09:00
GOAU,QQQ,0.44,0.78,1.72,0.835698,-1.250349,0.9,0.1,,09:00
GOEX,QQQ,0.61,1.55,1.95,1.416154,-2.120769,2.7,0.1,,09:00
GOF,SPY,0.79,0.52,0.45,-0.513778,-0.821333,0.3;0.5;0.9;2.7,0.0,02:30–03:00;05:00;07:00–09:30,09:00
GOGO,IWM,0.86,1.03,1.94,0.39134,-0.16433,0.2;0.4–0.5,0.0;0.2–0.3,,09:00
GOLF,IWM,0.82,0.58,0.62,0.492903,-0.581935,0.9,0.2;0.5,,09:00
GOLY,IWM,0.5,0.87,1.1,0.335909,-1.124455,1.1,0.3–0.4,03:00,09:00
GOOD,IWM,0.54,0.12,0.43,0.906977,-0.883721,0.7,0.2,,09:00
GOOG,SPY,0.87,1.16,1.42,0.669296,-0.208732,0.2–0.6;0.9,0.0–0.3,00:00;01:00;03:30;04:30;06:00–09:30,04:00;07:30;09:00
GOOGL,SPY,0.88,1.32,1.45,0.768828,-0.110345,0.2–0.9,0.0–0.3;0.5–0.6,00:00–00:30;04:00–05:00;06:00–09:30,09:00
GOOP,QQQ,0.8,0.87,1.39,-0.109101,0.486906,,,,09:00
GOOS,SPY,0.76,0.96,2.57,-0.191595,-0.334942,0.2–0.4,0.0–0.1,,08:00
GOOW,SPY,0.86,1.64,1.78,0.759101,-0.630562,2.7,0.1;0.3,,09:00
GOOX,SPY,0.88,2.35,2.76,0.698913,-0.406703,1.6,0.0–0.1,04:30–09:30,09:00
GOOY,SPY,0.86,1.04,1.1,0.673091,-0.726545,0.3–0.5;0.9,0.1–0.3,00:00;04:00;06:00–09:30,09:00
GOP,IWM,0.92,0.66,0.53,0.12792449999999997,-0.5473585,,,,09:00
GOVT,SPY,0.15,0.07,0.15,1.072667,-3.800667,0.8,0.1,,08:30
GPC,IWM,0.51,0.13,0.8,0.501125,-0.673,0.3,0.2–0.3,,
GPCR,IWM,0.62,0.61,1.35,0.09563,-0.256741,0.3;0.5;0.8;2.7,0.0–0.1;0.3,06:00–09:30,08:30–09:00
GPI,IWM,0.45,0.18,0.8,0.36825,-0.1765,0.4,0.2,,09:00
GPIQ,SPY,0.99,1.16,0.5,0.4048,-0.1736,0.2–0.3;0.5–0.6,0.0–0.3,03:00;04:30–05:00,07:30;08:30–09:00
GPIX,SPY,0.99,0.91,0.4,0.06625,-0.4635,0.2–0.3;0.6,0.0–0.3,04:30;05:30;06:30–09:30,08:00
GPK,IWM,0.64,0.44,0.86,0.361395,-0.43814,0.6,0.0;0.2;0.6,,09:00
GPN,XLF,0.81,1.64,1.08,0.627778,-0.874074,0.5;0.8;1.1,0.0–0.2,,09:00
GPOR,XLE,0.83,1.16,0.86,0.370233,0.356744,0.7,0.1,,09:00
GPTY,QQQ,0.93,1.45,0.94,0.934043,-1.061702,0.7;2.7,0.1–0.3,00:00,08:30–09:00
GPZ,IWM,0.95,0.83,0.62,0.586613,-0.084516,0.7,0.2,,09:00
GRAL,IWM,0.83,2.2,2.95,0.824407,-0.72678,0.6;1.0,0.0–0.2;0.6,04:30–09:30,09:00
GRBK,IWM,0.65,0.65,1.14,0.40307,-0.635088,0.2,0.4,,09:00
GREK,SPY,0.66,0.75,0.81,0.67284,-0.441358,0.4;0.9,0.2;0.4,,09:00
GRFS,QQQ,0.53,0.33,1.22,0.570164,-0.800246,0.2,0.0,01:00;05:30–09:30,09:00
GRID,SPY,0.92,1.41,0.68,-0.234265,-0.515882,0.4,0.2–0.3,,09:00
GRMN,IWM,0.84,0.54,1.46,0.371233,-0.681096,0.3,,,09:00
GRND,IWM,0.32,0.62,2.26,0.11646,-0.142212,0.2;0.4,0.0–0.1;0.4,00:00;05:00,08:30–09:00
GRNY,SPY,0.98,1.54,0.74,0.973514,-0.378378,0.2;0.4–0.5;1.2;1.4,0.0–0.1;0.3,00:00;01:30–03:30;04:30;06:00;07:30–09:30,04:00;08:00;09:00
GRPN,IWM,0.79,1.22,1.25,0.0008,-0.75136,1.4,0.1;0.4,04:30–09:30,09:00
GRRR,QQQ,0.86,2.01,2.58,0.833372,-0.753876,0.2–0.9;1.1,0.0–0.4;0.8,00:00–01:00;02:00;04:00;05:00–05:30;07:30–09:30,04:00;07:30;09:00
GS,SPY,0.87,1.09,0.66,0.808485,-0.801667,0.2–0.5;0.7;0.9;1.1,0.0–0.4,00:00–00:30;01:30–02:30;03:30;07:00–09:30,08:00
GSAT,SPY,0.88,2.75,1.8,2.319444,-3.281944,1.0,0.0–0.3,00:00;01:30;03:30–04:00;07:30–09:30,09:00
GSBD,SPY,0.73,0.48,0.55,0.361455,-1.151273,0.2,0.1–0.3,00:00;01:00;02:00;04:00;05:00,08:00–09:00
GSG,IWM,0.33,0.25,0.59,0.830508,-1.326271,0.3,0.2;0.7,,09:00
GSHD,XLF,0.56,0.38,0.8,0.5635,-0.50825,0.3;0.8–0.9,0.1,,09:00
GSIE,NONE,0.21,0.16,1.19,,,,,,
GSK,IWM,0.21,0.16,1.19,0.548908,-0.589244,0.2–0.3,0.2,02:30;05:00;06:30,04:30
GSL,SPY,0.72,0.7,0.72,0.213889,-0.638889,0.5–0.6;2.7,0.0;0.2–0.3,04:00–09:30,09:00
GSLC,QQQ,0.99,0.75,0.45,0.577778,-1.238889,0.3,0.1;0.4,,09:00
GSOL,IWM,0.6,2.09,2.42,2.503802,-6.080744,2.7,,,
GSX,IWM,0.81,1.63,2.73,0.128645,0.324835,,,,
GSY,SPY,0.36,0.04,0.02,8.46,-14.04,2.7,0.0,,09:00
GTES,SPY,0.95,1.84,1.97,0.003249,-1.329543,0.5,0.1;0.3,,09:00
GTLB,SPY,0.9,1.73,1.61,0.619441,-1.68354,0.7;1.2–1.3;1.8,0.0–0.3,01:00–01:30;04:00–04:30;07:30–09:30,07:30;08:30–09:00
GTLS,SPY,0.64,0.09,0.18,3.141667,-2.606111,,0.1,,
GTM,SPY,0.92,1.67,0.98,2.196327,-1.011122,2.7,0.0–0.2;0.4,02:00;03:00–09:30,09:00
GTPE,NONE,0.59,0.24,2.35,,,,,,
GTX,IWM,0.59,0.24,2.35,0.253277,-0.36,0.2,,,08:00
GTY,IWM,0.1,0.21,0.5,1.1138,-0.389,0.5,0.2–0.3,,
GUSH,SPY,0.71,1.43,1.52,-0.270329,-0.731579,0.9;1.1–1.2;1.4,0.2–0.4,01:00;03:00;06:30,09:00
GVA,IWM,0.91,0.84,0.64,0.295,0.030625,0.5,1.0,02:30–09:30,09:00
GVAL,SPY,0.75,0.58,0.47,0.584255,-0.685957,,0.2,,08:30
GWRE,QQQ,0.75,0.61,2.72,0.295404,-0.268897,0.3,,,09:00
GWW,IWM,0.59,0.22,0.47,1.288511,-0.682979,0.5,0.1;0.3,,
GXC,QQQ,0.73,1.04,1.09,0.376881,-0.939083,,0.0,,09:00
GXIG,NONE,0.9,0.96,0.82,,,,,,
GXO,IWM,0.9,0.96,0.82,0.030732,-0.020976,0.4;0.8,0.2–0.3,03:30–09:30,09:00
H,IWM,0.83,0.79,0.86,1.308488,-0.640465,0.4,0.0–0.3,,09:00
HACK,SPY,0.95,1.41,0.7,-0.126857,0.124857,1.0;2.7,0.3,,09:00
HAE,IWM,0.53,0.34,1.6,0.34675,-0.275125,0.2,0.3,,09:00
HAL,XLE,0.85,1.36,1.46,0.289589,-0.503288,0.2–0.5;0.9,0.2;0.4–0.5,06:00–09:30,08:30
HALO,SPY,0.28,0.22,0.67,0.748955,-0.398806,0.2;0.4,0.0,,09:00
HAS,IWM,0.8,0.53,0.86,0.218372,-0.397326,0.4,0.0–0.2,00:00,09:00
HASI,SPY,0.79,1.02,1.09,-0.471376,-0.649908,0.6–0.7;1.0,0.1;0.3,00:30,09:00
HBAN,KRE,0.86,0.69,0.7,0.201714,-0.229286,0.4–0.5,0.3–0.4;1.1,,09:00
HBNC,KRE,0.86,0.77,1.0,0.4437,-0.5789,0.3,0.0,,
HBR,QQQ,0.83,2.83,4.46,0.9466704999999999,-5.020493,,,,
HCA,SPY,0.1,0.03,0.82,0.684878,-0.677927,0.2,0.2–0.3,,
HCC,IWM,0.78,1.34,1.82,0.563407,-0.606703,1.0,0.1–0.2,,09:00
HCI,XLF,0.21,0.5,0.77,0.506494,-0.467532,0.4,0.2;0.4,,
HCKT,IWM,0.85,0.47,1.03,0.40233,-0.902913,0.3,0.2,,09:00
HCM,QQQ,0.33,0.44,1.71,0.065965,-0.505029,0.2–0.3,0.1,,09:00
HCSG,IWM,0.8,0.49,1.53,0.243922,-0.456275,0.2–0.3,,,09:00
HD,IWM,0.48,0.15,0.55,0.736364,-0.118182,0.5;0.7,0.1–0.2,,08:30
HDB,SPY,0.59,0.41,0.59,0.976102,-0.423729,0.4;0.6,0.0,03:30;07:30–09:30,02:00
HDSN,IWM,0.74,0.68,1.71,0.42807,-0.312749,0.2;0.6,0.3,,09:00
HDV,IWM,0.29,0.1,0.23,1.282609,-1.373913,2.7,0.2,,09:00
HE,IWM,0.64,0.34,0.48,1.025417,-0.22125,0.5,0.0;0.2,05:30,08:00;09:00
HEAL,IWM,0.72,0.47,0.81,,,,,,
HEI,SPY,0.75,0.89,0.92,0.2225,-0.689457,0.7,0.0,02:30–09:30,09:00
HEI.A,SPY,0.65,0.41,0.93,0.242581,-0.593548,0.3,0.0,,
HELE,IWM,0.52,0.59,2.34,0.176923,-0.299103,0.2–0.3,0.1;0.3,03:00,09:00
HERO,SPY,0.74,1.01,0.94,0.989149,-0.744681,0.3;0.9,0.2,,09:00
HESM,XLE,0.72,0.4,1.25,0.2192,-0.4672,0.4;0.6,0.8,,09:00
HG,XLF,0.5,0.68,0.9,0.187556,-0.420444,0.4,0.1;0.4,,09:00
HGER,QQQ,0.3,0.0,0.51,1.156863,-1.941176,0.4,0.1–0.2,,
HGV,IWM,0.83,0.84,1.2,0.091667,-0.291667,0.3–0.4,0.2–0.4,,09:00
HHH,IWM,0.82,0.59,0.73,0.51863,-0.392329,0.2,0.1,02:30–03:00,09:00
HI,IWM,0.74,1.11,2.48,0.460403,-0.185847,0.2,0.2,,08:30
HIBL,QQQ,0.97,3.68,2.38,3.220672,-2.283866,2.7,0.2,,09:00
HIFS,SPY,0.85,1.36,0.79,-0.033924,-0.524557,2.7,0.0;0.2–0.3,,09:00
HIG,XLF,0.53,0.6,0.64,0.84375,-0.609375,0.5,0.1;0.4,,09:00
HII,SPY,0.61,0.52,0.87,0.621609,-0.578851,0.2,0.0–0.2,00:00;03:00,09:00
HIMS,SPY,0.86,3.86,1.79,6.432514,-2.47419,0.2;0.7,0.0–0.3,00:00–01:00;02:00–02:30;03:30–06:00;07:00–09:30,08:00–09:00
HIMY,QQQ,0.64,4.4,3.45,3.248696,-2.492174,2.7,,,09:00
HIMZ,IWM,0.85,4.26,3.5,6.6544,-3.210114,0.2,0.0–0.4,00:00;01:00;02:00;03:00–05:30;06:30–09:30,08:30–09:00
HIPO,SPY,0.77,1.29,0.99,0.503737,-1.295657,2.7,0.1;0.3,,09:00
HIPS,IWM,0.67,0.33,0.41,0.892195,-1.331951,0.8,0.4;0.7,,
HIW,IWM,0.35,0.23,0.57,0.660702,-0.696491,0.4,0.2,,
HIYY,SPY,0.71,1.93,2.33,-0.8051930000000002,-0.273948,2.7,,,
HLAL,SPY,0.97,1.04,0.47,-0.000851,0.202553,2.7,0.0–0.2,00:00–01:00;02:30,09:00
HLI,SPY,0.88,1.01,0.56,0.576786,0.139107,0.9,0.0–0.1,,09:00
HLIO,IWM,0.92,1.52,1.22,0.169836,-0.456721,0.7,0.0;0.2–0.3,,09:00
HLNE,XLF,0.74,0.97,1.02,0.673922,-0.194902,0.7,0.1–0.3,,09:00
HLT,IWM,0.76,0.47,0.54,0.682407,-1.339259,0.5,0.3,,09:00
HMC,IWM,0.15,0.42,1.06,1.088679,-0.552453,0.4,0.0,,09:00
HMY,GDX,0.93,1.58,3.4,0.235235,-0.478882,0.2–0.4;0.6;0.9,0.0;0.2–0.3;0.5–0.6;0.8,00:30–01:00;02:30;03:30–05:00;06:00;09:00–09:30,03:00;08:00;09:00
HNDL,QQQ,0.72,0.19,0.33,1.598788,-2.072727,,0.2,,09:00
HNGE,IWM,0.57,1.02,2.38,0.115126,-0.811176,0.5;0.7;1.1,0.0–0.1;0.3,00:00;04:00,09:00
HNI,IWM,0.74,0.66,0.65,0.559692,-0.533846,0.4;0.8,0.2–0.3,,
HNRG,IWM,0.85,1.39,2.49,0.455863,-0.50241,0.4,0.0–0.3,02:00;03:00,09:00
HODL,IWM,0.77,2.01,1.84,1.983533,-2.199728,0.9;1.1,0.1–0.2,00:00;03:00;08:00–09:30,03:00;08:30
HOG,IWM,0.63,0.67,0.76,0.319211,-1.056053,0.5;0.7–0.8,0.0;1.3,01:00;03:00–09:30,09:00
HOII,SPY,1.0,9.44,3.52,,,,,,
HOLX,IWM,-0.02,0.0,0.9,0.433333,-0.422222,0.4–0.5,0.3,,
HON,IWM,0.61,0.36,0.64,0.80625,-0.676875,0.3;0.5,0.2,03:00–03:30;06:30,07:00
HOND,NONE,0.95,3.42,2.23,,,,,,
HOOD,SPY,0.95,3.42,2.23,3.9713,-0.388161,0.2–0.5;0.8;1.2;2.6,0.0–0.2,00:00–03:00;04:30;06:30–07:00;08:30–09:30,02:30;08:30
HOOG,SPY,0.95,7.38,4.53,4.442384,-1.246137,2.7,0.0–0.2,,09:00
HOOI,QQQ,0.85,5.13,3.78,2.950847,-4.878333,2.7,,,
HOOW,QQQ,0.96,3.07,2.67,3.160936,-0.61794,1.3;2.3,0.1–0.4,00:00;01:00–01:30;07:00–09:30,09:00
HOOX,QQQ,0.95,5.67,4.62,5.180519,-0.863377,2.7,0.1,,09:00
HOOY,SPY,0.94,2.85,1.75,1.124571,-3.322857,1.3;1.8,0.0–0.1,00:00;01:00,08:30–09:00
HOV,IWM,0.73,1.58,1.23,-0.790894,-1.725041,1.8,0.5,,09:00
HOYY,IWM,0.93,1.67,1.68,0.113274,-1.751845,2.7,0.0,03:00–09:30,09:00
HP,XLE,0.87,1.92,1.18,1.548136,-2.209831,2.7,0.0;0.2;0.6,,09:00
HPE,SPY,0.89,1.76,1.64,0.813902,-0.366585,0.2–0.7;1.1,0.0–0.1,00:00–00:30;01:30;02:30–03:30;07:00;08:00–09:30,08:00
HPQ,IWM,0.92,1.08,1.03,-0.223301,-0.300971,0.2–0.7;0.9,0.0;0.2–0.4,00:00–00:30;03:00–04:00;05:00;06:00;07:00,09:00
HQH,SPY,0.72,0.5,0.6,0.791667,-0.866667,0.4,0.2,,09:00
HQY,SPY,0.66,0.37,0.81,0.558765,-0.502222,0.3,0.1,,09:00
HR,IWM,0.12,0.05,0.47,1.160638,-1.018085,1.2,0.2,,09:00
HRB,IWM,-0.19,-0.05,0.45,1.353333,-1.641111,0.6,0.2,,
HRI,IWM,0.82,1.18,1.1,0.597091,-0.838545,0.4;0.7;1.2,0.1;0.3,,
HRL,IWM,-0.03,0.06,1.89,0.426667,-0.504127,0.2,0.4,,08:30
HRMY,IWM,0.27,0.0,1.32,0.401515,-0.704545,0.2,0.4,,
HROW,IWM,0.7,1.05,1.38,0.186232,-1.271377,0.6;1.3;1.5,0.0–0.3;0.5;1.0,04:30–09:30,09:00
HRTG,SPY,0.26,0.34,1.4,0.077,-0.526714,0.2,0.1–0.2,,09:00
HSAI,QQQ,0.76,1.94,2.56,0.387891,-1.772031,0.2–0.5;0.7;1.4,0.0;0.4–0.6,00:00–01:00;02:00–03:30;05:00;06:30;08:00–09:30,08:30–09:00
HSBC,SPY,0.41,0.65,1.1,0.183636,-0.881818,0.2–0.3,0.1–0.4,01:00;02:30–03:00;05:00,03:00;09:00
HSIC,IWM,0.59,0.24,1.15,0.411826,-0.581913,0.3,0.2,,09:00
HSII,IWM,0.55,0.09,2.42,0.402149,-0.554463,,,,
HST,SPY,0.86,0.79,0.71,0.267042,-0.971972,0.2–0.3;0.6;0.8,0.0;0.2,03:00,09:00
HSY,IWM,-0.04,0.11,0.74,0.466081,-0.416622,0.4;0.6,0.2–0.3,03:30–09:30,09:00
HTEC,IWM,0.73,0.57,0.82,,-0.586951,,,,
HTFL,SPY,0.68,2.43,1.37,0.798248,0.556131,2.7,0.3–0.4,,09:00
HTGC,SPY,0.81,0.65,0.4,0.12,-0.42375,0.6,0.0–0.2,00:00;03:30;06:00,09:00
HTHT,IWM,0.66,1.08,1.09,0.700917,-0.953028,1.4,0.1–0.2;0.5,,09:00
HTO,XLE,-0.13,-0.07,0.63,1.0,-0.784286,0.8,0.4,,
HUBB,IWM,0.91,1.01,0.79,0.678354,0.222152,0.7–0.8,0.2;0.5,,
HUBG,SPY,0.56,0.88,0.85,1.363294,-0.147765,1.1,0.3,,
HUBS,SPY,0.76,1.37,1.9,0.370737,-0.385316,0.2–0.3;0.5,0.1–0.3,03:00,09:00
HUM,IWM,0.16,0.0,1.15,0.33913,-0.330435,0.2,0.2,04:00,09:00
HUMN,SPY,0.88,3.01,1.3,2.285154,-2.461923,2.7,0.0–0.1;0.3,03:00–09:30,09:00
HURN,SPY,0.6,0.16,0.5,0.6088,-1.0008,0.3,0.1,,
HUSA,XLE,0.64,0.89,2.05,0.580244,-0.31278,0.6;0.9,0.6,03:30–09:30,09:00
HUT,SPY,0.85,5.67,3.45,2.696319,-4.337797,0.3,0.0–0.2,00:00–02:00;03:30;04:30;07:30–08:00,09:00
HVAC,SPY,0.89,2.05,1.21,9.830579,-0.932231,,,,09:00
HWC,KRE,0.95,0.98,0.62,0.34,-0.955161,0.4,0.2;0.6,,09:00
HWKN,IWM,0.83,0.9,0.62,-0.927419,-0.356452,0.5,0.1–0.2,,
HWM,SPY,0.93,1.13,0.63,0.488254,-0.114286,0.6,0.0–0.3,02:30,09:00
HXL,SPY,0.81,0.78,0.62,-0.124516,-0.134194,0.2;0.5;0.9;2.7,0.0–0.3,02:30–09:30,09:00
HY,IWM,0.91,0.96,0.71,-0.054648,-0.031549,0.8,0.3,,09:00
HYDR,QQQ,0.92,3.48,2.76,4.491594,0.357536,2.7,0.1,,09:00
HYG,SPY,0.9,0.22,0.12,1.196667,-5.435,2.7,0.0–0.1,03:00–03:30,09:00
HYGH,IWM,0.67,0.08,0.15,3.562667,-2.325333,2.7,0.2,,
HYLB,SPY,0.89,0.23,0.12,4.328333,-5.028333,1.3,0.1,,
IAC,IWM,0.92,0.96,0.8,-0.231,-0.502,0.8;1.1,0.2–0.3,,09:00
IAGG,SPY,0.25,0.01,0.11,5.185455,-4.914545,,0.1,,
IAI,IWM,0.95,0.74,0.49,1.433469,-0.704898,0.4,0.0,,09:00
IAK,IWM,0.4,0.16,0.3,1.802667,-1.516,0.7,0.1,,09:00
IART,SPY,0.76,0.89,0.99,-0.556869,-0.64697,0.7,0.0–0.1,,09:00
IAT,IWM,0.86,0.6,0.49,0.612245,-0.632653,0.4,0.1,,
IAU,IWM,0.53,0.83,1.0,0.2682,-0.9035,0.2–0.5;0.7,0.0–0.4;0.7,00:00–01:00;02:30–05:00;07:00;08:00,06:30
IAUI,IWM,0.49,0.48,0.65,1.277538,-0.210462,0.6;1.2,0.0–0.1,04:00,08:30
IAUM,QQQ,0.58,0.81,1.0,0.7607,-1.2209,0.2–0.5,0.0;0.2;0.5,00:00;01:30–02:30;04:00;06:00;07:00,02:00;08:00
IBAT,SPY,0.77,2.16,1.46,2.778904,-1.98,,,,
IBB,IWM,0.81,0.49,0.4,0.456,-0.59475,0.6,0.2,04:00–09:30,09:00
IBBQ,IWM,0.77,0.61,0.55,0.383273,-0.512182,,,,09:00
IBEX,IWM,0.89,0.62,3.56,0.170955,-0.101011,,,,09:00
IBIT,IWM,0.73,2.02,1.83,1.938907,-1.966339,0.2–0.7,0.0–0.3,00:00–01:00;02:00;04:30,00:30
IBKR,SPY,0.91,1.97,1.13,0.955133,-0.601858,0.2–0.4;0.6;1.0;1.2;1.5,0.0–0.2,00:00;01:00–02:30;05:30;06:30;07:30–09:30,07:00;09:00
IBLC,IWM,0.93,2.83,2.11,1.729431,-2.619242,2.7,0.2,,
IBM,IWM,0.82,0.51,1.17,0.328974,-1.145299,0.2;0.5,0.0–0.3;0.5,00:00–00:30;02:00–02:30;03:30;07:00;08:00–09:30,00:30;08:00;09:00
IBN,KRE,0.11,0.09,0.89,0.984382,-0.778202,0.4–0.5,0.4–0.5,,09:00
IBOC,KRE,0.9,0.83,0.5,1.0438,-1.531,1.0,0.2,,09:00
IBOT,QQQ,0.89,1.18,0.88,0.059773,-0.642273,,,,09:00
IBP,IWM,0.74,0.99,1.24,-0.503468,-0.26621,0.5,0.0,,
IBTA,IWM,0.73,0.98,4.51,0.112816,-0.107317,0.2,0.0,03:00,09:00
IBTF,SPY,0.02,0.0,0.03,16.333333,-18.0,2.7,0.0–0.1,,09:00
IBTI,SPY,0.33,0.06,0.08,7.36,-6.9525,2.7,0.0–0.1,,09:00
IBTJ,SPY,0.1,0.06,0.1,1.67,-4.446,,0.0–0.1,,09:00
IBTK,SPY,0.11,0.04,0.11,2.345455,-2.563636,,0.0,,09:00
IBTL,SPY,0.28,0.07,0.14,1.852143,-3.144286,,0.0,01:00,07:30
IBTM,SPY,0.26,0.05,0.16,2.99375,-3.071875,,0.0,,08:30
ICE,XLF,0.71,0.79,0.53,0.291321,-1.137358,1.1,0.0–0.1;0.3,,09:00
ICFI,IWM,0.43,0.26,1.25,0.41536,-1.04128,0.3,0.5,,
ICHR,SPY,0.89,3.48,4.1,1.724293,-0.46722,0.7–0.8,0.0–0.1;0.3,05:00,09:00
ICLN,SPY,0.88,1.61,0.98,0.681122,-1.182857,0.8–1.0;2.7,0.0–0.4,00:30;01:30;02:30,09:00
ICLR,IWM,0.36,0.19,1.3,0.548846,-0.423538,0.3–0.4,0.2–0.3,,09:00
ICOI,SPY,0.87,2.85,1.78,1.914888,-0.301966,2.7,0.0,01:30,07:00
ICOP,IWM,0.84,1.37,1.18,1.516441,-1.229068,2.7,0.3,03:00–09:30,09:00
ICSH,IWM,0.07,0.01,0.02,19.49,-3.01,2.7,0.1,03:00–09:30,09:00
ICUI,IWM,0.77,0.72,1.84,0.088261,-0.567174,0.3;0.6,0.3,,09:00
IDA,IWM,0.23,0.23,0.37,1.856486,-0.489189,2.7,0.2,,
IDCC,SPY,0.72,1.47,1.63,1.215153,-0.396994,0.3;2.7,0.2,,09:00
IDEF,SPY,0.82,1.2,0.62,0.787097,-0.403226,0.9,0.3,,09:00
IDEV,SPY,0.9,0.94,0.45,0.471111,-0.803556,0.3,0.3,,09:00
IDMO,SPY,0.86,0.92,0.48,0.329167,-0.771667,0.3,0.4,,09:00
IDR,GDX,0.58,0.43,3.62,0.291022,-0.542376,0.2–0.3,0.8;1.7;3.0,04:00;05:30–09:30,09:00
IDRV,SPY,0.83,1.47,0.93,1.080538,-0.868817,,0.0,,
IDT,SPY,0.42,0.39,0.87,0.325402,-0.677126,0.5,0.2,,09:00
IDU,IWM,0.64,0.25,0.28,1.071429,-2.151786,,0.3;0.5,,
IDV,SPY,0.77,0.57,0.45,0.475111,-1.261778,0.4,0.1–0.2;0.4,,09:00
IDVO,SPY,0.9,1.01,0.45,0.392,-0.530444,1.0;2.7,0.1,,09:00
IDX,SPY,0.61,1.01,0.94,0.829043,-0.796489,,,,
IDXX,SPY,0.81,0.72,1.4,0.407429,-0.122,0.3,0.0–0.2,01:30,09:00
IDYA,IWM,0.72,0.92,1.21,-0.149421,-0.202645,0.8–0.9;1.2;2.7,0.0–0.1;0.3–0.4;0.6,03:30–09:30,09:00
IEF,SPY,0.29,0.08,0.19,2.461053,-3.027368,0.2;0.7;1.1,0.0–0.1,02:30;03:30;04:30;07:00–09:30,07:00;09:00
IEFA,SPY,0.9,0.96,0.47,0.090213,-0.938723,0.4–0.5;0.7,0.3,03:00,09:00
IEI,SPY,0.29,0.05,0.12,4.029167,-4.658333,1.0,0.0,03:00;04:00,08:00
IEMG,QQQ,0.89,1.22,0.75,-0.163467,-1.086933,0.3,0.0;0.4,03:00;05:00;06:00–09:30,09:00
IEO,IWM,0.62,0.43,0.65,0.832615,-0.986615,1.0,0.0,,
IESC,SPY,0.93,2.34,1.57,0.738217,-0.265732,2.7,0.0–0.1;0.3,01:00,09:00
IETC,QQQ,0.98,1.28,0.89,0.353258,-0.351461,0.3–0.4,0.0–0.1;0.3,03:30–09:30,09:00
IEUR,SPY,0.82,0.82,0.5,0.5488,-1.3192,0.3,0.3,,09:00
IEV,QQQ,0.83,0.66,0.51,0.628627,-2.063137,0.8,0.0;0.6,,09:00
IEX,IWM,0.84,0.76,0.68,0.548235,-0.377647,0.5–0.6,0.1,,
IEZ,QQQ,0.8,0.65,0.73,1.650685,-0.849315,,0.2,,
IFF,IWM,0.59,0.6,0.59,0.684746,-0.386441,0.9,0.4,02:00;03:00–09:30,09:00
IFN,SPY,0.37,0.19,0.54,0.752963,-0.532037,0.4,0.1;0.3,,09:00
IFRA,IWM,0.97,0.68,0.43,0.546047,-0.653023,0.4–0.5,0.1–0.2;0.5,,09:00
IGF,SPY,0.72,0.26,0.34,1.661176,-1.519412,0.9,0.1,,
IGIB,SPY,0.54,0.21,0.17,0.913529,-3.757059,2.7,0.0,02:00–09:30,09:00
IGIC,SPY,0.48,0.18,0.78,0.791282,-0.33359,0.7,0.1–0.2,,
IGLB,SPY,0.49,0.44,0.34,0.557647,-2.102353,0.3,0.1–0.2,,09:00
IGLD,IWM,0.45,0.26,0.72,0.971111,-0.456111,0.4,0.2;0.4,,08:00
IGM,QQQ,0.99,1.35,0.84,0.279167,-0.567262,0.3;1.0,0.1,,09:00
IGME,IWM,0.52,0.97,1.36,,,,,,
IGOV,IWM,0.26,0.12,0.36,1.697778,-1.335556,1.0;1.5,0.2;0.4,,
IGPT,SPY,0.95,2.23,1.09,1.148991,-1.439725,,0.0,,09:00
IGSB,SPY,0.74,0.07,0.07,6.91,-7.124286,2.7,0.0–0.1,,09:00
IGV,SPY,0.93,1.59,0.8,0.32575,-0.236875,0.8;1.4,0.6,05:00–05:30,08:00;09:00
IHAK,SPY,0.92,1.24,0.63,0.342857,-0.930794,0.5,0.2–0.3,,09:00
IHE,IWM,0.53,0.22,0.35,2.171429,-1.143429,0.5,0.1,01:30–09:30,09:00
IHF,SPY,0.63,0.47,0.7,0.094714,-0.891286,0.7–0.8,0.0–0.1,,09:00
IHG,IWM,0.49,0.81,0.98,0.551531,-0.316327,0.3,0.0,05:00,09:00
IHI,SPY,0.54,0.31,0.49,1.417755,-0.76449,0.5–0.6,0.3,,
IIPR,IWM,0.72,0.59,0.74,0.702973,-0.376622,0.3;0.5;0.8,0.0–0.1;0.3;0.6,,09:00
IJH,IWM,0.98,0.74,0.5,0.5556,-0.6464,0.2;0.4,0.2–0.4,02:00,09:00
IJR,IWM,0.98,0.84,0.56,0.415714,-0.618571,0.2–0.3;0.8,0.0–0.3,04:30,08:00;09:00
IJS,IWM,0.98,0.84,0.61,0.321967,-0.656393,0.3,0.2,,09:00
ILF,SPY,0.9,0.96,0.61,0.074754,-0.323279,0.6,0.1;0.4,,09:00
ILMN,SPY,0.83,1.1,1.36,0.651471,-0.686765,0.2,0.0–0.2,05:00,09:00
IMAX,IWM,0.57,0.5,0.62,0.66129,-0.548387,2.7,0.0–0.2;0.4,,09:00
IMCR,SPY,0.62,0.57,0.6,0.311,0.361333,2.7,0.0;0.2–0.3,,09:00
IMNM,SPY,0.65,1.19,1.47,-0.318776,-0.664014,2.7,0.0–0.2;0.7,01:00,09:00
IMO,XLE,0.94,0.89,0.55,-0.187636,-0.390727,0.8–0.9,0.0,,09:00
IMOS,SPY,0.49,1.59,2.53,0.948063,-0.475375,,0.2,,09:00
IMRA,QQQ,0.74,2.28,2.11,2.105024,-2.439242,2.7,0.2,,09:00
IMSR,SPY,0.62,4.12,4.69,4.979616,-1.643667,0.3,0.1;0.3,00:30;01:30;05:00,09:00
IMST,IWM,0.78,1.68,1.86,0.389032,-1.836344,2.7,0.0–0.2,,09:00
IMTM,QQQ,0.82,0.63,0.53,0.700566,-1.570755,0.4,0.1–0.2,,
IMVT,IWM,0.81,0.99,0.89,0.200674,-0.190562,2.7,0.1–0.3,04:30–09:30,09:00
INBX,SPY,0.37,0.62,9.25,0.4648325,-0.131351,,,,
INCO,QQQ,0.24,0.37,0.68,0.701324,-1.020294,0.3,0.1,,09:00
INCY,QQQ,0.44,0.37,0.57,0.729474,-1.31807,1.0,0.0;0.5,02:00;04:30,08:00;09:00
INDA,SPY,0.45,0.45,0.58,0.580172,-1.128448,0.2,0.0–0.2;0.4,01:00;03:30;05:00–05:30,08:00;09:00
INDB,KRE,0.91,0.89,0.66,0.67697,-0.991515,0.5–0.6,0.1–0.2,,09:00
INDF,NONE,0.62,1.32,1.07,,,,,,
INDL,SPY,0.62,1.32,1.07,0.605234,-0.891963,2.7,0.0,,09:00
INDV,IWM,0.41,0.34,2.44,0.363361,-0.485656,0.3,0.2,,09:00
INDY,SPY,0.54,0.49,0.55,1.012364,-0.928364,0.3–0.5,0.1;0.3,,09:00
INFA,IWM,0.25,0.0,0.12,4.166667,-2.583333,2.7,0.2–0.3,,09:00
INFY,IWM,0.42,0.29,0.91,0.42,-0.398462,0.2–0.4,0.2–0.4,04:00;06:00,09:00
ING,XLF,0.52,1.11,1.1,1.201727,-0.689727,0.3,0.0;0.6,04:00,09:00
INGR,IWM,0.4,0.14,0.6,0.811333,-0.725333,0.3,0.2–0.3,,
INKT,IWM,0.09,0.15,3.94,0.341244,-0.269797,0.2,,,09:00
INMD,IWM,0.77,0.46,1.47,0.093469,-0.270068,0.2–0.3,0.4,03:30–09:30,09:00
INOD,SPY,0.88,4.28,2.93,0.681092,-5.525051,2.7,0.0–0.1,01:00;02:00;03:00;05:00;07:00–09:30,09:00
INQQ,IWM,0.39,0.29,0.73,0.675342,-0.920685,,0.2,,
INR,XLE,0.8,1.08,1.31,0.460763,-0.05771,0.8;2.7,0.1,,09:00
INSM,IWM,0.43,0.0,0.81,0.666667,-1.148148,0.3–0.4,0.2–0.3,03:30,09:00
INSP,IWM,0.57,0.7,1.4,0.359286,-0.605714,0.3;0.5,0.1–0.2;0.5,,09:00
INSW,SPY,0.15,0.06,1.07,0.455327,-0.515888,0.2,0.2,04:00–09:30,09:00
INTA,IWM,0.88,0.98,0.8,-0.048,0.053,0.6;1.7;2.7,0.2–0.5,,09:00
INTC,SPY,0.62,0.48,3.78,0.32381,-0.177249,0.2,0.3,00:00;01:30,04:00
INTL,SPY,0.91,1.19,0.55,0.057455,0.313636,2.7,0.2,,09:00
INTU,SPY,0.7,0.66,1.0,0.2128,-0.467,0.2–0.3,0.1,,09:00
INTW,SPY,0.64,2.02,7.56,0.515344,-0.526323,0.2–0.6;0.8,0.0;0.2,00:00;01:30;02:30–03:00;04:30–05:30;06:30;07:30–09:30,09:00
INVA,IWM,-0.05,0.0,1.28,0.414062,-0.507812,0.2,0.4,,08:30
INVH,IWM,-0.1,0.03,0.41,0.70561,-0.967073,0.7,0.2,,09:00
INVX,XLE,0.9,1.65,1.19,1.405882,-0.513025,1.4,0.0;0.4,,09:00
IONL,QQQ,0.83,5.58,5.3,3.774642,-0.79917,2.7,0.0–0.1;0.3–0.5,00:00;03:00;06:00–06:30,08:30
IONQ,SPY,0.81,3.08,2.62,3.419542,-2.628244,0.2–0.7;0.9;1.3,0.0–0.5,00:00–00:30;01:30–02:30;03:30–05:00;06:00–09:30,09:00
IONQ/W,SPY,0.74,4.46,3.75,8.228267,-2.489227,2.7,0.0,,09:00
IONS,IWM,0.33,0.21,2.17,0.335253,-0.451336,0.2,0.2,,09:00
IONX,IWM,0.79,5.31,5.3,-0.323075,-4.274604,2.7,0.1–0.4,00:00;03:00;06:00–06:30,08:00
IONZ,SPY,-0.8,-7.53,5.25,3.371143,-7.83379,0.2,0.0–0.2,00:00;01:30–02:00;04:00–09:30,07:00;09:00
IOO,SPY,0.98,1.16,0.51,0.829804,-0.241569,0.3;0.6,0.0–0.1;0.4,,09:00
IOSP,IWM,0.83,0.4,0.45,0.835556,-1.057778,1.3,0.0;0.2,,09:00
IOT,SPY,0.92,1.77,1.94,0.083763,-0.94134,0.2;0.5–0.7;0.9;1.1;1.3;1.5,0.0;0.2–0.3,02:00;06:30–09:30,09:00
IP,SPY,0.51,0.22,1.0,0.4598,-0.8238,0.2,0.1,04:30–09:30,09:00
IPAR,IWM,0.56,0.27,0.51,1.505098,-0.486275,0.6,0.3;0.5,,09:00
IPG,IWM,0.63,0.34,0.47,0.622553,-0.358723,0.7,0.0;0.2,,09:00
IPGP,IWM,0.91,1.3,1.38,1.385507,-0.932609,0.2,0.1,,09:00
IPI,SPY,0.63,0.9,1.25,-0.0256,-0.5176,1.0;2.7,0.4–0.5,01:30,09:00
IPO,QQQ,0.95,1.83,1.13,1.171239,-1.899912,2.7,0.0,,09:00
IPX,GDX,0.52,1.07,2.72,1.077647,-0.508199,0.8,0.1,01:00,09:00
IQQQ,SPY,0.98,1.31,0.6,0.756,0.0425,2.7,0.0,,09:00
IQV,IWM,0.75,0.59,0.86,0.345349,-0.697209,0.7–0.8,0.0,,09:00
IR,IWM,0.82,0.88,0.8,0.4585,-0.2155,0.5;0.8,0.1–0.3,,09:00
IRDM,IWM,0.82,1.01,1.48,0.393784,-0.458176,0.2–0.6;0.8,0.0–0.4;1.1,00:00;01:30–02:00;03:00;04:00;05:00;06:30–07:00;08:00–09:30,07:30;09:00
IRE,IWM,0.92,10.38,12.79,4.926568,-1.66921,2.7,,,08:30
IREN,SPY,0.81,4.93,4.8,3.368979,-2.897,0.2–0.5;0.7–0.8;1.2,0.0–0.2;0.8,00:00–00:30;01:30;03:30–04:00;05:30–09:30,07:30;09:00
IREX,IWM,0.99,11.5,13.86,9.04329,-2.5349925,2.7,,,
IRM,IWM,0.81,0.62,0.57,0.32,-0.333333,0.6–0.7;1.1,0.0;0.2,,09:00
IRON,IWM,0.64,0.43,1.95,0.225487,-0.464103,0.2–0.3,0.4,,
IRS,SPY,0.77,1.73,3.76,0.83641,-0.394441,0.5,0.0;0.3,,09:00
IRT,IWM,0.57,0.25,0.59,1.101695,-0.436441,0.3–0.4,0.0;0.2,,09:00
IRTC,SPY,0.68,0.68,1.77,0.23322,-0.256045,0.3,0.2,,09:00
ISPY,SPY,0.96,0.86,0.44,0.223182,-0.226818,0.3–0.4,0.0–0.1;0.4,,09:00
ISRG,IWM,0.58,0.37,2.2,0.424818,-0.224864,0.2–0.3,0.6,01:30,09:00
ISSC,IWM,0.82,1.08,3.23,0.090402,-0.170155,0.3;0.5;0.7;1.2,0.2–0.4,04:00;05:00;06:00;07:00–09:30,09:00
ISTB,SPY,0.5,0.06,0.07,6.897143,-8.048571,2.7,0.1,,
ISUL,SPY,0.56,0.53,6.59,1.42808,-0.488695,,,,
IT,IWM,0.78,0.73,0.73,1.076301,0.257534,0.3;0.6,0.0–0.2,03:00–09:30,09:00
ITA,IWM,0.91,0.6,0.52,0.796154,-0.853846,1.0,0.0;0.2,02:30,09:00
ITB,IWM,0.77,0.67,0.8,0.385375,-0.594875,0.2–0.3;0.5,0.1–0.3,03:00,08:00
ITIC,SPY,0.62,0.83,0.99,0.637576,0.696162,,,,
ITOS,NONE,1.0,1.03,0.46,,,,,,
ITOT,SPY,1.0,1.03,0.46,0.097609,-0.005435,0.2;0.7,0.0,03:30,08:30
ITRI,IWM,0.93,0.99,0.82,-0.213659,-0.044756,0.5,0.3,,09:00
ITRN,IWM,0.78,0.68,0.78,0.933846,-0.497949,0.4–0.5,0.1;0.3,,09:00
ITT,IWM,0.93,0.85,0.64,0.660938,-1.0625,0.3,0.0;0.6,,09:00
ITW,SPY,0.6,0.45,0.57,0.344737,-0.648246,0.3;0.5,0.1,,09:00
IUSB,SPY,0.57,0.21,0.15,3.38,-4.23,1.9,0.1,,08:00
IUSG,QQQ,0.99,0.91,0.61,0.211639,-0.383443,0.2;0.4,0.3–0.4,02:00;05:30–09:30,09:00
IUSV,SPY,0.93,0.65,0.31,0.485484,-1.285484,,0.1,,09:00
IVE,SPY,0.94,0.63,0.29,1.222414,-1.446897,1.0,0.0,02:30–09:30,09:00
IVES,QQQ,0.96,1.78,1.12,0.86125,-0.247321,0.5,0.0–0.2,00:00–00:30;03:30;05:30;07:30,09:00
IVOL,SPY,0.23,0.03,0.26,2.156538,-2.052692,,0.0,,09:00
IVOO,IWM,0.98,0.75,0.52,0.552885,-0.278846,0.2;0.4,0.2–0.3,,09:00
IVV,SPY,1.0,1.0,0.44,0.613636,-0.659091,0.2,0.2,,08:00–08:30
IVVW,SPY,0.87,0.46,0.3,-0.0456665,-2.184,,,,
IVW,QQQ,0.99,0.99,0.62,0.161613,-0.167581,0.2–0.3,0.4,,09:00
IVZ,SPY,0.9,1.61,0.75,0.387467,-0.698267,1.1,0.0–0.2;0.4,,09:00
IWB,SPY,1.0,1.06,0.45,0.131111,0.048889,0.2,0.1,,09:00
IWC,IWM,0.96,1.18,0.82,0.076585,-0.443659,0.4,0.1–0.2,,09:00
IWD,IWM,0.95,0.45,0.3,0.97,-2.38,1.1–1.2;1.5,0.2,,09:00
IWF,SPY,0.99,1.44,0.62,0.872258,-0.060645,0.3,0.0,00:00;03:30–09:30,09:00
IWM,SPY,0.93,1.43,0.66,0.762727,-0.904848,0.2–0.7,0.1;0.5,00:00–03:30;04:30;06:30;07:30–08:00;09:00–09:30,08:00
IWMI,IWM,0.97,0.57,0.47,0.477447,-1.093404,0.5;2.7,0.0–0.1,03:00;04:00,09:00
IWMY,IWM,0.94,0.67,0.47,0.764043,-0.659574,0.5;0.7,0.0,05:30,09:00
IWN,IWM,0.99,0.88,0.57,0.491228,-0.529123,0.2;0.5,0.1,04:00,09:00
IWO,IWM,0.99,1.11,0.78,0.570641,-0.146026,0.2,0.3,,09:00
IWP,SPY,0.96,1.3,0.58,0.344828,-1.325862,0.5,0.0–0.1,,09:00
IWR,IWM,0.97,0.59,0.41,0.822683,-0.942439,0.6;0.9,0.2–0.3,,09:00
IWV,SPY,1.0,1.06,0.46,0.232609,0.07087,0.2,0.3,,09:00
IWY,SPY,0.99,1.5,0.65,1.069231,0.176923,2.7,0.0–0.3,00:00;02:30;03:30–09:30,09:00
IX,SPY,0.41,0.6,1.04,0.336538,-0.415385,0.2–0.3,0.0;0.3,,09:00
IXC,SPY,0.56,0.24,0.49,0.892245,-1.022041,0.6,0.1,,09:00
IXJ,SPY,0.52,0.3,0.34,2.097059,-1.379412,0.4,0.0–0.3,,
IXN,QQQ,0.98,1.3,0.85,0.714118,-0.411765,0.5,0.1,03:00–09:30,09:00
IXUS,SPY,0.94,1.1,0.5,0.276,-0.582,0.2,0.2–0.3,00:30,09:00
IYE,SPY,0.58,0.37,0.49,1.111429,-1.086939,0.7,0.0,,09:00
IYF,IWM,0.91,0.43,0.32,1.647188,-1.146875,1.0,0.0,,09:00
IYH,IWM,0.44,0.2,0.34,1.405882,-1.917647,0.7,0.2,,09:00
IYK,IWM,-0.22,0.0,0.31,1.709677,-3.0,1.0,0.2–0.3,,
IYR,IWM,0.43,0.37,0.4,1.308,-0.7695,0.6,0.2–0.3,,09:00
IYRI,IWM,0.62,0.22,0.29,1.367586,-1.594483,2.7,0.1,,09:00
IYT,IWM,0.87,0.56,0.56,0.832143,-0.808571,0.6,0.2;0.4–0.5,,09:00
IYW,QQQ,0.99,1.27,0.82,0.536707,-0.178415,0.2–0.3,0.0–0.1,01:00;02:30;05:00,09:00
IYZ,SPY,0.95,1.08,0.66,0.519394,-1.632121,0.5–0.6,0.0–0.2,,09:00
IZRL,SPY,0.68,1.13,1.05,-0.196286,-0.390476,,0.0,,08:00
J,IWM,0.89,0.62,0.49,0.802449,-0.645306,0.6;0.8,0.2–0.3,,09:00
JAAA,QQQ,0.14,0.02,0.03,11.373333,-31.566667,2.7,0.1,04:00;05:00–09:30,09:00
JACK,IWM,0.63,0.88,0.82,-0.198049,-0.352195,1.0;1.7,0.1–0.2,02:30;04:00,09:00
JAKK,IWM,0.8,0.71,1.59,0.247421,-0.468805,0.2,0.0,,09:00
JANX,IWM,0.67,1.21,1.15,0.012,-1.133043,1.8,0.0–0.3,,09:00
JAZZ,SPY,0.55,0.25,0.68,0.676471,-0.698529,0.3;0.5,0.2,03:30–09:30,09:00
JBBB,QQQ,0.14,0.04,0.09,3.12,-10.653333,2.7,0.1,,09:00
JBGS,SPY,0.59,0.61,1.28,0.435625,-0.832578,0.2;0.4,0.0;0.3,,09:00
JBHT,IWM,0.65,0.45,2.24,0.341518,-0.263393,0.2,,,
JBL,SPY,0.92,2.07,1.5,0.5212,-1.363267,0.5;1.2,0.0;0.3,06:00–09:30,09:00
JBND,SPY,0.42,0.18,0.18,2.462222,-3.46,,0.0,,09:00
JBS,SPY,0.52,0.45,0.93,0.284946,-0.360215,0.2;0.5,0.0–0.2,03:00;04:00,09:00
JBTM,IWM,0.87,0.88,1.13,0.062301,-0.624779,0.2;0.6;0.8,0.2,,09:00
JCAP,SPY,0.69,0.85,0.83,0.403012,-0.458434,0.6,0.0–0.2,,09:00
JCI,IWM,0.92,0.79,1.27,0.326063,-0.271181,0.2–0.3;0.6,0.0–0.2,,08:30
JCPB,SPY,0.56,0.14,0.15,1.133333,-3.646667,2.7,0.0,,09:00
JD,KWEB,0.92,0.89,1.55,0.17871,-0.196065,0.2–0.4;0.8,0.1;0.3–0.4;0.7;0.9;1.2;1.5;1.7;2.0;2.2,00:00–01:00;02:00–05:30;06:30–07:00;08:30–09:30,08:00
JEDI,IWM,0.83,1.2,1.29,0.446512,-0.207752,2.7,0.4,03:30–09:30,09:00
JEF,SPY,0.9,1.82,1.31,1.507939,-1.12916,2.7,0.0–0.3,04:30–09:30,08:30–09:00
JEPI,SPY,0.88,0.41,0.2,1.589,-3.3915,0.2–0.5;0.7;1.0,0.0–0.1,00:00–00:30;02:00;03:00–04:00,07:00;08:30
JEPQ,QQQ,0.98,0.62,0.43,0.48093,-1.588372,0.2–0.4,0.0–0.2,00:00–03:00;04:00–04:30;06:00;07:00,04:00
JETS,IWM,0.91,0.73,0.73,0.297397,0.079452,0.4–0.6;1.1–1.2,0.0;0.2–0.3;1.4,05:00;06:00;07:00–09:30,09:00
JFIN,SPY,0.58,1.32,1.13,2.249204,-1.04,2.5;2.7,0.0–0.1,,09:00
JFLI,SPY,0.83,0.57,0.35,1.921143,-0.661143,,,,
JG,IWM,0.29,0.78,2.59,0.348417,-0.303012,,,,09:00
JHG,SPY,0.89,1.4,2.14,0.28785,-0.214019,0.4,0.2,,09:00
JHX,IWM,0.69,0.89,4.16,0.2825,-0.220745,0.2,0.2,05:30,09:00
JILL,IWM,0.84,0.88,0.87,0.644138,-0.066667,0.8,0.1,,09:00
JJSF,IWM,0.2,0.06,0.39,1.976923,-0.011282,0.6;0.9,0.3,,09:00
JKHY,XLF,0.66,0.64,0.55,0.526545,-0.438545,0.6,0.3,,09:00
JKS,SPY,0.89,2.47,1.47,3.428163,-0.775646,2.7,0.0–0.2;0.4,02:30;05:00,09:00
JLL,IWM,0.71,0.96,0.83,0.172048,-0.073253,0.5,0.0–0.1,,09:00
JMTG,SPY,0.24,0.08,0.18,2.417778,-2.466667,2.7,0.0–0.1,,09:00
JNJ,IWM,-0.37,-0.18,0.46,0.867391,-0.743913,0.2;0.4–0.5,0.0–0.3,00:00–00:30;03:00;07:30–09:30,03:00;09:00
JNK,IWM,0.92,0.16,0.12,3.196667,-2.53,2.7,0.3,,09:00
JNUG,QQQ,0.58,3.09,3.94,3.285152,-0.709137,2.7,0.0–0.1;0.4,01:00–02:30;07:00,09:00
JOBX,IWM,0.87,6.51,6.62,4.032644,-2.419215,2.7,0.0;0.3;0.5,04:00–09:30,08:30–09:00
JOBY,SPY,0.85,3.98,3.12,3.44609,-3.695385,0.2–0.3;0.7;1.1;1.4,0.0–0.2,00:00–00:30;01:30;02:30;04:00–05:30;06:30–09:30,09:00
JOYY,KWEB,0.68,0.27,0.79,1.422405,-0.912911,0.4,,,09:00
JPIE,SPY,0.56,0.04,0.05,11.328,-11.16,2.7,0.0–0.1,03:00–09:30,09:00
JPM,XLF,0.88,0.88,0.46,0.195652,-0.504348,0.2–0.7;0.9–1.0,0.0–0.4,01:00;03:00;06:00–07:00,08:30
JPMO,IWM,0.48,0.41,0.54,0.831667,-0.971481,1.0,0.2;0.4,,08:30
JPST,IWM,0.1,0.0,0.03,10.0,1.333333,2.7,0.3–0.4,,09:00
JPX,SPY,0.66,1.07,1.44,0.460069,-0.365069,,,,09:00
JPXN,SPY,0.65,0.5,0.79,0.531646,-0.21519,,,,
JTEK,SPY,0.97,2.2,1.0,0.564,-1.622,1.1,0.0–0.1;0.3,,09:00
JXN,XLF,0.85,1.6,0.78,1.238462,-1.897436,2.7,0.1–0.2;0.5,,09:00
K,IWM,-0.32,-0.02,0.61,0.820984,-1.526885,0.6,0.2–0.3,,09:00
KAI,IWM,0.89,0.85,0.87,0.252299,-0.48046,0.7,0.1,,09:00
KALU,IWM,0.88,1.18,1.75,0.649829,-0.962971,0.3,0.3,,08:30
KALV,IWM,0.64,0.64,1.61,-0.04795,-0.430062,0.4;0.8,0.0–0.2,01:30;04:00;05:00–09:30,09:00
KAR,IWM,0.81,0.43,0.61,0.716885,-0.278525,0.6,0.1,,09:00
KARO,SPY,0.67,0.64,1.64,0.554878,-0.149024,0.3,0.1,,09:00
KARS,IWM,0.77,0.95,1.26,0.63373,-0.624603,0.4,,,
KB,SPY,0.54,1.37,1.66,1.098916,-0.581325,0.3,0.2–0.4,,
KBA,SPY,0.62,1.15,1.19,0.626471,-0.469748,,0.1,,09:00
KBAB,IWM,0.7,3.82,4.96,3.058065,-2.612016,2.7,0.2,,09:00
KBDC,XLF,0.49,0.48,0.5,0.352,-0.7272,0.7;0.9,0.2,,09:00
KBE,IWM,0.91,0.69,0.49,1.211837,-0.749184,0.3–0.4,0.0;0.4,,09:00
KBH,IWM,0.58,0.54,0.92,1.150652,-0.537609,0.3;0.6–0.7;1.0,0.0;0.2–0.3,04:30–09:30,08:30
KBR,IWM,0.81,0.61,1.23,0.137236,-0.384065,0.2–0.3,0.0,03:30–09:30,09:00
KBWB,IWM,0.9,0.46,0.44,1.22,-0.505,0.4;0.6,0.1,,08:00;09:00
KBWD,IWM,0.89,0.34,0.29,1.491034,-1.310345,1.5;1.7,0.2,03:00–09:30,08:30
KBWY,IWM,0.78,0.29,0.31,0.967742,-1.013871,1.0,0.2,,09:00
KC,IWM,0.77,3.22,2.99,1.408963,-1.893378,2.7,0.4,02:00;03:00;07:00–09:30,08:30–09:00
KD,SPY,0.92,1.78,1.01,1.002178,-1.320396,1.3;2.0,0.0–0.3,00:00–00:30;02:30,09:00
KDEF,QQQ,0.68,1.56,2.11,0.999052,-1.03564,,0.3;0.5,,09:00
KDK,IWM,0.53,0.11,3.31,0.24858,-0.169517,0.2,,03:30–09:30,08:30–09:00
KDP,IWM,-0.09,0.03,1.58,0.251013,-0.408228,0.2;0.4,0.3,,08:30
KE,IWM,0.8,0.63,1.74,0.200402,0.032011,0.3,0.0;0.2,,09:00
KELYA,IWM,0.77,0.64,1.98,0.314545,-0.256768,0.2,,,09:00
KEN,IWM,0.61,1.35,1.87,0.670053,-2.770053,,0.1,,
KEP,SPY,0.61,1.32,2.39,1.268787,-1.531046,2.7,0.0–0.2,05:30,09:00
KEX,IWM,0.77,0.69,1.22,0.630574,-0.673852,0.4;0.7,0.2,,09:00
KEY,XLF,0.94,1.29,0.67,0.735373,-0.560149,0.4–0.6,0.0–0.2;0.4,03:30,09:00
KEYS,IWM,0.95,0.99,1.0,0.2429,0.0167,0.3;0.5,0.2–0.3;0.5,,09:00
KGC,GDX,0.98,0.95,1.97,0.150508,-0.244416,0.2–0.6,0.0–0.3;0.5–0.9;1.2–1.4;1.8;2.1;2.7;3.0,00:00–05:30;06:30–09:30,03:00;04:00;05:00;07:30
KGLD,SPY,0.56,0.9,1.15,0.777391,-0.921739,,0.0,,09:00
KGS,IWM,0.74,0.92,1.14,0.639649,0.244912,0.3;0.5;0.8;1.0,0.5,01:00,08:30–09:00
KHC,IWM,0.17,0.1,0.43,1.434884,-0.788372,0.2;0.6–0.7;1.0,0.0–0.4,00:00;02:00–03:00;04:00;07:00–07:30,08:00
KIE,IWM,0.71,0.34,0.32,1.055625,-0.438125,0.4,0.2,,09:00
KIM,IWM,0.51,0.21,0.43,1.280233,-0.34,1.1,0.2,,09:00
KINS,XLF,0.5,0.59,0.88,0.312273,-0.635568,0.4–0.5,0.0–0.1,,09:00
KIO,NONE,0.75,0.0,3.34,,,,,,
KJD,SPY,0.75,0.0,3.34,,,,,,
KKR,XLF,0.84,1.55,1.11,0.222973,-0.048198,0.6,0.0–0.3,03:00–09:30,09:00
KLAC,SOXL,0.89,0.21,1.35,0.498519,-2.68363,0.9,3.0,00:00;01:00,03:00
KLAR,SPY,0.82,1.44,1.6,0.46725,-0.5885,0.2–0.3;0.6,0.0–0.3,00:00–01:00;02:00;06:30;07:30–08:00,07:00;08:30–09:00
KLG,NONE,0.9,0.29,1.35,,,,,,
KLIC,SOXL,0.9,0.29,1.35,1.210889,-3.486444,0.5,,,09:00
KLIP,SPY,0.64,0.5,0.63,0.02381,-0.642857,0.3;0.5,0.0,,09:00
KMB,IWM,-0.1,-0.01,1.65,0.434424,-0.563333,0.2,0.4–0.5,04:00–09:30,08:30
KMI,SPY,0.67,0.41,0.41,0.216829,-1.749268,0.2–0.8;1.0,0.0–0.2,00:00;01:00–01:30;02:30–03:00;05:00;07:00–09:30,08:30–09:00
KMLI,SPY,0.73,3.0,3.02,1.68543,-1.6092714999999997,2.7,0.1–0.2,,08:00;09:00
KMPR,XLF,0.61,0.82,1.39,0.031942,-0.489353,0.2,0.1;0.4,,09:00
KMT,IWM,0.9,0.94,1.61,0.298758,-0.268199,0.2;0.8,0.2,04:00–09:30,09:00
KMTS,SPY,0.77,1.84,1.75,2.174171,-1.253486,2.7,0.0,,09:00
KMX,IWM,0.71,0.94,3.05,-0.003016,-0.541967,0.2,0.0–0.2,00:00–00:30;01:30;07:00–09:30,09:00
KN,IWM,0.93,1.16,0.94,0.325957,-0.651915,0.4;0.8;1.0,0.0;0.3–0.4,,09:00
KNF,IWM,0.78,0.77,1.37,0.116423,-0.104234,0.6–0.7,0.1–0.2,,09:00
KNG,IWM,0.75,0.19,0.21,1.929524,-1.458095,,0.2,,09:00
KNSA,QQQ,0.14,0.17,0.87,0.55069,-0.701379,0.4–0.5,0.3,,08:30
KNSL,XLF,0.33,0.39,0.69,0.247391,-0.987391,0.6,0.1–0.2,,09:00
KNTK,SPY,0.79,0.94,1.15,0.970609,-0.477913,0.3,0.2–0.3,,08:00;09:00
KNX,SPY,0.67,1.14,1.18,0.202373,-0.272881,0.9,0.0–0.1,,09:00
KO,IWM,-0.42,0.0,0.53,1.226415,-0.716981,0.2–0.6,0.1–0.3,00:00–03:30;04:30;06:00;07:30–08:00,03:00;07:00–07:30
KOF,IWM,0.37,0.13,0.39,1.493846,-0.909744,0.5,0.2,,09:00
KOID,IWM,0.77,1.07,1.2,0.477667,-0.501583,0.4,0.0–0.1,,09:00
KOLD,IWM,0.07,1.19,2.85,0.769789,-1.329368,0.2–0.5;0.8–1.0,0.0–0.1;0.3–0.4;0.6,00:30–01:00;02:00–03:00;04:00;05:00;06:00–08:00,06:30
KOMP,IWM,0.96,1.05,0.9,0.51,-0.381667,0.3;0.5,0.3,01:30–09:30,09:00
KORP,SPY,0.5,0.26,0.18,0.72,-1.757778,,0.1,,
KORU,SPY,0.85,8.59,4.8,14.962521,-7.325646,2.7,0.0,02:30;03:30,07:00
KPDD,IWM,0.76,1.84,2.44,1.313443,-0.80459,1.7;2.7,0.2–0.4,04:00–04:30;07:30–09:30,09:00
KPLT,XLF,0.63,1.9,2.85,1.028772,-1.401053,2.0,0.2–0.3,,09:00
KQQQ,SPY,0.8,1.53,0.89,0.820112,-0.436966,2.7,0.1,,09:00
KR,IWM,-0.58,-0.17,0.58,0.646207,-0.690345,0.2;0.4;0.9,0.1–0.2,01:00;02:30,09:00
KRBN,IWM,0.08,0.07,0.63,1.081746,-1.416984,0.4,0.2,,
KRC,IWM,0.77,0.56,0.97,0.54268,-0.714639,0.2–0.3,0.2,,09:00
KRE,IWM,0.9,0.7,0.57,1.003509,-0.629825,0.2–0.6;1.2,0.0;0.3–0.5,03:00;05:00–05:30;06:30–09:30,08:00
KRG,IWM,0.58,0.36,0.48,0.749167,-0.584167,0.4,0.0–0.2,,09:00
KRMN,SPY,0.84,1.57,2.31,-0.135411,0.089913,0.5;0.8;1.6–1.7,0.0–0.3,02:00;05:00,09:00
KRNT,IWM,0.89,1.19,1.25,0.29456,-0.25688,0.8;1.5,0.0;0.3;0.6,,09:00
KROS,IWM,0.5,0.42,0.76,0.639211,-0.963947,0.8,0.0–0.2,,09:00
KRP,XLE,0.88,0.61,0.59,0.257288,-0.382542,0.5,0.0;0.8,,09:00
KRRO,IWM,0.82,1.53,9.79,0.276742,-0.402891,0.2–0.3,,,09:00
KRT,SPY,0.77,0.66,1.01,0.869901,-0.136832,0.2–0.3,0.2,,09:00
KRUS,IWM,0.75,0.8,1.11,0.234234,-0.363964,1.1,0.1,,09:00
KRYS,IWM,0.64,0.59,0.76,0.895132,-0.325132,0.9,0.2,,09:00
KSA,SPY,0.42,0.39,0.6,0.622833,-0.977,0.3,0.0–0.1,,09:00
KSLV,IWM,0.64,1.89,1.81,0.732155,-1.647486,,,,
KSPI,SPY,0.74,0.92,0.99,0.615354,0.022626,0.9,0.0;0.2,03:30;05:30–09:30,09:00
KSS,IWM,0.78,0.88,3.48,0.247241,-0.212874,0.2–0.4,0.0–0.1;0.3,02:30;06:00–07:00,08:30
KSTR,SPY,0.64,1.84,2.3,1.11113,-0.650783,2.7,0.0,03:30,03:00
KT,QQQ,0.54,0.17,0.77,0.439481,-1.287662,0.3,0.0,,09:00
KTB,IWM,0.73,0.76,0.98,-0.120408,-0.181224,0.6;0.9,0.3,,09:00
KTEC,IWM,0.78,1.52,1.4,0.691714,-0.945714,2.7,0.4,,09:00
KTOS,SPY,0.88,2.61,2.14,0.188084,-4.79757,0.2;0.4;1.1;1.6;2.4,0.0–0.3,00:00–01:00;02:00;07:30–09:30,09:00
KTUP,IWM,0.88,4.17,5.18,2.291062,-6.148205,2.7,,,09:00
KURE,SPY,0.6,1.24,1.56,0.208718,-1.131538,0.8,0.3,,09:00
KVAC,NONE,0.04,0.14,2.49,,,,,,
KVUE,SPY,0.04,0.14,2.49,0.35743,-0.260321,0.3,,,
KVYO,IWM,0.81,1.52,1.56,0.419487,-0.583077,0.4;1.5;1.9,0.1–0.3,03:30;04:30–09:30,09:00
KWEB,IWM,0.75,1.36,1.42,0.933521,-0.779718,0.2–0.4,0.0–0.1,00:00–01:30;07:30,00:30;01:30–02:00
KWR,IWM,0.86,1.14,0.96,0.560208,-0.590417,1.0,0.5,,09:00
KYIV,SPY,0.61,2.34,2.6,0.148769,-0.655769,1.3–1.4;2.4,0.0–0.3,02:30;05:30–09:30,09:00
KYLD,SPY,0.98,2.08,1.54,0.707792,,,,,
KYMR,IWM,0.75,0.95,1.33,0.696241,-1.340226,0.4;0.7,0.0;0.2,,09:00
KYN,QQQ,0.73,0.34,0.41,1.06,-1.930732,1.0,0.0;0.2,,09:00
L,XLF,0.63,0.6,0.42,0.685714,-0.357143,1.0,0.0–0.2,01:00–09:30,09:00
LABU,IWM,0.87,2.26,1.81,0.117238,-1.463867,0.7;1.2,0.0–0.3;0.5–0.6,00:00–01:00;02:30;03:30–04:00;05:30;07:30–09:30,09:00
LABX,IWM,0.88,6.9,6.91,5.677569,-2.719537,2.7,0.1–0.2,04:00–09:30,09:00
LAD,IWM,0.76,0.84,0.89,0.612584,-0.05618,0.3,0.1–0.2,,09:00
LADR,XLF,0.79,0.7,0.37,0.47027,-0.197297,2.7,0.1–0.2;0.5,,09:00
LAKE,IWM,0.82,0.98,0.97,0.550309,-0.319588,2.7,0.1,,09:00
LAMR,IWM,0.66,0.37,0.47,0.899362,-1.42234,0.5,0.2;0.5,,09:00
LASR,QQQ,0.94,2.77,2.71,0.843026,-0.915387,2.7,0.1–0.3,03:30,09:00
LAUR,SPY,0.45,0.31,1.78,0.428315,-0.325281,0.2,0.3,,09:00
LAYS,SPY,0.74,5.62,5.57,-2.765709,-5.974542,2.7,,,09:00
LB,IWM,0.75,0.87,1.44,0.178125,-0.476181,0.4;0.6;0.8,0.3–0.5,,09:00
LBRDA,IWM,0.58,0.31,1.22,0.231148,-0.747787,0.2,0.2,,
LBRDK,IWM,0.63,0.32,1.1,0.425455,-0.933455,0.2;0.4,0.2;0.5,,09:00
LBRT,XLE,0.82,1.55,1.56,1.482051,0.188141,0.8,0.0–0.1;0.6,,09:00
LBRX,QQQ,0.49,0.38,1.42,0.804366,-0.383099,,0.2,,09:00
LBTYA,IWM,0.69,0.42,0.63,0.527302,-0.518413,0.4;0.6,0.2–0.3,,09:00
LBTYK,IWM,0.75,0.42,0.61,0.671803,-1.123279,0.5,0.2,,09:00
LC,SPY,0.9,2.1,2.23,0.078027,-0.404036,1.2;1.5,0.0–0.2,04:30;06:00–09:30,08:30
LCDL,SPY,0.75,3.07,2.81,-0.703915,-1.857046,2.7,0.0–0.3,03:00;04:00–05:00,04:00;07:30;08:30
LDOS,IWM,0.21,0.07,0.4,1.0985,-2.3145,2.7,0.2,,09:00
LE,SPY,0.85,1.73,1.37,0.807591,-1.518029,2.7,0.0–0.1,,09:00
LEA,SPY,0.8,0.79,0.74,0.548784,-0.554189,0.4–0.5,0.0;0.3,,09:00
LECO,IWM,0.88,0.58,0.59,0.887119,-0.747119,0.4,0.2–0.3,,
LEGH,IWM,0.63,0.48,0.8,0.954,-0.5025,0.5,0.3,,09:00
LEGN,SPY,0.5,0.49,0.78,-0.281667,-0.534872,0.3;0.5–0.8;1.1,0.0–0.2;0.4,01:00;05:30–09:30,09:00
LEN,IWM,0.5,0.67,1.39,1.074388,-0.464029,0.2–0.3;0.6,0.1–0.3;0.5;0.8,00:00;01:30–03:30;06:30–09:30,08:30
LEN.B,IWM,0.61,0.88,0.96,-0.00375,-1.229583,0.2,0.2–0.3,,09:00
LENZ,IWM,0.77,1.3,1.9,-0.143158,0.318421,1.3;2.7,0.0;0.3–0.5,00:00;03:30;04:30;05:30,09:00
LEU,IWM,0.75,3.58,4.09,0.885086,-3.316039,0.5;1.6,0.0–0.2;0.5,00:00–01:00;02:30;03:30;06:30;07:30–09:30,09:00
LEVI,IWM,0.73,0.73,1.36,-0.063971,-0.216838,0.2–0.3,0.0–0.1;0.4;1.1,00:00;02:00;05:30,09:00
LFGY,QQQ,0.91,1.42,1.12,0.276429,-1.096071,1.1;2.7,0.0–0.2;0.5,00:00;01:00–01:30;06:30–09:30,09:00
LFMD,IWM,0.9,1.23,1.1,0.131909,-0.991545,0.7;1.0;1.5;1.7;2.4;2.7,0.0–0.3;0.5,02:30;04:00;05:30;06:30;07:30–09:30,09:00
LFUS,IWM,0.93,1.21,0.9,-0.522444,0.143222,0.4;1.1;2.7,0.3–0.5,,09:00
LFVN,IWM,0.71,0.57,2.84,0.406549,-0.214331,0.5,0.2,,09:00
LGCY,SPY,0.59,0.8,2.0,0.027,-0.365,0.5,0.2;0.4,,09:00
LGIH,IWM,0.56,1.28,1.46,1.078356,-0.752877,0.3,0.1;0.6,,08:30–09:00
LGN,SPY,0.48,0.49,1.57,-0.103439,-0.119236,,0.3,03:00,09:00
LGND,SPY,0.66,0.46,0.68,-0.095,-0.507353,0.2;0.4–0.6,0.1,,09:00
LH,IWM,0.16,0.03,0.62,0.914032,-0.681613,0.4,0.2,,09:00
LHX,IWM,0.25,0.14,0.43,1.167907,-0.987907,0.5–0.7,0.2–0.3,04:00,09:00
LI,IWM,0.55,0.95,1.8,0.369444,-0.567778,0.2–0.5;0.7,0.0;0.4,00:30–01:30;04:00;06:30–07:00;08:30,04:00;09:00
LIF,SPY,0.88,2.18,2.31,1.728745,-0.844848,1.6,0.0;0.2–0.3,,09:00
LII,IWM,0.75,0.54,0.71,0.467324,-0.630704,0.4,0.1–0.2,,09:00
LIN,XLE,0.56,0.06,0.44,0.354545,-1.036818,0.4,0.1,,09:00
LINC,IWM,0.73,0.56,1.27,0.191181,-0.04189,0.3;0.7,0.0,,09:00
LIND,IWM,0.78,0.77,1.19,-0.172017,-0.520336,0.6–0.8,0.3,,09:00
LINE,IWM,0.54,0.46,0.93,0.532258,-0.858065,0.5,0.0;0.2–0.3,,08:30
LIT,IWM,0.69,1.24,1.76,1.316818,-0.704545,0.7,0.0–0.2,00:00;05:00–09:30,09:00
LITE,IWM,0.91,2.66,3.32,1.101687,-2.138253,0.2;1.0,0.0;0.2–0.4,00:00;02:00;03:00;06:30–09:30,09:00
LIVN,IWM,0.63,0.21,0.78,0.525256,-0.307051,0.2,0.2,,09:00
LKFN,KRE,0.9,0.74,0.62,0.835806,-0.148387,0.5,0.1;0.4,,
LKQ,IWM,0.53,0.31,0.78,1.002564,-0.421667,0.2,0.2–0.3,,09:00
LLII,SPY,1.0,1.52,1.72,,,,,,
LLY,IWM,0.4,0.35,0.91,0.396154,-1.064286,0.2–0.3;0.5,0.0–0.3;0.6,00:00;01:00–01:30;03:00;08:00–09:30,03:00;08:00;09:00
LLYVK,IWM,0.82,0.73,0.63,0.55254,0.004921,0.7,0.2,,
LLYX,IWM,0.46,0.88,1.84,0.617174,-0.670435,0.2–0.4;0.6–0.7;0.9,0.0;0.2–0.4,00:30;01:30;03:00;04:00–05:00;06:00–08:30,04:00
LLYZ,QQQ,-0.23,0.16,2.02,0.5030695,-0.2140595,,,,
LMAT,SPY,0.62,0.53,0.62,0.357903,-1.347903,2.7,0.3,,09:00
LMB,SPY,0.88,0.64,1.76,0.540227,-0.165227,0.2;0.4,0.0–0.1,02:00–09:30,09:00
LMBO,IWM,0.89,5.36,3.79,6.536887,-1.707863,2.7,,,09:00
LMND,SPY,0.91,2.8,2.57,0.280156,-1.471595,1.0–1.1,0.0–0.2;0.4,00:00;01:00;04:00;05:00;06:30–09:30,08:00;09:00
LMNX,SPY,0.89,6.77,9.2,3.37288,-1.3313045000000001,2.7,,,
LMT,IWM,0.07,0.14,0.73,0.888493,-0.499452,0.2–0.4,0.1–0.3,01:30;02:30;03:30,03:30;08:00;09:00
LMTL,IWM,0.21,0.54,1.43,0.187133,-0.499161,,,,
LNC,SPY,0.88,0.94,0.93,0.189677,-0.673118,0.9–1.0,0.0;0.2,,09:00
LNG,XLE,0.84,0.46,0.43,0.457209,-0.608372,1.1,0.2,,09:00
LNN,IWM,0.8,0.49,0.92,0.802826,-1.140761,0.4;0.6,0.3,,
LNT,IWM,0.01,0.05,0.36,1.490278,-0.876389,1.5,0.3,,09:00
LNTH,SPY,0.29,0.0,1.09,0.449541,-0.431193,0.2,0.2,,
LNW,NONE,0.8,1.23,0.78,,,,,,
LOAR,SPY,0.8,1.23,0.78,0.813077,-0.558333,1.1,0.0;0.2;0.4,,09:00
LOCO,IWM,0.74,0.27,1.23,0.539756,-0.355203,0.3;0.5,0.2,,
LOGI,QQQ,0.79,0.87,1.02,0.299216,-1.043824,0.2–0.3;0.5,0.3,01:00;06:30–09:30,09:00
LOMA,SPY,0.8,2.4,3.63,2.390083,-0.844077,0.8,0.1–0.4,,09:00
LOPE,IWM,0.09,0.0,1.08,0.462963,-0.444444,0.2–0.3,0.3,,
LOVE,IWM,0.9,0.96,2.1,0.245524,-0.264571,0.3,0.1–0.3,,09:00
LOW,IWM,0.47,0.19,0.68,1.07,-0.145147,0.2;0.4,0.2–0.3,04:30–09:30,08:30–09:00
LPG,SPY,0.56,0.19,1.14,0.386579,-0.513684,0.3,0.2,03:30–09:30,09:00
LPLA,XLF,0.85,1.39,1.55,0.547935,-0.458452,0.8,0.1–0.2,,09:00
LPX,IWM,0.7,0.77,1.11,0.286937,-0.17991,0.5–0.6,0.3,,
LQD,SPY,0.59,0.32,0.22,0.241818,-3.292727,0.5,0.0,02:30;04:00–09:30,08:00;09:00
LQDA,IWM,0.68,0.86,1.82,0.335604,-0.186374,0.2–0.3;0.6,0.0–0.4,00:30;02:00;05:30,09:00
LQDT,IWM,0.83,0.69,0.56,0.497143,-0.079821,0.6,0.0–0.2;0.4,,09:00
LQDW,SPY,0.17,0.09,0.17,2.635294,-3.647059,,0.0,01:30–09:30,
LRCU,QQQ,0.85,4.68,4.1,2.715707,-6.7318535,2.7,,,09:00
LRCX,QQQ,0.93,2.39,1.87,1.657487,-1.304439,0.2–0.9,0.0–0.3,00:00–01:00;02:30–03:00;04:30;06:00;07:00–09:30,03:30
LRN,SPY,0.41,0.37,5.54,0.075108,-1.6434205,,,,
LSCC,IWM,0.92,1.84,1.6,1.3135,0.188,0.8;1.0–1.1,0.0–0.2;0.4–0.5,,09:00
LSPD,IWM,0.9,1.11,1.31,0.030534,-0.258626,0.5;0.8,0.1;0.3–0.4,,09:00
LSTR,SPY,0.6,0.65,0.69,0.788406,-1.297826,0.5;0.7,0.2,,09:00
LTBR,IWM,0.87,3.6,3.16,2.066456,-3.998734,2.7,0.0–0.4,04:30;06:30–09:30,09:00
LTC,IWM,0.22,0.12,0.38,0.746316,-0.654737,1.1–1.2,0.1–0.2,,09:00
LTCC,IWM,0.55,5.11,3.53,7.597337,-5.866176,,,,
LTH,SPY,0.61,0.96,0.98,0.996327,-0.360408,0.2;0.5–0.7;2.7,0.0,,09:00
LTM,SPY,0.5,0.85,1.22,0.652459,-0.07418,0.3–0.4,0.0–0.3,01:30,09:00
LTPZ,SPY,0.35,0.45,0.38,0.388158,-0.503947,0.4,0.1–0.2,,09:00
LULU,IWM,0.79,0.58,2.69,0.263643,-0.37658,0.2,0.3,04:30;05:30–09:30,08:00
LUNR,IWM,0.87,2.64,2.4,2.840833,-1.314333,0.2–0.4;0.6–1.0;1.2–1.4;1.6–1.7,0.0–0.5,00:00–00:30;02:30;03:30–04:00;05:00;06:30–09:30,04:30;07:30;08:30–09:00
LUV,IWM,0.86,0.92,0.89,-0.285843,-0.290337,0.2–0.7;1.0,0.0–0.5,00:00;01:30–02:00;03:30;05:00;06:30–09:30,08:00;09:00
LVHD,IWM,0.65,0.19,0.21,2.082857,-4.110952,1.1,0.2,,
LVHI,SPY,0.82,0.45,0.29,1.077586,-1.815517,0.8,0.1,,09:00
LVS,SPY,0.71,0.79,1.26,0.417857,0.069127,0.2–0.4,0.0–0.1,,09:00
LW,IWM,0.59,0.5,0.99,0.505051,-0.484848,0.5;1.3,0.2–0.3,,09:00
LWAY,IWM,0.47,0.38,3.63,0.209091,-0.192617,,,,09:00
LXFR,NONE,0.81,1.12,1.27,,,,,,
LYB,SPY,0.81,1.12,1.27,0.773543,-1.084724,0.4–0.5,0.0;0.3–0.4,00:30;06:00–09:30,09:00
LYEL,IWM,0.49,0.5,1.68,-0.175595,-0.252976,0.3–0.4,,,09:00
LYFT,SPY,0.9,1.8,2.37,0.195781,-0.742616,0.2–1.0,0.0–0.4;0.6–0.7,00:00–03:30;05:30–07:00;08:00–09:30,07:00
LYFX,IWM,0.85,2.56,3.88,1.547629,-1.914639,,,,
LYTS,IWM,0.86,0.82,2.21,0.066335,-0.068371,0.2,,01:30–09:30,09:00
LYV,SPY,0.73,0.66,0.91,0.244176,-0.751209,0.2–0.3;0.5,0.0,01:00–01:30;03:30–09:30,09:00
LZB,IWM,0.69,0.53,2.1,0.327714,-0.288333,0.2–0.3,,,09:00
M,IWM,0.89,0.73,1.97,-0.019492,-0.237107,0.2–0.3,0.1;0.3,00:00–00:30;03:00;06:00–09:30,08:30
MA,XLF,0.73,0.77,0.37,0.204054,-0.703514,0.5;0.7–0.9,0.0;0.2–0.3,02:30,09:00
MAA,SPY,0.3,-0.01,0.42,1.337143,-1.115,0.2,0.1,,09:00
MAC,IWM,0.71,0.72,0.8,0.369,-1.0095,0.4–0.5,0.2,,09:00
MAG,NONE,0.69,0.44,0.68,,,,,,
MAGA,IWM,0.69,0.44,0.68,,,,,,
MAGC,IWM,0.62,0.76,1.41,0.974184,-0.784681,,,,
MAGN,IWM,0.76,0.96,1.05,0.246476,-0.834286,0.7;1.2,0.4,,09:00
MAGS,QQQ,0.95,1.19,0.87,0.817241,-0.332069,0.2–0.5,0.0–0.3;0.5–0.6,00:00–05:00;06:30;07:30–09:30,07:00
MAGX,QQQ,0.94,2.24,1.65,2.430545,-0.92,2.3,0.0–0.1,02:30;05:30–06:00,09:00
MAGY,SPY,0.88,0.83,0.49,-0.239184,-0.55898,0.3;0.6–0.7;1.0;2.7,0.0–0.2,00:00–00:30;02:00;03:30;06:30–09:30,09:00
MAIN,SPY,0.69,0.3,0.45,0.091111,-1.08,0.4;0.6,0.0–0.1,00:00;03:00;07:00–09:30,09:00
MAN,IWM,0.72,0.94,1.2,0.598833,-0.495667,1.0,0.1–0.2,,09:00
MANH,SPY,0.85,1.4,0.87,0.742529,-0.82069,1.2,0.4,,09:00
MANU,IWM,0.77,0.29,0.86,0.538721,-0.616047,0.4,0.2–0.3,,09:00
MAR,IWM,0.78,0.43,0.49,0.931224,-0.766735,0.8,0.0;0.2,01:30,09:00
MARA,BITO,0.9,1.02,2.24,0.386071,-0.171607,0.2–0.9,0.0–0.2;0.5–0.7;1.1;2.6;3.0,00:00–06:00;07:00–09:30,04:00;07:00
MARO,QQQ,0.86,1.81,1.77,1.77548,-0.067288,2.7,0.1,03:00;04:30,08:30–09:00
MAS,IWM,0.85,0.78,0.96,0.420417,-0.400833,0.4,0.0–0.2,,09:00
MASI,IWM,0.77,0.66,0.76,0.688158,-0.286053,0.5;0.7;2.7,0.2,,09:00
MAT,IWM,0.74,0.69,1.03,0.257767,-0.25068,0.2–0.5,0.1,00:00;02:00;05:00–09:30,09:00
MATW,IWM,0.87,0.92,0.76,0.077895,-0.668421,2.7,0.1–0.2,,09:00
MATX,IWM,0.77,0.75,1.04,0.973558,-0.831731,0.3;0.5,0.2;0.4,,09:00
MAX,QQQ,0.53,0.63,2.61,0.429502,-0.186897,0.3–0.4,,,09:00
MAXI,QQQ,0.78,2.72,2.58,0.731783,-1.763876,2.7,0.1,,09:00
MAZE,IWM,0.2,0.33,4.14,0.199517,-0.198502,0.2–0.3,,,09:00
MB,SPY,0.01,0.08,5.12,0.2990235,,,,,
MBAV,SPY,0.33,0.03,0.22,0.8863639999999999,-1.169545,,0.1,,
MBB,SPY,0.4,0.29,0.17,2.49,-3.634706,,0.1,,09:00
MBC,IWM,0.74,0.74,1.42,0.243239,-0.179437,0.4–0.5,0.3,,09:00
MBLY,IWM,0.9,1.38,1.29,0.273953,-0.715659,0.2–0.3;0.5–0.8;1.1;1.3;1.5,0.0–0.2;0.4–0.5,00:00;01:00;02:00–02:30;04:00–05:00;06:00;07:00–09:30,09:00
MBUU,IWM,0.68,0.59,2.78,0.180701,-0.352914,,,,09:00
MBVI,NONE,0.39,0.78,15.48,,,,,,
MBX,IWM,0.39,0.78,15.48,0.16376,-0.0506845,0.2,0.0,03:30–09:30,09:00
MC,XLF,0.9,2.02,0.87,0.674023,-2.488506,2.7,0.1;0.3,,09:00
MCD,IWM,-0.27,0.03,0.4,0.99375,-0.766,0.7;0.9,0.1–0.3,00:00;02:30;03:30–04:30,08:00;09:00
MCFT,IWM,0.86,0.85,1.68,0.483036,-0.230952,0.6,0.2,,09:00
MCGA,BITO,0.24,0.01,1.21,1.68438,-2.63157,0.2,0.6,04:00–09:30,09:00
MCHI,IWM,0.71,0.99,1.15,0.642348,-0.660261,0.2,0.0–0.1,00:30,09:00
MCHP,IWM,0.86,1.1,1.36,0.069853,-0.222794,0.2;0.4–0.6;0.9–1.0,0.0–0.2;0.7;1.1,05:30,09:00
MCK,IWM,-0.35,-0.12,0.61,0.497705,-0.502295,0.5;0.9,0.2,,
MCO,XLF,0.71,0.8,0.47,0.719149,-0.314894,0.5,0.0–0.2;0.5,,09:00
MCRB,SPY,0.44,0.83,3.19,0.440313,-0.098809,0.9,0.0;0.2–0.3,,09:00
MCRI,SPY,0.63,0.3,0.57,0.570175,-0.624561,0.5,0.4,,
MCY,XLF,0.73,0.78,0.56,0.381786,-0.7975,0.5,0.0;0.3,,
MD,IWM,0.73,0.61,2.01,0.188259,-0.362985,0.2,0.3,,09:00
MDB,QQQ,0.86,1.54,4.14,0.367729,-0.234058,0.2–0.5,0.0–0.1,03:00;05:30,08:30
MDBX,QQQ,0.8,2.35,8.91,0.860494,-0.544725,,,,09:00
MDGL,IWM,0.65,0.89,0.95,0.236632,0.865684,0.8,0.1,,09:00
MDLZ,IWM,-0.32,-0.18,0.61,0.58623,-0.525902,0.5;1.1,0.2,04:00,09:00
MDT,IWM,0.32,0.15,0.75,0.68,-0.553333,0.3,0.2–0.3,05:00–09:30,09:00
MDU,IWM,0.58,0.23,0.56,0.997143,-0.948571,0.8;1.0,0.2,,09:00
MDV,NONE,0.48,0.53,1.23,,,,,,
MDWD,IWM,0.48,0.53,1.23,0.03252,-0.425935,0.3,0.0;0.2–0.3,,09:00
MDY,IWM,0.98,0.69,0.51,0.547451,-0.594314,0.3–0.4,0.3–0.4,,09:00
MEC,SPY,0.75,1.21,1.83,1.304153,-0.759672,,0.0,,09:00
MED,IWM,0.53,0.38,0.72,0.664722,-0.715833,0.3–0.4,0.2,,09:00
MEDP,IWM,0.73,0.26,1.79,0.430391,-0.689497,0.2,,,
MEG,IWM,0.88,1.36,1.78,0.21236,-0.706067,0.8,0.2,,09:00
MELI,SPY,0.79,0.94,1.18,0.294576,-0.427627,0.2–0.4;0.9,0.2,01:30;03:00,03:00;09:00
MENS,IWM,-0.06,-0.44,2.39,0.258912,-0.312803,0.4–0.5;1.1,0.1–0.3,,09:00
MEOH,IWM,0.82,0.94,1.2,0.559333,-0.294667,0.4;0.7–0.8,0.2,02:00–09:30,09:00
MESO,SPY,0.53,1.48,2.92,0.40411,-0.931096,1.1,0.0–0.1,,09:00
MET,XLF,0.92,1.46,0.48,-0.03375,-0.505,1.6;2.7,0.0–0.3,,09:00
META,QQQ,0.93,1.02,1.55,0.316,-0.342452,0.2–0.4;0.6,0.2–0.4;1.0;1.2–1.3,00:00;03:00;04:00–05:00;06:00–09:30,07:00
METC,SPY,0.78,4.09,3.84,-0.107708,-4.964271,2.7,0.0–0.1,04:00;05:00,09:00
METCB,IWM,0.35,0.36,2.3,0.282609,-0.368,0.3–0.6;0.8,0.2–0.3,03:00,09:00
METD,IWM,-0.78,-0.73,1.56,0.290577,-0.606282,0.2–0.3,0.1;0.4,06:00,09:00
METL,IWM,0.64,1.14,1.26,0.121746,-1.056667,2.7,0.2,,09:00
METU,SPY,0.88,2.95,3.11,1.344051,-1.886013,0.2–0.9,0.0–0.2;0.5,00:00–03:00;04:00–05:00;06:00–07:00;08:00–08:30,04:30;09:00
METV,SPY,0.95,1.67,0.84,1.516905,-0.92119,1.0;2.7,0.1–0.2,03:00–09:30,08:30–09:00
METW,SPY,0.81,1.84,1.83,0.922186,-0.114098,1.2,0.1–0.2,00:00,08:30
MEXX,QQQ,0.87,1.68,1.4,1.625714,-0.197143,1.1,0.4,02:30–09:30,09:00
MFC,SPY,0.87,0.85,0.45,0.046667,-1.2,0.4;0.8,0.0–0.2,01:30–02:00,09:00
MFI,XLF,0.52,1.62,5.9,1.036881,-0.13050850000000003,,0.2,,09:00
MFIC,XLF,0.77,0.62,0.51,0.558824,-0.343922,0.6;0.9,0.1;0.3,,09:00
MFSI,SPY,0.89,0.92,0.5,0.0488,-0.78,0.3,0.1,,09:00
MGA,IWM,0.8,0.76,0.75,0.4592,-0.511467,0.2–0.3;0.6,0.2,,09:00
MGC,QQQ,0.99,0.75,0.48,0.447917,-1.177083,0.3;0.7,0.4,,09:00
MGEE,IWM,0.38,0.07,0.39,1.261026,-1.117692,0.5,0.2–0.3,,
MGIC,QQQ,0.65,0.73,1.68,0.309524,-0.493274,,0.4,,09:00
MGK,SPY,0.99,1.44,0.64,1.07,-0.729375,0.5,0.0,03:30,09:00
MGM,IWM,0.82,0.81,1.04,0.262596,-0.569038,0.2–0.8,0.0–0.2;0.4,00:00;03:00–03:30;05:30;06:30–09:30,07:30;09:00
MGNI,IWM,0.82,0.77,1.93,0.115544,-0.182642,0.2–0.4;0.6,0.0–0.3;0.5,00:00;04:30;05:30–09:30,09:00
MGPI,IWM,0.56,0.16,1.12,0.83,-0.3125,0.2–0.4,0.4,,
MGRC,IWM,0.63,0.31,0.96,0.391042,-0.648021,0.6,,,
MGV,IWM,0.88,0.33,0.27,1.61963,-1.46963,1.6,0.2,,
MGY,XLE,0.96,1.39,0.92,1.175326,-0.774457,0.4;0.7,0.1,,09:00
MH,IWM,0.66,0.56,2.29,0.192664,-0.402271,0.5,0.0;0.2,02:00,09:00
MHK,IWM,0.71,0.83,0.87,-0.298506,-0.811034,0.5–0.6,0.2,,09:00
MHO,IWM,0.66,0.67,1.0,0.061,-0.4838,0.5,0.0–0.1,,09:00
MIAX,XLF,0.5,0.45,0.99,0.35303,-0.194949,0.4–0.5;0.7,0.0–0.3,,09:00
MIDD,IWM,0.88,0.79,1.12,0.225268,-0.554554,0.4,0.2,,09:00
MIDU,IWM,0.98,2.03,1.54,2.188052,-1.548506,1.2,0.2–0.3,,08:30–09:00
MINT,SPY,0.5,0.03,0.02,8.56,-27.555,2.7,0.0,04:00,09:00
MIR,SPY,0.94,2.69,1.92,0.629427,-2.545417,2.0;2.7,0.0–0.1,,09:00
MIRM,IWM,0.62,0.51,0.72,1.134583,-0.300694,0.5;1.1,0.0;0.3,,09:00
MISL,SPY,0.88,1.05,0.53,0.470755,-1.033962,,0.0;0.2,,
MJ,SPY,0.83,1.81,2.11,0.670332,-0.63455,1.6,0.1,,09:00
MKC,IWM,-0.23,-0.07,0.53,0.687736,-1.775849,0.4–0.5,0.2,,09:00
MKL,XLF,0.77,0.96,0.59,0.731525,-0.277288,0.4,0.1,,09:00
MKOR,SPY,0.85,2.46,1.34,0.246119,-2.675672,2.7,0.0,,09:00
MKSI,SOXL,0.93,0.42,1.9,1.421895,-1.921158,1.0,3.0,04:00–09:30,09:00
MKTX,XLF,0.18,0.15,0.75,0.327333,-0.352,0.2–0.3,0.1–0.2,,
MLAB,IWM,0.81,1.0,0.83,0.13253,0.39759,0.6;2.7,0.0;0.3,,09:00
MLI,SPY,0.9,0.82,0.53,0.762264,-0.907925,0.4–0.5,0.0;0.3,,09:00
MLKN,IWM,0.74,0.59,0.71,0.757887,0.064366,0.6,0.1–0.2,,09:00
MLM,IWM,0.59,0.38,0.52,0.490385,-0.698462,0.8,0.3,,09:00
MLPA,SPY,0.54,0.19,0.3,1.849333,-1.812667,2.7,0.0,,09:00
MLPX,SPY,0.65,0.32,0.36,0.482222,-1.482222,,0.0,,09:00
MLTX,IWM,0.48,0.38,11.04,0.124511,-3.10971,,,,
MLYS,IWM,0.31,0.63,5.84,0.179589,0.062877,0.2–0.3,,,09:00
MMC,XLF,0.51,0.59,0.74,0.645946,-0.442432,0.2–0.3;0.5,0.0;0.2,,09:00
MMM,SPY,0.72,0.82,0.5,1.3736,-0.7716,0.5–1.0;1.7,0.0–0.3,01:00;02:00;04:00,09:00
MMS,IWM,0.53,0.2,0.44,1.468182,-2.209091,0.7,0.1,,09:00
MMSI,IWM,0.45,0.13,1.43,0.439231,-0.5,0.2;0.4,0.5,,
MMYT,SPY,0.69,1.17,0.7,0.989571,-1.690286,2.1;2.7,0.2;0.4,04:00–09:30,09:00
MNDY,IWM,0.8,1.04,2.7,0.052,-0.010815,0.2–0.5,0.0;0.2–0.3;0.7,00:00;02:00–02:30,09:00
MNPR,IWM,0.51,1.67,2.39,1.1059,-0.465397,0.7;2.7,0.0;0.2;0.5,00:00;02:30–09:30,09:00
MNR,SPY,0.59,0.44,0.75,0.5536,-0.6928,0.4;0.6,0.0–0.1,02:00–09:30,09:00
MNRO,IWM,0.73,0.8,2.47,0.39919,-0.259919,0.8,,,09:00
MNRS,IWM,0.89,3.59,2.89,2.566159,-3.492318,2.7,,,09:00
MNSO,IWM,0.64,1.29,2.45,0.144204,-0.635755,0.2–0.3;0.6,0.1;0.3–0.4,06:00,09:00
MNST,IWM,0.15,0.2,0.86,0.427907,-0.344186,0.2;0.6,0.2,03:30–09:30,08:30
MNTN,IWM,0.6,0.65,1.64,0.325,-0.471341,0.4–0.5;0.7,0.1–0.2,04:00,09:00
MO,IWM,-0.51,-0.14,0.67,0.467164,-1.306567,0.2–0.4;0.6,0.1–0.2,01:00–01:30;02:30;06:30–09:30,07:00
MOAT,SPY,0.94,0.86,0.42,-0.260476,-0.569048,0.7,0.0–0.1,03:00–09:30,09:00
MOD,IWM,0.92,1.79,1.88,0.321436,-1.888936,2.7,0.0;0.3,02:00;03:30,09:00
MOG.A,SPY,0.74,0.63,0.59,0.031864,-0.838475,0.2;0.7;1.0;1.2,0.3,03:00–09:30,09:00
MOH,IWM,0.11,0.27,2.9,0.253862,-0.437862,0.2,,,
MOO,SPY,0.72,0.51,0.47,0.715957,-0.893404,0.9,0.2,,09:00
MORN,XLF,0.62,0.41,0.38,0.625789,-0.244211,0.7;0.9,0.1;0.3;0.5,,09:00
MORT,SPY,0.82,0.51,0.31,1.166774,-1.623871,1.0,0.0–0.1,04:00–09:30,09:00
MOS,SPY,0.64,0.61,1.4,0.031929,-0.47,0.2–0.4;0.6,0.0–0.2,01:30–02:00;06:00–06:30,09:00
MOV,IWM,0.83,0.85,0.92,0.133152,-0.630978,0.7,0.5,,09:00
MP,IWM,0.71,2.45,2.45,0.816327,-2.525918,0.2–0.5;0.7–0.8,0.0–0.3;0.5,00:00–00:30;03:00–04:30;06:00–09:30,09:00
MPAA,IWM,0.88,1.03,0.93,-0.21172,-0.27957,2.7,0.0–0.1,,09:00
MPB,KRE,0.87,0.69,0.75,1.038,-0.358667,0.4;0.6,0.1,,
MPC,XLE,0.82,0.98,1.21,0.404628,-0.431901,0.2–0.3;0.5,0.1–0.2,,09:00
MPG,IWM,0.58,3.76,10.92,1.1487729999999998,-1.410476,,,,08:00
MPL,IWM,0.72,5.32,5.2,0.766,-3.197154,2.7,,,
MPLT,QQQ,0.67,0.5,1.48,-0.239865,-0.283784,,,,
MPLX,SPY,0.5,0.21,0.31,0.730323,-1.342258,0.5,0.0,,08:30–09:00
MPTI,SPY,0.66,1.81,1.25,0.01728,-2.08856,2.7,0.2–0.4,,09:00
MPWR,QQQ,0.92,1.97,1.94,0.031392,-2.190773,0.5,0.0–0.1;0.4,03:30–09:30,09:00
MRAL,QQQ,0.88,5.83,4.56,7.383772,-4.732675,2.7,0.0–0.2;0.5,01:00;02:30;03:30–04:00;08:00,09:00
MRC,NONE,0.83,1.13,1.0,,,,,,
MRCY,IWM,0.83,1.13,1.0,0.9889,-0.6044,2.7,0.0–0.1;0.4,03:30–09:30,09:00
MRK,IWM,0.08,0.1,0.59,0.672881,-1.567797,0.2–0.4;0.6–0.7,0.1–0.3,00:00;01:00–01:30;03:00–03:30;07:00–08:00,03:00;08:00
MRNA,IWM,0.75,1.12,1.46,0.27726,-0.461644,0.2–0.6;0.8–0.9;1.4,0.0–0.3;0.5–0.7;1.0,00:00–09:30,02:30;07:30;09:00
MRP,SPY,0.6,0.59,0.58,1.023966,-1.438966,0.6,0.0–0.1;0.4,,09:00
MRTN,IWM,0.61,0.36,0.85,0.466353,-0.920471,0.4,0.3–0.4,,09:00
MRUS,SPY,0.11,0.09,4.57,0.317571,-0.251663,,,,
MRVL,IWM,0.89,2.21,2.73,0.566447,-1.031502,0.2–0.5;0.7;1.4,0.0–0.4,00:00–00:30;02:00;03:00–06:00;07:00;08:00–09:30,08:00
MRX,SPY,0.68,1.06,0.98,-0.065306,-0.202245,1.1–1.2,0.3,,09:00
MS,SPY,0.9,0.94,0.78,-0.020256,-0.286667,0.2–0.6;0.9,0.0–0.3,00:00–00:30;02:00–03:00;07:00–09:30,08:30–09:00
MS/PE,SPY,0.25,0.0,0.22,2.0,-2.454545,,0.0–0.1,,09:00
MSB,IWM,0.45,0.22,1.05,0.637143,-0.208571,0.2,0.2,,09:00
MSCI,XLF,0.61,0.62,0.48,0.246667,-0.050417,,0.1–0.2,,09:00
MSDD,SPY,-0.67,-6.67,4.82,6.119315,-7.53695,2.7,,,09:00
MSDL,XLF,0.66,0.57,0.49,0.372653,-0.414694,0.4–0.6,0.0–0.2;0.4,,08:00;09:00
MSEX,XLE,0.03,0.0,1.85,0.47027,-0.410811,,,,
MSFD,IWM,-0.69,-0.47,0.72,0.506389,-0.487639,0.3;0.9,0.1,03:30;04:30;05:30–09:30,09:00
MSFL,SPY,0.83,1.44,1.45,0.860414,-1.064552,0.2–0.4;0.6–0.8,0.2–0.3;0.7,02:30–03:00;04:00–05:00;06:00–09:30,07:00;08:30
MSFO,SPY,0.87,0.85,0.63,0.252381,-0.695238,0.4,0.0–0.1,02:30,09:00
MSFT,SPY,0.83,0.73,0.71,0.444225,-0.417887,0.2–0.5,0.0–0.4,00:00;02:30–05:00;06:00–07:30;08:30–09:30,07:00
MSFU,SPY,0.83,1.61,1.42,0.877746,-1.002746,0.2–1.0;1.3,0.1–0.4,00:00–01:00;02:00–04:30;06:00–09:30,04:00;08:30
MSFW,SPY,0.73,0.82,0.84,0.5015475,-1.02619,,,,09:00
MSFX,SPY,0.86,1.73,1.42,1.115352,-1.216408,1.2,0.3,05:00–09:30,09:00
MSFY,SPY,0.72,0.5,0.61,,-0.483607,,,,
MSGE,SPY,0.75,0.98,0.71,0.732958,-0.876056,0.9,0.2,,09:00
MSGS,SPY,0.62,0.37,0.79,0.666582,-0.63962,0.3;0.8,0.1–0.2,,09:00
MSGY,SPY,0.16,0.0,5.72,0.204545,-0.201049,,,,
MSI,IWM,0.46,0.14,0.48,1.225833,-1.154167,0.5;0.9–1.0,0.2,,09:00
MSIF,XLF,0.76,0.85,0.65,0.906923,-0.182308,1.3,0.2;0.4,,
MSII,QQQ,0.84,2.29,1.97,-0.590254,-1.225635,1.8,0.1–0.2,02:30–03:00;04:00,09:00
MSM,IWM,0.67,0.5,0.73,0.945205,0.164384,0.3–0.4,0.2,,09:00
MST,IWM,0.82,4.21,3.65,0.255205,-3.876082,2.7,0.0;0.2–0.4,00:00;03:00–03:30;05:30;07:00–09:30,09:00
MSTP,IWM,0.82,5.89,4.78,3.200753,-1.00205,2.7,0.0,,09:00
MSTR,IWM,0.81,2.37,2.09,1.711914,-2.135407,0.2–0.5;0.8–0.9,0.0–0.3;0.5–0.6;1.7,00:00–05:00;07:30–09:30,01:00
MSTW,QQQ,0.77,2.84,2.55,2.327843,-3.869961,2.7,0.0;0.2–0.3;0.6,01:00;02:30;04:30;07:00–09:30,09:00
MSTX,IWM,0.81,4.82,4.19,2.617852,-4.96,0.2;0.5–0.6;1.9,0.0–0.4,00:00–03:00;04:30–06:00;08:00–09:30,09:00
MSTY,QQQ,0.86,2.32,1.86,2.233548,-2.688172,0.2–0.7;0.9,0.0–0.2;0.5,00:00–02:00;03:30–06:30;07:30–09:30,09:00
MT,SPY,0.81,1.2,1.65,0.270303,-0.664242,0.2;0.5,0.1–0.2;0.4,02:30–03:00;06:00–09:30,08:00;09:00
MTAL,NONE,0.88,1.17,0.49,,,,,,
MTB,XLF,0.88,1.17,0.49,-0.019184,-0.369796,0.8,0.0–0.3,,09:00
MTBA,SPY,0.49,0.11,0.1,4.812,-4.766,,0.0,,09:00
MTCH,IWM,0.91,0.64,0.58,0.451034,-1.447586,1.1;1.3,0.1;0.4–0.5,,09:00
MTD,IWM,0.63,0.5,0.65,0.438462,-1.476923,0.3;0.7,0.1,,09:00
MTDR,XLE,0.96,2.03,1.47,0.158503,-0.378299,0.6,0.0;0.2;0.6,,03:30;09:00
MTEN,SPY,-0.03,0.21,3.47,0.065389,-0.417118,0.2,0.3,01:30,09:00
MTG,XLF,0.8,0.86,0.39,0.92359,-0.026154,0.6,0.0–0.1,,
MTH,IWM,0.63,0.91,1.09,-0.597706,-1.120367,0.3;0.6,0.5,,09:00
MTN,IWM,0.75,0.7,0.89,0.434831,-0.448315,0.2;0.5,0.0,,09:00
MTRN,IWM,0.84,0.88,1.33,0.413233,-0.646015,0.2–0.3,0.1,,09:00
MTRX,IWM,0.85,1.28,1.61,0.358758,-0.099627,0.9,0.0;0.2,,09:00
MTSI,QQQ,0.95,1.63,1.14,0.591404,-0.757456,2.7,0.0–0.1,,09:00
MTSR,SPY,0.37,0.55,8.05,0.150745,-0.2112115,0.2,0.0,03:30,
MTUM,QQQ,0.96,0.8,0.58,0.231034,-0.72069,0.2,0.0–0.1,02:30–03:30,09:00
MTYY,IWM,0.72,1.34,1.25,0.64688,-1.28656,,,,
MTZ,SPY,0.94,2.42,1.21,1.576529,-3.335041,2.7,0.0;0.2,00:00;03:00,09:00
MU,SPY,0.89,4.18,2.22,5.856126,-1.067568,0.2–0.3;0.6;0.8;1.0–1.1;1.5,0.0–0.2,00:00–04:30;05:30;06:30–07:30;08:30–09:30,03:00;09:00
MUB,SPY,0.36,0.1,0.11,0.1,-5.227273,2.7,0.0,,09:00
MUD,QQQ,-0.88,-3.03,2.29,3.887511,-2.553668,2.7,0.1–0.2,,09:00
MUFG,KRE,0.39,1.17,1.37,0.365693,-0.995109,0.6,0.0–0.1;0.3,,09:00
MULL,SPY,0.88,8.12,4.45,11.457798,-6.968719,2.7,0.0,03:00;05:00–05:30,09:00
MUR,XLE,0.89,2.01,1.48,1.848108,-1.773446,0.7,0.0–0.2,,08:30–09:00
MUSA,SPY,-0.35,-0.53,0.75,0.182267,-0.765867,0.3;0.6;0.8,0.0;0.2,04:30–09:30,09:00
MUU,SPY,0.88,8.24,4.49,12.05657,-6.824143,2.7,0.0–0.1,00:00;03:00–03:30;04:30;07:30,09:00
MUX,GDX,0.94,1.27,2.96,-0.126959,0.020574,0.2–0.6;0.8–0.9;1.1,0.4–0.5;1.1;1.6;3.0,04:00–05:00,08:30–09:00
MVLL,IWM,0.89,4.13,5.53,3.267269,0.140253,0.2;0.6;1.0,0.0–0.2;0.5,00:00;05:00–09:30,08:00
MWA,IWM,0.82,0.67,0.71,0.798592,-0.964366,0.8,0.2,,09:00
MXL,SOXL,0.96,0.49,1.82,0.807253,-2.312802,,3.0,,09:00
MYRG,SPY,0.95,1.87,0.95,2.529053,-0.628105,1.5,0.0–0.1;0.3,01:30–09:30,09:00
MYY,QQQ,-0.79,-0.71,0.55,1.092909,-0.759273,,,,
MZTI,IWM,0.45,0.19,0.52,0.896154,-0.734038,0.7,0.4;0.7,,09:00
NAD,SPY,0.26,0.25,0.25,1.78,-1.0,,0.0,,08:30
NAIL,IWM,0.74,1.58,2.33,0.053906,-1.134592,0.2–0.6;0.9–1.1;1.4,0.0–0.1;0.4–0.6,00:30–01:00;02:00;03:00–04:00;05:30;06:30–07:00;08:00–09:30,07:00
NAMS,IWM,0.46,0.63,1.08,0.380278,-0.399907,1.1,0.1;0.3;0.7,,09:00
NANC,SPY,0.98,1.07,0.5,0.491,-0.1172,2.7,0.0–0.3,00:00;02:30;05:30,09:00
NATL,SPY,0.86,1.51,1.38,0.533623,-0.876739,0.5;2.7,0.1,,09:00
NATO,SPY,0.42,0.28,0.86,0.490698,-0.885116,0.5,0.0;0.2,,
NATR,IWM,0.48,0.32,2.43,0.342881,-0.185844,0.3–0.4,,,09:00
NAVI,XLF,0.77,0.71,0.93,-0.115699,-0.577204,0.2–0.3,0.0;0.3,,
NAVN,SPY,0.62,0.0,1.32,0.80303,-0.4886365,,,,
NBIG,SPY,0.98,8.1,7.66,5.278525,-10.949086,,,,
NBIL,SPY,0.94,7.95,6.76,5.381139,-6.830843,2.7,0.0,,09:00
NBIS,SPY,0.85,3.85,6.86,1.086006,-1.645918,0.2–0.6;0.9;1.4,0.0–0.3,00:00–01:00;02:00;03:00–05:30;07:00–08:30,07:30
NBIX,IWM,0.47,0.46,0.87,0.985517,-1.005057,0.5,0.2,,09:00
NBN,KRE,0.89,0.98,0.77,0.217922,0.08961,,0.3,,
NBR,XLE,0.86,2.26,1.63,0.14454,-2.426994,2.0,0.4;0.8,,09:00
NBTB,KRE,0.91,0.75,0.61,1.266393,-0.852459,0.9–1.0,0.3,,09:00
NBXG,SPY,0.93,1.18,0.58,0.104483,-0.442759,0.7–0.8,0.0–0.1,,07:00
NCDL,SPY,0.64,0.52,0.64,0.10875,-0.61875,0.5,0.0–0.2,,09:00
NCIQ,QQQ,0.82,2.09,1.8,1.011444,-2.087333,,0.2,,
NCLH,IWM,0.88,1.3,1.48,0.106081,-0.561486,0.2–0.8,0.0–0.4;0.6–0.7,00:00;01:00;02:00;03:00–04:00;05:30–06:00;07:00–09:30,08:30–09:00
NCNO,IWM,0.77,0.76,1.74,0.47977,-0.161149,0.2;0.4;0.6,0.0;0.2–0.3;0.5,04:30,09:00
NCSM,SPY,0.52,0.95,1.61,0.683851,-0.262888,,0.0–0.2,,09:00
NDAQ,XLF,0.8,0.85,0.44,0.751136,0.005682,0.6–0.7;1.0,0.1–0.3,03:00,09:00
NDSN,IWM,0.89,0.55,0.87,0.663218,-0.728161,0.3,0.2–0.3,,09:00
NE,XLE,0.91,1.56,1.24,0.814194,-1.300645,0.5,0.0;0.2,,09:00
NEAR,SPY,0.46,0.04,0.05,11.336,-9.656,2.7,0.0–0.1,,
NEBX,SPY,0.9,8.2,6.16,5.137662,-8.852597,2.7,0.0–0.2,01:00;04:00–09:30,09:00
NEE,IWM,0.18,0.1,0.49,0.971429,-0.702041,0.2–0.3;0.7,0.1–0.3,00:00;01:30;03:30;06:30;07:30,08:00
NEGG,IWM,0.57,2.6,4.64,-0.910345,-0.801293,2.7,0.0;0.2–0.3;0.5,04:00–04:30;05:30–09:30,09:00
NEM,GDX,0.97,0.96,2.05,0.221463,-0.237073,0.2–0.4,0.1–0.3;0.5;0.8;1.0–1.1;1.3;1.6;3.0,00:00–04:00;05:30;07:00–09:30,04:00;07:00
NEON,SPY,0.61,0.44,10.09,0.1622,-0.20773,0.2,0.2,,04:00
NERD,SPY,0.81,1.34,0.86,1.391395,-0.856512,,,,
NET,SPY,0.95,2.59,1.34,0.373955,-0.990522,2.7,0.0–0.3,00:00;01:30–02:00;06:30–09:30,09:00
NETX,SPY,0.92,3.8,4.39,0.4041,,,,,
NEU,IWM,0.44,0.35,0.4,2.4125,-0.5025,0.4,0.1,,09:00
NEWT,KRE,0.84,0.81,1.2,0.586583,-0.384417,0.4,0.3,,
NEXN,QQQ,0.8,0.64,3.12,0.106154,-0.292692,0.2–0.4,0.0–0.1,,09:00
NEXT,SPY,0.72,0.7,1.39,0.077698,-0.511511,0.2–0.4;0.6;1.1–1.2,0.0;0.2–0.3;0.5;0.7–0.8,00:00–00:30;02:30;04:00;07:00–09:30,09:00
NFBK,KRE,0.95,1.04,0.67,1.026866,-0.164776,0.6,0.1–0.2,,09:00
NFG,XLE,0.38,0.04,0.48,2.093333,-0.709167,,0.3–0.4;0.6,,09:00
NFLP,SPY,0.53,0.58,0.98,0.437551,-2.4014284999999997,,,,
NFLU,SPY,0.47,0.97,2.28,0.728904,-0.251974,0.3,0.3,04:30–05:00,08:30
NFLW,QQQ,0.59,0.61,1.43,0.152448,-0.662587,0.7,0.2,,09:00
NFLX,QQQ,0.43,0.38,1.14,0.337544,-0.460526,0.2–0.3,0.1;0.3,02:30;06:30–09:30,08:30
NFLY,SPY,0.63,0.58,0.92,0.168478,-0.776087,0.2;0.5,0.0–0.2;0.4,07:00–09:30,09:00
NFTY,SPY,0.46,0.65,0.64,0.81875,-0.16875,,0.2,02:00–09:30,09:00
NFXL,SPY,0.52,1.23,2.31,0.776061,-0.471429,0.2–0.6,0.3–0.4,00:00–01:30;07:30–09:30,09:00
NFXS,IWM,-0.41,-0.37,1.16,0.496897,-0.882931,0.2,0.0–0.2;0.6,04:30,08:30
NGG,XLE,-0.3,-0.28,0.82,0.299512,-0.763902,0.4;0.6,0.8,,09:00
NGNE,IWM,0.74,0.97,1.69,0.716686,-1.117929,0.7,0.5;0.7,,07:30;09:00
NGVC,IWM,-0.08,0.05,0.68,0.807353,-1.366176,0.4–0.5,0.2–0.3;0.6,,09:00
NHI,IWM,0.08,-0.02,0.41,1.541951,-1.905366,0.9;1.3,0.2–0.4,,
NI,SPY,0.43,0.22,0.52,1.079231,-1.178077,0.4;0.6,0.1,,09:00
NICE,SPY,0.71,1.31,1.36,-0.175809,0.252721,0.5,0.0;0.2,02:00;06:30–09:30,09:00
NIHI,IWM,0.82,0.28,0.73,0.284384,-1.072329,,,,
NIKL,IWM,0.47,0.74,1.21,-0.158678,-0.477686,0.4,0.0–0.1,,09:00
NIQ,IWM,0.61,0.39,0.76,0.033947,-0.709211,0.7,0.0–0.2,,09:00
NJR,XLE,0.24,0.14,0.34,2.898824,-0.274118,2.7,0.2–0.3;0.6,,
NKE,IWM,0.75,0.53,1.12,0.367143,-0.238929,0.2–0.5,0.0–0.4;0.6,00:00–00:30;01:30;02:30;04:00;06:30;08:00–09:30,08:00
NKLR,SPY,0.54,0.76,3.09,0.579806,-0.674045,0.2–0.3;2.7,0.0–0.4,00:00;03:00;04:30–05:30;07:00–09:30,09:00
NKTR,SPY,0.79,1.51,2.61,-0.053716,-0.813103,0.2;0.5–0.6;0.8–0.9;1.1,0.0–0.4,03:00;05:00–05:30;07:00–09:30,07:30;08:30–09:00
NLR,IWM,0.84,1.75,1.61,0.857143,-0.902174,1.4;2.7,0.0–0.3,00:00–01:00;07:00–09:30,09:00
NLY,SPY,0.72,0.56,0.37,0.202162,-1.304865,0.6–0.8;1.5,0.0–0.1,00:00–00:30;02:30;06:30–09:30,08:30–09:00
NMAX,SPY,0.79,1.31,1.33,-0.535414,-0.483459,0.9;1.7;2.7,0.0–0.2;0.4,00:00–01:30;05:30;06:30–09:30,08:30
NMFC,XLF,0.62,0.63,0.55,0.314909,-0.313273,0.6,0.3–0.4,,09:00
NMIH,XLF,0.75,0.4,0.81,0.118519,-0.506173,0.3,0.1;0.3–0.4,,09:00
NMM,SPY,0.61,0.49,0.92,0.318043,0.016087,0.3–0.5,0.1,,09:00
NMRK,IWM,0.7,0.79,0.82,0.078415,-0.56622,0.7;0.9,0.0–0.2,02:00–09:30,09:00
NN,SPY,0.78,1.74,1.16,-0.526552,-0.214828,2.7,0.0;0.2–0.4,,09:00
NNE,QQQ,0.92,3.62,3.23,1.121362,-2.412693,0.3–0.4;1.6,0.0–0.2;0.4–0.5,00:00;01:00;02:00–03:00;05:30;07:00–09:30,08:00;09:00
NNN,IWM,-0.07,0.12,0.34,1.294118,-1.256471,0.9,0.1–0.2,,08:00
NNNN,IWM,0.07,-0.62,2.03,1.431527,0.195468,,0.1,,09:00
NOA,XLE,0.8,0.83,2.6,0.108577,0.033808,0.2,0.1,,
NOBL,IWM,0.65,0.17,0.22,1.979091,-1.548182,2.7,0.2,,
NOC,IWM,-0.31,-0.1,0.52,1.019231,-0.434615,0.5,0.2,01:00,09:00
NODE,IWM,0.89,2.13,1.78,2.330449,-2.128258,2.7,0.0,,09:00
NOG,XLE,0.9,1.64,1.35,0.682963,-1.569185,0.9;1.4,0.1–0.2,,09:00
NOMD,IWM,0.58,0.38,0.67,0.769254,-0.569851,0.5;0.8,0.1–0.3,03:30–09:30,09:00
NOV,XLE,0.87,1.47,1.13,1.507876,0.036814,0.7;1.1,0.1;0.6,,09:00
NOVT,IWM,0.88,1.04,1.47,0.515374,-0.031565,0.3;0.5,0.0;0.4,,
NOW,SPY,0.9,1.21,0.85,0.126118,-0.086706,0.2–0.7;0.9–1.1,0.0–0.1;0.4;0.6,00:00–01:00;02:00–03:30,09:00
NOWL,QQQ,0.7,2.4,2.09,2.480383,-0.90622,2.3,0.0,03:30,08:30
NP,BITO,0.25,0.01,1.64,1.372439,-1.107561,,,,09:00
NPO,IWM,0.87,0.98,0.99,0.021616,-0.972929,,0.2,,09:00
NRDS,SPY,0.81,1.07,1.8,-0.016667,-0.465222,0.3–0.4;0.6,0.0;0.3,,09:00
NREF,XLF,0.55,0.27,0.61,0.352459,-0.40918,0.2–0.5,0.2–0.3,,09:00
NRG,SPY,0.9,1.93,1.18,0.61322,0.430169,2.7,0.3,01:00;03:30–04:00,09:00
NRGD,QQQ,0.02,0.23,2.62,0.281031,-0.588321,,,,
NRGU,QQQ,0.5,0.64,1.91,0.286283,-0.545759,0.4,0.0;0.4,,09:00
NRIM,KRE,0.85,0.9,0.73,0.484932,-0.293151,2.7,1.1,,
NRIX,IWM,0.74,1.1,2.32,1.150862,-0.599569,0.5;0.8,0.3,04:00,09:00
NSA,IWM,0.31,0.27,0.53,0.574151,-0.396604,0.6,0.2,,09:00
NSC,SPY,0.43,0.21,0.44,1.41,-1.384773,0.5–0.6;1.1,0.1,,09:00
NSIT,IWM,0.73,0.52,0.56,1.082143,-1.484286,,0.1;0.3,,
NSP,IWM,0.68,0.64,2.64,0.096667,-0.403636,,0.2,,09:00
NSSC,IWM,0.82,0.82,1.48,0.821622,-0.239189,0.2;2.7,0.2,,09:00
NTAP,SPY,0.93,1.42,0.83,0.077831,-0.431084,2.7,0.0,,09:00
NTCT,IWM,0.9,0.92,1.4,0.176571,-0.276571,0.2–0.3,0.0,02:00–09:30,09:00
NTES,SPY,0.68,1.68,1.86,0.531613,-1.678925,0.5,0.0,00:00;04:00,09:00
NTGR,IWM,0.74,0.94,1.54,0.371429,-0.767532,0.3–0.4,0.2,,09:00
NTLA,SPY,0.62,3.43,7.17,0.986109,-0.654784,0.2–0.6;0.8;1.2;2.0,0.0–0.2;0.5,00:00;02:00;04:00–05:00;07:30–09:30,08:30–09:00
NTNX,SPY,0.88,1.42,1.4,0.459286,-0.017143,0.4;0.8–0.9;1.3,0.3,00:00;02:00–02:30,09:00
NTR,XLE,0.61,0.32,0.47,0.830638,-0.537021,1.2,0.5;0.7;1.1,,09:00
NTRA,SPY,0.81,0.69,1.03,0.401845,-0.618058,0.2–0.4;0.6,0.0–0.2,03:00;04:30–09:30,07:00
NTRS,XLF,0.9,1.28,0.61,0.76918,-0.168525,0.7;0.9–1.0,0.0–0.3;0.5,,09:00
NTSK,SPY,0.91,2.12,1.98,0.72303,-0.366263,1.3,0.2–0.3,05:30–09:30,09:00
NTST,IWM,0.18,0.11,0.5,1.058,-1.9392,0.4,0.2,,09:00
NTSX,QQQ,0.98,0.65,0.47,0.891489,-1.269149,0.3,0.5,,09:00
NU,SPY,0.89,1.14,1.62,0.392963,-0.244815,0.2–0.7;0.9,0.0–0.3;0.5,00:00–02:00;03:00–03:30;05:00–06:30;08:00–09:30,08:00–08:30
NUE,IWM,0.83,0.7,1.12,0.098214,-0.43125,0.2–0.5,0.0–0.2;0.7,00:00;02:00;03:30;06:00,09:00
NUGT,QQQ,0.55,2.68,3.64,3.062747,-2.896703,0.2–0.6;1.2,0.0–0.2;0.5;0.8,00:00–03:00;06:30,01:30
NUKZ,SPY,0.93,2.41,1.22,0.135902,-0.628361,2.7,0.0;0.4,06:00–09:30,09:00
NUTX,SPY,0.85,1.47,1.38,1.314275,-1.467464,0.9;2.7,0.1–0.3,02:30,08:00
NUVL,IWM,0.73,0.55,0.72,0.694444,0.304861,0.9;1.1,0.0–0.1,,09:00
NVA,IWM,0.26,1.28,10.06,0.752525,-0.502425,0.4,0.1,04:00,09:00
NVCR,IWM,0.77,1.01,1.65,0.505152,-0.520788,0.2,0.0–0.2,03:00,09:00
NVDA,QQQ,0.9,1.67,1.41,1.214681,-0.671206,0.2–0.7;0.9–1.0;1.2,0.0–0.3;0.7,00:00–03:00;04:00–04:30;05:30–06:30;07:30;09:00–09:30,03:00
NVDB,QQQ,0.91,3.7,3.26,0.708282,-4.057669,2.7,,,09:00
NVDG,QQQ,0.9,3.34,2.89,4.100138,-1.806782,1.4,0.0–0.2,00:00;03:00;08:00–09:30,09:00
NVDL,QQQ,0.9,3.3,2.83,3.560071,-2.142049,0.2–0.8;1.2;1.6,0.0–0.3,00:00–01:30;02:30–03:00;04:00–08:00;09:00–09:30,08:00;09:00
NVDO,SPY,0.72,2.29,1.66,,,,,,
NVDS,IWM,-0.71,-1.36,2.13,1.49784,-0.686573,0.2–0.7,0.0–0.4,00:00;03:30–04:30;05:30–07:00;08:00–09:30,08:30
NVDU,QQQ,0.91,3.41,2.89,4.312837,-2.14391,0.4–0.5,0.1–0.2;0.5,00:00;01:00–01:30;03:00;04:00;08:00;09:00–09:30,09:00
NVDW,QQQ,0.91,1.99,1.68,1.589286,-1.802083,0.8,0.1–0.3,03:00;06:00;07:00–09:30,09:00
NVDX,QQQ,0.91,3.4,2.86,4.344056,-2.123776,0.2–0.8;1.0;1.7,0.0–0.3,00:00–02:00;03:00–08:00;09:00–09:30,08:00;09:00
NVDY,QQQ,0.89,1.34,1.12,0.325893,-0.694286,0.2–0.8,0.0–0.4;1.2,00:00–04:30;06:00–06:30;07:30–08:30,08:00
NVEC,IWM,0.85,0.71,0.87,0.997931,-0.018736,0.2,0.2;0.5,,09:00
NVGS,SPY,0.66,0.31,0.64,0.8325,-0.904687,0.5,0.1;0.4,,
NVII,QQQ,0.84,1.67,1.44,1.142986,-0.713889,1.2,0.1–0.2,00:00–01:00;02:30;04:30;07:30,09:00
NVMI,SPY,0.83,2.49,2.33,2.2903,-0.461717,2.7,0.3,,08:30–09:00
NVO,IWM,0.44,0.81,1.87,0.121444,-0.661925,0.2–0.5;0.7,0.0–0.2;0.6,00:00–03:30;06:00,04:00
NVOH,NONE,0.56,0.34,0.6,,,,,,
NVR,IWM,0.56,0.34,0.6,0.514667,-1.113333,,,,
NVS,SPY,-0.04,-0.08,0.79,0.549367,-0.866329,0.2,0.1–0.2,04:00,08:00
NVST,IWM,0.86,0.77,0.83,0.631325,-0.514096,0.7,0.0–0.3,,09:00
NVT,SPY,0.95,2.0,1.5,0.806667,-0.813333,1.3,0.0–0.2,02:30–09:30,09:00
NVTX,IWM,0.84,8.48,11.63,5.913637,-3.460017,2.7,0.1;0.6,,09:00
NVYY,QQQ,0.74,0.72,1.09,0.587523,-0.522202,0.2–0.3;0.5,0.0–0.2,00:00–01:00;02:00–02:30;07:30,08:00–08:30
NWBI,XLF,0.84,0.72,0.52,0.03,-0.698462,0.5–0.6,0.2,,09:00
NWE,IWM,0.13,0.13,0.5,1.0462,-0.8002,0.6;1.1,0.2,,
NWG,SPY,0.5,0.42,1.6,0.256375,-0.476875,0.2–0.3,0.0;0.2,02:30;05:00,08:30
NWMX,IWM,0.32,2.22,5.42,,-6.248819,,,,
NWN,IWM,0.05,0.02,0.33,1.626667,-1.345455,1.3;1.8,0.2–0.3,,
NWS,IWM,0.56,0.31,0.91,0.627473,-0.274835,0.5,0.4–0.5,,09:00
NWSA,IWM,0.69,0.37,0.46,1.384565,-0.66413,0.6,0.0–0.1;0.3,,09:00
NX,IWM,0.81,1.08,2.51,0.020717,-0.288127,0.3;0.5;0.7,0.1,,09:00
NXG,SPY,0.52,0.41,0.42,0.992143,-0.954524,0.7–0.9,0.1,,08:30
NXPI,IWM,0.92,1.25,1.11,0.112613,-1.603604,0.3;1.2,0.0;0.3;0.6,03:30,09:00
NXST,IWM,0.68,0.33,1.18,0.662542,-0.334068,0.2,0.4,,
NXT,SPY,0.85,2.6,2.41,1.448133,-0.058091,1.2;1.5;2.3,0.0–0.1;0.3,03:30,09:00
NYAX,SPY,0.54,0.77,1.53,0.59098,-0.975817,,,,
NYT,IWM,0.46,0.15,0.59,0.834746,-1.581356,0.3,0.2,01:30–09:30,08:30
O,IWM,-0.1,0.02,0.3,2.421333,0.098,0.2;0.4–0.6;0.8–0.9;1.2,0.0–0.3,00:00–00:30;01:30;02:30–03:00;04:00–04:30;07:30,08:00
OBDC,SPY,0.72,0.63,0.67,0.275224,-0.871493,0.2–0.5,0.0–0.2,00:00–00:30;06:30–09:30,09:00
OBIL,IWM,0.17,0.02,0.03,16.973333,-12.653333,2.7,0.3,,
OC,IWM,0.83,1.04,1.22,0.183279,-0.750492,0.6,0.2,02:30–09:30,09:00
OCS,IWM,0.19,0.0,0.92,0.706522,-0.706522,0.2,0.2,,
OCSL,SPY,0.73,0.27,0.26,0.348077,-1.931538,1.0,0.0–0.1,,09:00
OCUL,IWM,0.61,0.93,0.98,-0.061224,0.144796,1.1;2.1,0.0;0.2–0.4,,09:00
ODD,SPY,0.81,1.34,1.05,-0.07619,-0.675048,2.0,0.2–0.3;0.5,05:00–09:30,09:00
ODFL,SPY,0.66,0.82,0.91,0.584396,-0.755604,0.5;0.7–0.9,0.0–0.1;0.4,02:30–09:30,09:00
ODP,IWM,0.42,0.15,4.15,0.295422,-0.298072,,,,
OEF,SPY,0.99,1.13,0.49,0.596735,0.009796,0.2,0.1–0.3,05:00–09:30,09:00
OFIX,NONE,0.11,0.0,0.42,,,,,,
OGE,XLE,0.11,0.0,0.42,1.357143,-0.880952,1.3,0.1,,
OGN,IWM,0.64,0.55,2.65,0.081321,-0.410377,0.3;0.5,0.0–0.1,05:30,09:00
OHI,IWM,-0.5,-0.07,0.47,0.789574,-0.818936,0.6–0.7,0.3,,09:00
OI,SPY,0.7,0.77,1.6,0.026812,-0.608125,0.2–0.3,0.1–0.2,,09:00
OIH,IWM,0.71,0.75,0.8,1.2375,-0.53125,0.5,0.1–0.2,,09:00
OII,XLE,0.91,1.6,0.94,0.814894,0.204255,2.7,0.0,,09:00
OILD,QQQ,-0.49,-0.5,1.51,0.622517,-0.536424,0.2–0.3,0.4,,09:00
OILK,IWM,0.18,0.33,0.91,0.407253,-1.107473,0.3,0.2,,09:00
OILU,SPY,0.62,1.18,1.61,0.128944,-0.621739,0.3,0.2–0.4,03:30–09:30,09:00
OKE,XLE,0.93,1.02,0.59,0.159322,-0.232203,0.5–0.8,0.0–0.2;1.1,03:30–09:30,09:00
OKLL,QQQ,0.78,7.09,7.37,4.24749,-1.849539,2.7,0.0–0.4,00:00;01:00;04:00–05:30;07:30–08:00,08:30–09:00
OKLO,SPY,0.81,5.49,3.69,5.592818,-0.84561,0.2–0.5;0.9–1.1;2.2;2.6,0.0–0.3;0.5,00:00–00:30;01:30–05:30;06:30–07:00;08:00–09:30,09:00
OKTA,SPY,0.89,1.06,1.12,0.271607,-0.414286,0.2–0.6,0.0–0.3;0.6,00:00–01:00;02:00–03:30;07:00–09:30,08:30
OKTX,SPY,0.71,0.98,3.1,,,,,,
OLED,IWM,0.89,1.16,2.2,0.373455,-0.398,0.2,0.5,,09:00
OLLI,SPY,0.74,0.61,0.99,0.290101,-0.680707,0.3,0.1,,09:00
OLN,IWM,0.9,1.26,2.09,-0.408517,-1.153971,0.5;0.9,0.1–0.3,,09:00
OLO,NONE,0.93,1.65,3.99,,,,,,
OM,IWM,0.93,1.65,3.99,0.561278,0.155764,0.5,0.3,,09:00
OMAH,SPY,0.81,0.25,0.21,0.369048,-2.321429,0.3,0.0,03:30;04:30;05:30–09:30,09:00
OMC,IWM,0.62,0.37,0.53,0.47566,-0.538868,0.7,0.0–0.1;0.4,,09:00
OMCL,IWM,0.7,0.54,1.79,0.33743,-0.232179,0.2,,,09:00
OMDA,SPY,0.69,1.46,1.2,1.1945,-1.130833,0.7;2.7,0.1–0.3,03:30–09:30,09:00
OMF,SPY,0.85,1.22,0.95,0.026947,-0.650737,0.5;0.9,0.1–0.2,,09:00
ON,SOXL,0.9,0.32,1.42,1.250704,-3.300282,0.3–0.5;0.8,0.9,01:00–01:30;03:00;04:30;05:30–06:00;07:30;08:30–09:30,08:00
ONB,KRE,0.93,0.9,0.9,0.316667,-0.335556,0.2;0.5,0.1;0.5,,08:30
ONC,SPY,0.46,1.44,2.42,0.180826,-0.32,0.3,0.1,04:00,02:00;09:00
ONEQ,QQQ,0.99,1.14,0.68,0.007059,0.059118,0.2–0.3,0.0–0.2;0.4,00:00;04:00,07:00;08:00;09:00
ONLN,SPY,0.88,1.91,1.01,1.440099,-1.923663,,0.0,,
ONON,IWM,0.79,1.14,3.21,0.126355,-0.409969,0.2–0.3;0.5,0.0–0.1;0.3;0.7;1.3,00:00–00:30;03:00;05:30;07:00–09:30,09:00
ONTO,SOXL,0.94,0.47,2.43,0.502757,-1.533045,0.2,3.0,02:30;05:30–09:30,09:00
OOMA,IWM,0.83,0.62,0.96,0.855625,-0.563333,0.6,0.1–0.2;0.5,,09:00
OPCH,IWM,-0.07,0.03,1.58,0.232722,-0.414051,0.2,,,
OPEX,IWM,0.97,6.3,10.98,1.905191,0.698634,2.7,,,
OPFI,SPY,0.88,1.88,1.69,0.374438,-0.929941,1.1;1.4,0.2,03:00–03:30;06:30–09:30,09:00
OPPJ,IWM,0.4,0.48,1.38,0.582029,-0.382029,0.3,0.3,,
OPRA,QQQ,0.85,1.17,1.27,0.304331,-0.535827,1.7–1.8;2.7,0.0–0.2;0.4–0.6,00:00–02:00;03:00;08:00–09:30,09:00
OPRX,IWM,0.86,1.4,1.37,0.322628,0.416058,1.7;2.7,0.0–0.1;0.3;0.6,,09:00
OPXS,SPY,0.88,1.21,1.49,-0.187919,-1.034564,2.7,0.0,02:30–09:30,08:00;09:00
OR,GDX,0.97,0.76,1.54,0.315325,-0.619481,0.2–0.4,3.0,,08:30
ORA,SPY,0.86,1.21,0.89,0.883034,-0.293596,0.8,0.1–0.3,03:00;05:00–09:30,09:00
ORCL,SPY,0.87,1.92,4.27,0.282998,-0.964403,0.2–0.7,0.0–0.2,00:00;01:00;03:00;04:00–05:00;06:30–09:30,04:30;08:00–08:30
ORCX,SPY,0.75,4.12,8.43,0.613808,-2.278007,0.2–0.4;0.6;0.8;1.2;1.5,0.0–0.2,00:00–01:00;02:00;03:00;04:00–05:00;06:00–06:30;08:00–09:30,05:00;08:30
ORI,XLF,0.38,0.61,0.55,0.229455,-0.487636,0.6;0.9,0.0–0.2,,
ORKA,IWM,0.83,1.43,2.92,0.154041,-0.276301,0.3,0.0–0.1,,08:30
ORLA,GDX,0.95,1.01,2.28,0.014868,-0.235351,0.2–0.6;0.8,0.0;0.2;0.5;1.3;1.7;3.0,05:00–05:30;06:30–09:30,08:30–09:00
ORLY,IWM,-0.3,-0.03,0.51,1.397059,-0.65902,0.7–0.8;1.2,0.2–0.3,00:30;02:30–03:00,07:00
ORRF,KRE,0.88,0.74,0.56,0.700357,-1.113214,0.5,0.0;0.2–0.3;0.5,,09:00
OS,IWM,0.86,1.14,1.26,0.051905,0.199524,0.6;0.8;1.5;2.7,0.0–0.3;0.6,,09:00
OSBC,NONE,0.77,1.67,2.59,,,,,,
OSCR,IWM,0.77,1.67,2.59,0.299228,-0.909653,0.2–1.0;1.3,0.0–0.7,00:00–09:30,04:00;09:00
OSCX,SPY,0.7,5.47,6.35,-0.11811,-2.548693,2.7,0.0;0.2,04:00–09:30,09:00
OSIS,IWM,0.94,1.17,0.87,-0.185632,-0.50092,0.2;0.4;1.1,0.1,,09:00
OSK,IWM,0.89,0.92,0.96,0.4825,-0.896667,0.4;0.8,0.1;0.4,,09:00
OSPN,IWM,0.98,1.09,2.89,-0.038478,-0.064706,0.2,,,09:00
OSW,IWM,0.81,0.59,0.79,0.438987,-0.43443,0.7,0.2;0.5,,09:00
OTEX,SPY,0.8,1.21,0.76,0.209605,-0.248289,2.7,0.0;0.2,,09:00
OTF,SPY,0.57,0.77,0.66,-0.260909,-0.764242,0.6,0.1–0.2,,09:00
OTGA,NONE,0.34,0.3,0.58,,,,,,
OTIS,IWM,0.34,0.3,0.58,0.65,-0.512069,0.5–0.6,0.2–0.3,,08:30
OTLY,SPY,0.75,0.29,1.17,0.062137,-0.294017,0.2;0.4,0.0–0.1;0.3–0.4,,09:00
OTTR,IWM,0.65,0.29,0.37,2.170811,-0.194595,0.6;1.0,0.2,,
OUNZ,IWM,0.52,0.86,1.01,0.26099,-1.461386,0.2–0.5,0.0–0.3,04:30,07:00;08:30–09:00
OUST,IWM,0.89,3.46,2.95,3.029153,-3.175322,2.7,0.1–0.3,00:00–00:30;03:30;06:30–09:30,08:00;09:00
OUT,IWM,0.83,0.95,0.94,0.432979,-0.35266,0.4–0.5;1.1,0.0–0.2;0.4,,09:00
OVV,XLE,0.95,1.7,1.12,0.74375,-0.751786,0.8;1.4,0.0–0.1;0.3;0.6,,08:00
OWL,XLF,0.85,2.36,1.03,2.78835,-2.16466,2.1;2.7,0.0–0.5,03:30,09:00
OWLS,XLF,0.25,4.69,8.49,0.634464,-2.794405,2.7,,,09:00
OWNB,IWM,0.87,2.71,2.34,1.836624,-1.230085,2.7,0.0,,09:00
OXM,IWM,0.8,0.97,2.33,-0.182189,-0.387725,0.2;0.5,0.2,01:00–09:30,09:00
OXY,XLE,0.92,1.47,0.85,0.109882,-0.391529,0.2–0.4;0.6–0.9;1.4,0.0–0.2,00:00;01:00;02:00;04:30;05:30,09:00
OZEM,QQQ,0.33,0.51,0.85,1.094706,-0.292941,0.3,,,09:00
OZK,KRE,0.94,0.77,0.73,0.343425,-0.44274,0.2–0.5,0.2–0.4,,09:00
PAA,XLE,0.64,0.45,0.45,0.478889,-0.654444,2.7,0.6–0.7,01:30,09:00
PAAA,QQQ,-0.21,0.01,0.02,5.99,-49.705,2.7,0.1,,09:00
PAAS,GDX,0.97,1.17,2.24,0.227188,-0.247545,0.2–0.6;0.8,0.0–0.6;0.9–1.0;1.2–1.3;1.6;2.5,00:00;01:00–05:30;06:30–09:30,07:00;08:30
PAC,IWM,0.35,0.44,0.67,0.825075,-1.269851,0.8,0.3,,09:00
PACS,IWM,0.81,1.02,2.22,0.054775,-0.13964,0.2–0.3;0.8,0.2–0.4,05:00,09:00
PAG,IWM,0.45,0.25,0.86,0.343023,-0.537791,0.6,0.4,,09:00
PAGP,XLE,0.81,0.41,0.38,0.610526,-1.395263,1.3,0.2,,09:00
PAHC,IWM,0.78,0.56,2.33,0.183004,-0.163433,0.2,,,09:00
PALL,QQQ,0.33,0.82,1.87,0.321604,-1.015401,0.2–0.4,0.2;0.5;0.8,00:00–00:30;01:30–02:30;04:00–04:30;06:30;07:30–08:30,04:00;06:30;07:30–08:30
PALU,SPY,0.86,3.12,2.28,1.929825,-0.595614,2.7,0.0;0.2,,09:00
PAM,SPY,0.76,1.43,4.57,0.927768,-0.308796,0.3,0.0;0.2,,09:00
PANG,SPY,0.93,3.37,2.17,3.034101,-3.136359,2.7,0.0,,09:00
PANW,IWM,0.85,1.01,1.1,0.652455,-0.501545,0.2–0.7,0.0–0.4;0.6–0.7;1.3,00:00–03:30;06:30;07:30–09:30,03:00–03:30;07:00;09:00
PAR,IWM,0.86,1.23,1.63,0.126748,-0.171104,0.3;0.5,0.1;0.4,,08:30
PARR,XLE,0.85,1.98,1.4,1.379714,-1.127571,2.7,0.3,,09:00
PATH,SPY,0.8,2.13,3.27,0.744832,-1.257125,0.2–0.5;0.7;1.0,0.0–0.5,00:00–01:00;02:00–05:00;06:00–09:30,07:30
PATK,IWM,0.8,0.53,0.55,1.306545,-1.037273,0.7,0.2–0.3,,
PAVE,IWM,0.96,0.72,0.5,0.6576,-0.4344,0.4;0.7–0.8,0.1–0.2,04:00,09:00
PAX,SPY,0.83,1.39,0.93,0.651613,-0.384194,1.0,0.0,,09:00
PAY,XLF,0.81,1.42,2.28,0.254474,-0.295614,0.4,0.1–0.2,,09:00
PAYC,IWM,0.54,0.28,0.76,0.364737,-0.533158,0.6,0.2,03:30–09:30,09:00
PAYX,IWM,0.12,0.11,0.77,0.691299,-0.402597,0.4,0.3,03:30,08:30
PB,KRE,0.91,0.79,0.54,1.332963,-0.268333,0.6,0.2–0.3,,09:00
PBA,XLE,0.73,0.41,0.46,1.961087,-1.014565,0.7,0.6,,09:00
PBDC,SPY,0.78,0.34,0.3,-0.867333,-1.55,0.3,0.0,,09:00
PBF,XLE,0.84,1.76,1.45,0.655448,-1.426759,1.8,0.1;0.5;0.9,,09:00
PBH,IWM,0.17,0.0,0.51,1.0,-1.823529,0.5,0.2,,09:00
PBI,SPY,0.82,1.02,0.84,0.27881,-0.941667,0.6;0.9;1.1–1.2,0.1–0.4,01:00,09:00
PBPB,NONE,0.83,1.01,0.77,,,,,,
PBR,XLE,0.83,1.01,0.77,0.488312,-0.624545,0.2–0.5;0.7–0.8;1.3–1.4,0.1–0.3;0.8,03:30;05:30–06:00;07:00;08:00–09:30,09:00
PBR.A,SPY,0.8,0.78,0.74,0.703784,-0.337838,0.2–0.7;1.3,0.1;0.4;0.8,01:00–01:30;02:30;03:30–04:00;06:30–08:30,07:30
PBT,SPY,0.72,0.55,0.61,0.620492,-1.064754,0.3,0.0–0.1,,09:00
PBUS,SPY,0.99,1.14,0.5,-0.0124,-0.1824,0.4,0.1–0.2,,09:00
PBW,IWM,0.94,2.12,1.57,1.200255,0.649172,1.3,0.0;0.2;0.4,,09:00
PCAR,IWM,0.84,0.48,0.75,1.179733,-0.2352,0.2,0.1;0.3;0.6,01:00,08:00;09:00
PCB,NONE,0.55,0.33,0.51,,,,,,
PCG,IWM,0.55,0.33,0.51,0.905294,-0.484902,0.3–0.7;1.2,0.0–0.4,00:00;03:00;06:00–07:00,08:00–09:00
PCH,IWM,0.56,0.23,0.74,0.935676,-0.469189,0.5,0.0;0.3,,
PCN,SPY,0.52,0.21,0.29,0.477586,-1.811379,0.5,0.0,03:00–09:30,08:30–09:00
PCOR,SPY,0.89,1.42,1.34,0.914478,-0.751343,0.6,0.3,04:00–09:30,09:00
PCRX,SPY,0.36,0.05,0.67,0.891791,-0.80597,0.3;0.5,0.2,,09:00
PCT,IWM,0.94,1.89,2.72,0.27011,-1.111103,0.7;2.4,0.0–0.2,,09:00
PCTY,IWM,0.6,0.4,0.51,0.886275,-1.713725,0.9,0.1,,09:00
PCVX,IWM,0.68,0.72,0.89,0.449438,-0.319551,0.7–0.8,0.1–0.3,,09:00
PD,IWM,0.81,1.1,1.06,0.184906,0.046226,0.3–0.6;0.8;1.0;1.4,0.0–0.3;1.0,00:00;02:30;03:30–04:00,09:00
PDBC,QQQ,0.49,0.25,0.58,0.685345,-1.400862,0.3,0.0;0.2,06:00–09:30,09:00
PDD,KWEB,0.94,0.67,1.18,0.76839,-0.413136,0.2–0.4;0.6,0.0–0.1;0.3–0.4;0.6,00:00;01:00–03:30;06:00;08:00–08:30,04:00
PDDL,IWM,0.58,1.58,2.47,2.713117,-1.4385025,2.7,0.1,,
PDEX,SPY,0.66,0.1,1.93,0.418135,-0.424352,0.4,,,
PDFS,QQQ,0.92,1.47,1.68,0.59619,-1.108393,0.6,0.2;0.9,,09:00
PDI,SPY,0.79,0.44,0.39,0.37641,-0.966154,0.3;2.7,0.0,03:30;04:30;06:30–09:30,08:00–08:30
PDO,IWM,0.74,0.33,0.27,1.071111,-3.09,1.0,0.2–0.3,,09:00
PEBK,NONE,0.92,0.75,0.5,,,,,,
PEBO,KRE,0.92,0.75,0.5,0.945,-0.295,1.1,0.3,,09:00
PECO,IWM,0.31,0.11,0.58,0.723276,-0.747069,0.3–0.4,0.2,,
PEG,IWM,0.74,0.33,0.38,1.318684,-0.597105,,0.2;0.5,,09:00
PEGA,IWM,0.91,1.17,1.45,-0.081724,-0.390897,0.5;1.3,0.3–0.4,,09:00
PEN,IWM,0.3,0.12,2.02,0.370099,-0.580792,0.3,,,
PENG,SPY,0.88,1.69,2.54,-0.110236,-0.413465,0.4;0.6;1.2,0.0–0.1;0.3,,09:00
PENN,IWM,0.83,0.8,1.43,-0.276923,-0.446154,0.2–0.3;0.7–0.8,0.0–0.2;0.4–0.5,01:30;05:00–09:30,09:00
PEP,IWM,-0.25,0.01,0.88,0.442955,-1.060909,0.2–0.3,0.2–0.3,01:30;02:30;04:00;07:30–09:30,08:30
PERI,QQQ,0.84,0.64,1.32,0.241515,-0.459697,0.2;0.5–0.6,0.0;0.3,03:30,09:00
PESI,IWM,0.7,0.81,2.26,0.007655,-0.413142,0.8,0.3,03:00–09:30,09:00
PEY,IWM,0.81,0.37,0.35,1.153143,-0.513429,0.7;0.9,0.2,,09:00
PFBC,KRE,0.85,0.75,0.63,0.896825,0.035714,0.8,0.2,,
PFE,IWM,0.5,0.24,0.43,0.817674,-0.04093,0.2–0.9,0.0–0.2;0.4,00:00–05:30;06:30;07:30–08:00;09:00–09:30,03:00;07:30–08:00
PFF,SPY,0.89,0.34,0.17,2.442353,-3.891765,1.9,0.0–0.1,01:30;04:30,09:00
PFFA,SPY,0.8,0.36,0.21,0.478095,-2.417143,1.0,0.0,,09:00
PFFD,SPY,0.78,0.29,0.2,0.666,-3.3725,,0.0,,09:00
PFG,XLF,0.82,0.81,0.5,0.5358,0.7666,0.5,0.0–0.1;0.4–0.5,,09:00
PFGC,IWM,0.35,0.28,0.71,0.750423,-1.480563,0.3,0.2,,09:00
PFIS,XLF,0.81,1.39,0.79,0.586456,0.287468,1.2,0.0,,
PFIX,IWM,-0.24,-0.49,0.98,1.16602,-0.715918,0.9,0.1–0.2,,09:00
PFLT,SPY,0.81,0.56,0.47,0.428936,-1.28,0.4–0.6,0.0,02:30;05:00–09:30,09:00
PFSI,XLF,0.6,0.99,1.16,0.3525,-0.605,0.6,0.0,,
PFXF,QQQ,0.65,0.28,0.24,1.336667,-4.243333,,0.0,,09:00
PG,IWM,-0.43,-0.05,0.57,1.208772,-0.675439,0.3;0.6,0.1–0.3,03:00–03:30;07:00–09:30,08:00
PGJ,IWM,0.76,1.09,1.11,0.97045,-0.668018,0.8,0.2,,09:00
PGNY,SPY,0.73,0.49,1.96,0.218112,-0.329235,0.4,0.0,,09:00
PGR,XLF,0.33,0.59,0.88,0.449318,-0.291591,0.2;0.5,0.0;0.2–0.3,,09:00
PGX,SPY,0.6,0.2,0.22,2.354545,-1.372727,2.7,0.0,04:30,09:00
PGY,SPY,0.9,3.25,3.57,0.890056,-1.432773,0.3;0.5–0.7;0.9;1.5;2.1,0.0–0.3,00:00;01:00–01:30;02:30;04:00–05:00;06:00;07:30–09:30,09:00
PH,IWM,0.93,0.84,1.04,0.437692,-0.196923,0.2,0.1–0.3,03:30–09:30,09:00
PHAR,IWM,0.09,0.88,4.39,0.594351,-1.045923,,,,09:00
PHG,SPY,0.8,1.17,1.02,0.989608,-1.141765,0.3;0.5;2.7,0.1,02:30;04:00;05:00–09:30,09:00
PHI,IWM,0.31,0.16,0.65,1.007385,-0.554462,0.4,0.2–0.3,,09:00
PHIN,IWM,0.74,0.45,0.6,1.049167,-1.575833,0.7;1.8,0.2,,09:00
PHM,IWM,0.63,0.65,1.18,0.759746,-0.270339,0.3–0.4,0.0;0.2;0.4,03:30–04:00,08:30
PHO,IWM,0.91,0.38,0.39,1.491795,-0.863077,0.5;0.7,0.1,,09:00
PHR,SPY,0.84,1.01,1.14,-0.371754,-0.905175,0.8–0.9;1.3,0.0–0.1;0.3,,09:00
PHYS,IWM,0.51,0.76,1.03,0.656699,-0.918835,0.2–0.4,0.2;0.4,02:00;03:00;04:00–04:30;05:30,09:00
PI,SPY,0.91,2.17,1.9,0.837053,-1.966316,1.2;2.2,0.0–0.2,,09:00
PICK,IWM,0.79,0.97,0.92,0.1975,-0.315543,0.4,0.0;0.2,,09:00
PII,IWM,0.7,1.23,1.35,-0.536444,-1.091926,0.8;1.1–1.2,0.1,02:00–09:30,09:00
PIN,QQQ,0.39,0.45,0.58,1.181034,-1.355172,,0.2,,09:00
PINC,IWM,0.38,0.0,1.49,0.389262,-0.624161,0.3,0.5,,
PINE,SPY,0.54,0.54,0.49,0.915918,-1.626531,0.6;2.7,0.0–0.2,,09:00
PINS,SPY,0.88,1.83,2.68,0.286903,-1.693955,0.2–0.6;0.9–1.0,0.0–0.5,00:00;01:00;02:00–03:30;04:30;06:30–07:00;08:00–09:30,07:00;09:00
PIPR,SPY,0.87,1.56,0.84,0.488095,-0.277143,,0.2,,09:00
PJT,XLF,0.82,1.25,0.83,0.906627,0.292169,0.9,0.2–0.4,,09:00
PK,IWM,0.87,0.87,0.86,0.348837,-0.721163,0.3–0.7,0.4;0.6,03:30–04:00,09:00
PKE,IWM,0.89,0.79,0.67,-0.077313,-0.26597,2.7,0.1–0.2,,09:00
PKG,IWM,0.56,0.26,0.74,0.745676,-0.522432,0.4–0.5,0.2;0.4,,09:00
PKW,IWM,0.92,0.48,0.43,1.113488,-1.525581,0.4,0.6,,
PKX,SPY,0.47,0.76,1.62,0.765185,-0.814074,0.3,0.0,03:00,09:00
PLAB,SOXL,0.91,0.3,1.59,0.888679,-2.266667,0.6,3.0,04:00,09:00
PLAY,IWM,0.78,0.75,2.58,-0.043605,-0.196705,0.2–0.5,0.0–0.2,,09:00
PLD,IWM,0.65,0.44,0.57,0.838596,-0.30807,0.4,0.0;0.2,04:00–09:30,09:00
PLMR,XLF,0.62,0.65,0.63,0.953175,-1.076984,0.4,0.2,,
PLNT,IWM,0.74,0.49,1.69,0.64432,-0.579527,0.2,0.2,,09:00
PLOO,QQQ,0.68,1.11,2.17,0.045991,,,,,
PLPC,IWM,0.85,0.99,1.13,1.04292,0.151593,2.7,0.0;0.2,,09:00
PLSE,IWM,0.84,0.69,1.41,0.135887,-0.310922,0.7;2.7,0.2,,09:00
PLT,QQQ,0.77,2.44,6.46,1.114613,-1.358328,,,,
PLTA,QQQ,0.8,4.04,3.68,2.1457065,-1.1502175,,,,
PLTG,QQQ,0.85,3.33,3.43,1.233819,-0.968805,2.7,0.0–0.2,04:30,09:00
PLTI,QQQ,1.0,5.53,5.43,,,,,,
PLTM,QQQ,0.42,0.82,1.54,0.297922,-1.013377,0.2;0.6,0.3,01:00;02:00;05:00–06:30,08:00–08:30
PLTR,QQQ,0.89,1.78,1.66,1.784337,-0.442892,0.2–0.5;0.7;0.9;1.2,0.0–0.1;0.5,00:00–05:30;06:30–07:30;08:30–09:30,02:30;09:00
PLTS,IWM,0.22,-0.35,25.8,0.155659,-0.822093,,,,
PLTU,QQQ,0.87,3.61,3.39,1.726077,-1.064631,0.2–0.3;0.8;2.1;2.6,0.0–0.1;0.3;0.5,00:00–00:30;01:30;02:30;04:00–04:30;07:30;08:30,09:00
PLTW,QQQ,0.89,2.15,2.16,0.597222,-0.143519,1.2;1.7,0.0–0.2,02:00;03:00;04:00,09:00
PLTY,QQQ,0.87,1.24,1.45,0.62731,-0.825655,0.2–0.4;0.6–0.7;1.2,0.0–0.2;0.4,00:00–00:30;02:30;04:00;06:30–09:30,03:00;09:00
PLUS,IWM,0.87,0.53,0.69,0.652899,-0.793043,0.2,0.1,,09:00
PLXS,IWM,0.9,0.82,0.83,0.725542,-0.201687,0.7,0.1,,09:00
PLYM,SPY,0.57,0.28,6.29,1.1708745,-0.186264,,,,
PLYY,QQQ,0.63,0.8,1.25,0.5167999999999999,-1.0288,,,,09:00
PM,IWM,-0.38,-0.03,0.54,0.636852,-0.740926,0.4;0.6,0.2,03:30,07:00;09:00
PMMF,SPY,0.24,0.03,0.01,60.03,-47.9,2.7,0.0,,09:00
PMT,XLF,0.49,0.45,0.89,0.327528,-0.278652,0.5,0.1,,09:00
PMTS,SPY,0.73,0.81,2.21,0.336561,-0.266923,0.3,0.2,,09:00
PNC,XLF,0.89,1.28,0.59,-0.064407,-0.71322,0.6;0.8;2.7,0.0;0.2,,09:00
PNFP,KRE,0.87,0.6,0.52,0.634615,-0.607692,0.5,0.3,,
PNR,IWM,0.92,0.91,0.61,0.671967,-0.719508,0.6;0.8,0.0;0.3;0.5,,09:00
PNRG,XLE,0.74,1.4,1.18,0.184746,-0.010169,0.8;2.7,0.2,,
PNTG,IWM,0.58,0.38,0.74,0.67027,-0.858378,1.0,0.1,,09:00
PNW,IWM,-0.01,0.04,0.46,1.291304,-0.906087,0.6,0.2,,09:00
PODD,SPY,0.23,0.11,0.59,1.158136,-0.509661,0.2,0.1,,09:00
PONX,IWM,0.88,7.92,6.92,5.630578,-5.479827,2.7,0.0,,09:00
PONY,IWM,0.85,3.3,2.93,4.424915,-2.401024,0.4;0.8,0.0;0.2–0.3,00:00;01:00–02:00;03:30–05:00;06:30;08:00–08:30,09:00
POOL,IWM,0.65,0.33,0.59,1.024576,-0.592712,0.6,0.1,03:00–09:30,09:00
POR,IWM,0.22,0.04,0.38,1.230526,-2.437895,0.7,0.2–0.3,,09:00
POST,IWM,-0.39,-0.14,0.44,1.070909,-1.005,1.0,0.2,,09:00
POW,IWM,0.47,1.53,1.58,0.347089,,,,,
POWI,IWM,0.9,1.4,1.54,-0.377922,-1.083117,0.6;1.1,0.0;0.4,,09:00
POWL,IWM,0.91,2.08,1.67,1.10515,-0.148263,2.7,0.2,00:30;03:30–09:30,09:00
PPA,SPY,0.94,1.0,0.5,-0.28,-0.7,2.7,0.1;0.3,01:00;03:30,09:00
PPBI,NONE,-0.29,-0.13,0.59,,,,,,
PPC,IWM,-0.29,-0.13,0.59,0.497458,-1.675424,0.4,0.2,,
PPG,IWM,0.73,0.58,0.68,1.044706,-0.822647,0.6,0.0,,09:00
PPH,IWM,0.31,0.15,0.42,0.810714,0.105952,0.6,0.2,,09:00
PPIH,IWM,0.77,1.07,2.16,-0.091898,-0.12037,1.2,0.0;0.3,,09:00
PPL,XLE,0.11,-0.07,0.38,0.912632,-1.231579,2.2,0.3,,09:00
PPLT,QQQ,0.4,0.87,1.54,0.490325,-1.277208,0.2–0.3,0.0;0.2–0.3,00:00–01:00;02:00–03:00;06:00;07:30,08:00
PPTA,GDX,0.86,1.08,2.81,0.476157,-0.471174,0.2–0.8,0.0;0.2;0.4;0.6;1.2;3.0,00:00–01:30;03:30;05:30;06:30–09:30,09:00
PR,XLE,0.93,1.49,1.12,0.232411,-0.611786,1.3,0.4;0.6,,08:00;09:00
PRAA,XLF,0.71,0.94,0.76,-0.117368,-0.345789,1.1,0.0–0.3,,09:00
PRAX,SPY,0.56,1.53,21.81,0.264613,-0.656823,0.2,,01:30,08:00
PRCH,SPY,0.85,1.83,3.57,0.056471,-0.327591,0.4–0.6;0.8–1.0,0.0–0.3;0.5,04:00–09:30,09:00
PRCT,SPY,0.58,1.41,1.4,0.656429,-0.442571,0.6;0.8,0.0–0.3,00:00–00:30;02:00;03:00;05:00–09:30,09:00
PRDO,IWM,0.04,0.0,0.96,0.5625,-0.989583,0.2,0.2,,
PRG,IWM,0.79,0.58,0.62,0.533226,-0.649355,0.5,0.1–0.2;0.4–0.5;0.7,,09:00
PRGO,IWM,0.51,0.41,2.0,0.2465,-0.58375,0.4,,,09:00
PRGS,SPY,0.84,1.02,0.66,0.148788,0.176364,0.4;0.9;2.7,0.0–0.3,03:00–03:30,09:00
PRI,XLF,0.75,0.89,0.86,-0.084535,-0.600581,0.8,0.2,,09:00
PRIM,IWM,0.9,1.58,1.6,0.815,-0.83375,0.7;0.9,0.0;0.2,03:00–09:30,09:00
PRLB,SPY,0.92,1.37,0.74,1.578378,-0.555135,2.7,0.3,01:30–09:30,09:00
PRM,SPY,0.68,0.92,1.78,0.076629,-0.120225,0.6,0.0–0.1;0.3,,09:00
PRMB,IWM,-0.28,-0.15,2.23,0.377354,-0.462108,0.2;0.4,,,09:00
PRNT,QQQ,0.76,0.67,0.88,0.091023,-0.605568,0.4,0.0,,09:00
PRO,IWM,0.45,0.19,4.94,0.219109,-0.267794,0.2–0.3,,,
PRTC,QQQ,0.33,1.22,3.32,1.365181,-1.07006,,,,
PRU,XLF,0.93,1.23,0.49,0.266735,-1.086939,0.6–0.8,0.3–0.4,,09:00
PRVA,SPY,0.79,0.66,1.1,0.421455,-0.408364,0.7–0.8,0.4,,09:00
PSA,IWM,0.36,0.11,0.51,1.039412,-0.732745,0.5,0.1–0.3,,09:00
PSFE,SPY,0.85,2.35,2.87,-0.261324,-0.219164,1.0,0.0–0.2;0.4,03:00–09:30,09:00
PSI,QQQ,0.96,2.11,1.38,2.026014,0.468623,0.9,0.1,,08:30
PSIL,IWM,0.72,0.51,1.28,0.536328,-0.203125,,,,09:00
PSIX,IWM,0.92,2.75,4.37,1.077231,-1.125286,1.1;1.6,0.0;0.2–0.5,00:00–01:00;04:30;05:30,08:30
PSKY,IWM,0.75,0.57,1.12,0.237321,-0.525,0.2–0.7;1.0,0.0–0.1;0.3–0.6,03:00–04:00;05:30;06:30–07:00,09:00
PSLV,QQQ,0.53,1.04,1.45,1.095448,-0.724138,0.2;0.4,0.6,01:30–02:00;05:30,09:00
PSMT,IWM,0.73,0.39,0.55,0.617455,-1.026182,0.4;0.7;0.9;1.1,0.0,,
PSN,SPY,0.8,0.51,0.68,0.504265,-0.749118,2.7,0.0;0.2–0.3,02:30;03:30–09:30,08:00;09:00
PSO,KWEB,0.12,-0.03,1.08,0.986574,-0.886389,0.5,0.5,,09:00
PSQ,IWM,-0.91,-0.68,0.65,0.791385,-0.616,0.2–0.4,0.0–0.2;0.4,00:30;04:00;06:00;08:30–09:30,08:00
PSTG,QQQ,0.95,1.97,2.31,0.598442,-0.776494,0.3–0.4;0.7;1.0,0.0–0.3,00:00;01:30–02:00;03:30;07:00–09:30,08:30
PSX,XLE,0.89,1.11,0.68,0.593529,-1.556618,0.2;0.6;0.8;1.0,0.1–0.2;0.4–0.5,,09:00
PTC,SPY,0.87,0.95,0.61,0.728689,-1.097541,0.5–0.6,0.0;0.2,02:30–09:30,09:00
PTCT,IWM,0.52,0.61,0.82,0.527317,-0.390122,0.5,0.2;0.4,,09:00
PTGX,IWM,0.51,0.38,0.76,-0.548947,-1.448684,0.5;0.8,0.0;0.2,,09:00
PTHS,QQQ,0.31,0.66,3.21,0.770436,-0.9729905,,,,
PTIR,QQQ,0.86,3.54,3.36,4.419167,-0.081548,0.2–0.3,0.0–0.3;0.5,00:00;01:30;03:00–06:30;07:30;08:30,09:00
PTMN,NONE,0.99,1.02,0.63,,,,,,
PTNQ,QQQ,0.99,1.02,0.63,-0.068571,-0.249206,0.2,,,09:00
PTRN,SPY,0.84,1.28,1.38,1.095942,-0.728406,2.7,0.0–0.1;0.3,02:30;05:00–09:30,09:00
PTY,QQQ,0.6,0.24,0.31,1.228387,-2.753548,1.1;1.4,0.0;0.2,,07:00;09:00
PUBM,IWM,0.94,1.31,2.89,0.142422,-0.059412,0.2–0.4;0.6,0.1–0.4,03:30–09:30,09:00
PUK,XLF,0.46,0.8,1.09,0.453211,-0.47156,0.2,0.0,04:00;05:00–09:30,09:00
PULS,SPY,0.44,0.05,0.02,8.55,-27.9,2.7,0.0–0.1,02:00;03:30,08:00;09:00
PVAL,SPY,0.89,0.69,0.31,0.829032,-0.962903,0.5,0.0–0.1,,09:00
PVH,IWM,0.81,0.79,0.91,0.22,-0.445275,0.3;0.6;0.8,0.1–0.2;0.4,,09:00
PVLA,IWM,0.72,0.99,1.32,-0.174848,0.155606,2.7,0.0,,09:00
PWP,SPY,0.84,1.95,1.31,-0.624809,-0.574427,0.7,0.0;0.2–0.3,,09:00
PWR,SPY,0.92,1.66,1.02,0.251765,-0.198235,0.6–0.7,0.0–0.1;0.3,03:00;05:30,09:00
PWRD,SPY,0.96,1.61,0.79,0.607848,-1.038734,0.9;2.7,0.1;0.3,,09:00
PXED,IWM,0.73,1.84,1.5,-0.844267,-0.834667,2.7,,,09:00
PXIU,IWM,0.83,8.09,8.05,9.678957,-7.015689,2.7,0.1,,
PXLW,IWM,0.63,1.22,2.45,0.055184,-0.27249,1.2;2.7,0.2,,09:00
PYLD,IWM,0.49,0.06,0.09,3.36,-3.64,2.7,0.2,,09:00
PYPG,IWM,0.82,2.16,2.93,0.591399,-1.435085,0.5,0.0–0.2;0.5,00:00;02:30;06:00;07:00–09:30,09:00
PYPL,SPY,0.85,1.36,1.44,0.548056,-0.628056,0.2–0.5;0.9–1.0,0.0–0.1;0.3–0.4,00:00–04:00;05:30;06:30–07:00;08:00–09:30,04:00
PYPY,SPY,0.67,0.64,1.04,-0.028846,-0.240385,0.3,0.0–0.1,04:00–04:30,09:00
PZZA,SPY,0.42,0.32,1.72,0.300233,-0.338372,0.2,0.2,03:00–09:30,09:00
Q,SPY,0.41,3.04,1.95,5.170359,-0.010769500000000098,2.7,,,
Q/I,NONE,0.93,1.7,0.81,,,,,,
QBIG,SPY,0.93,1.7,0.81,0.79321,-0.725926,,,,
QBTS,SPY,0.76,2.53,3.92,0.917245,-1.979031,0.2–0.8;1.0–1.3;1.6,0.0–0.4;0.6;0.8,00:00–05:00;06:00–09:30,00:30;07:00;09:00
QBTS/W,QQQ,0.79,1.8,5.43,1.06593,-1.247145,2.7,0.0;0.3,,09:00
QBTX,IWM,0.77,4.34,7.99,1.324931,-6.240576,0.7;2.0,0.0–0.1;0.3–0.4,00:00;02:00;03:00–03:30;06:00–09:30,09:00
QBTZ,QQQ,-0.78,-5.52,10.5,1.755733,-3.560724,2.7,0.0–0.1;0.3,03:00;04:00;05:00;07:00–09:30,04:30
QCLN,IWM,0.94,1.46,1.32,1.844848,-0.818788,0.5,0.1–0.2,,09:00
QCML,QQQ,0.9,2.06,1.67,0.436766,-0.988263,2.7,0.2;0.5,04:00;05:30–09:30,09:00
QCMU,QQQ,0.75,1.51,1.93,0.417668,-0.432539,2.7,,,
QCOM,QQQ,0.89,1.01,0.79,0.267595,-0.929494,0.2–0.8,0.0–0.3;0.5–0.6;0.8;1.2,00:00–06:30;08:00–09:30,09:00
QDEL,IWM,0.81,1.24,1.3,-0.203385,-0.471385,1.3;2.7,0.4,,09:00
QDTE,QQQ,1.0,0.95,0.62,0.241129,-0.652419,0.2–0.3,0.1;0.9,01:00;02:30–03:00;07:00,08:00–08:30
QDTY,QQQ,0.93,0.88,0.63,0.456508,,,,,
QDVO,SPY,0.94,1.23,0.52,1.117308,0.051538,0.5–0.6;1.1;1.5;2.7,0.0;0.2–0.3,02:30–03:00;04:00–05:00;06:00–09:30,09:00
QETH,QQQ,0.8,3.5,2.62,5.509542,-2.727099,2.7,0.1;0.3,03:30,09:00
QFIN,SPY,0.62,1.03,1.86,-0.363602,0.148011,0.3;0.6–0.7,0.0–0.1;0.3–0.4,00:00;01:30;02:30;03:30,09:00
QGEN,IWM,0.21,0.12,0.69,0.547826,-0.72058,0.2–0.3;0.5,0.1–0.3,01:30;03:00,04:30;07:30;08:30
QGRO,SPY,0.99,1.29,0.57,0.25,-0.56193,0.4,0.3,,09:00
QID,IWM,-0.91,-1.42,1.28,1.935937,-0.519531,0.2–0.3;0.5–0.6,0.2;0.4,02:00–02:30;04:30–05:00;06:00;07:30–09:30,05:00;08:00
QLD,QQQ,1.0,2.0,1.27,2.188976,-0.283465,0.2–0.7;0.9,0.0–0.2,00:30;01:30–05:00;06:00;07:30,07:00
QLDY,QQQ,0.94,1.01,0.77,-0.224675,-0.571558,2.7,,02:00,09:00
QLYS,IWM,0.85,0.59,2.15,0.26,-0.366326,,,,
QNST,IWM,0.89,0.88,1.68,0.407143,0.000476,0.2,0.2,,09:00
QNTM,IWM,0.39,0.85,2.31,0.155411,-0.300866,0.6;1.0,0.0–0.1;0.3,,09:00
QPUX,IWM,0.84,6.62,6.5,0.128369,-1.880738,2.7,0.0–0.1,02:00;05:30–06:00,09:00
QQA,QQQ,0.88,0.58,0.6,0.547333,-0.919,0.6,0.1–0.2,,09:00
QQMG,QQQ,0.98,1.1,0.68,0.151471,-0.082353,2.7,0.0–0.1,00:00,09:00
QQQ,SPY,0.99,1.36,0.64,1.15375,-0.384375,0.2–0.4,0.1,00:30–01:00;03:00;04:00–04:30;05:30;06:30;07:30,04:00
QQQD,IWM,-0.83,-0.91,0.87,1.28931,-0.823793,0.3;0.5–0.6,0.1,,08:30–09:00
QQQE,SPY,0.95,1.19,0.53,0.259811,-0.516604,0.2;1.0,0.0,02:00,08:30–09:00
QQQH,QQQ,0.73,0.47,0.43,0.673023,-0.874419,,,,
QQQI,QQQ,0.99,0.73,0.5,0.3588,-0.9018,0.2–0.4,0.0–0.3,00:00;01:00–04:30,04:30
QQQJ,IWM,0.96,0.71,0.63,0.419841,-0.146349,0.3–0.4,0.0;0.3,,09:00
QQQM,QQQ,1.0,1.0,0.64,,,,,00:30,08:00–08:30
QQQT,SPY,0.87,0.83,0.54,0.487407,-0.349074,2.7,,,09:00
QQQU,SPY,0.95,2.86,1.78,3.809888,-1.527303,2.7,0.0–0.3,00:00;02:00;06:30–09:30,08:30–09:00
QQQX,SPY,0.91,0.9,0.45,0.755556,0.015556,2.7,0.2,03:30–09:30,09:00
QQQY,QQQ,0.96,0.54,0.41,0.503415,-0.890732,0.2,0.0–0.2,00:00;01:30;07:30–09:30,08:30
QQUP,QQQ,0.96,2.43,1.59,1.659748,-1.540566,2.7,0.4,,09:00
QQXL,QQQ,0.93,2.13,1.44,0.801736,-0.7977085,2.7,0.1,,09:00
QRVO,SOXL,0.78,0.18,1.53,1.20902,-3.24719,1.3,3.0,,09:00
QSR,IWM,0.5,0.19,0.59,0.77339,-1.508644,0.4–0.5,0.2–0.3,,09:00
QSU,SPY,0.89,7.71,6.67,2.63976,-8.433733,2.7,,,
QSX,IWM,0.93,6.32,6.1,2.875213,-8.6006885,,,,
QTOP,QQQ,0.98,1.09,0.69,0.252319,0.011884,0.2;0.4;0.6,0.0–0.3;0.6,04:00–04:30;05:30–06:00;07:00–09:30,06:00;08:30–09:00
QTUM,QQQ,0.96,1.58,1.05,0.166857,-0.94019,0.2;0.5;0.8,0.0–0.1;0.4,00:00;01:00;06:30,09:00
QTWO,IWM,0.8,0.69,1.4,0.1545,-0.303286,0.3;0.5,0.2,,09:00
QUAL,SPY,0.99,0.88,0.4,0.179,-0.421,0.8,0.0–0.1;0.3,00:30;03:30–09:30,09:00
QUBT,QQQ,0.83,2.24,3.83,0.944648,-1.389974,0.2–0.8;1.0–1.2,0.0–0.7,00:00–01:30;02:30;03:30–09:30,06:30;09:00
QUBX,QQQ,0.82,5.2,7.84,1.231888,-0.391837,0.5;2.1,0.0;0.2–0.6;0.8,00:00–00:30;03:30–04:00;05:00;07:00–09:30,09:00
QURE,IWM,0.48,1.0,24.79,0.21157749999999997,-0.3684955,0.2,,,
QUSA,SPY,0.67,0.44,0.33,1.660606,-2.226667,0.2,0.0,,
QXO,IWM,0.72,1.05,0.94,0.463298,-0.154255,0.4–0.5;0.8–1.2;1.5;2.7,0.0–0.4,00:00;01:30;02:30;04:00–04:30;05:30–09:30,09:00
QYLD,SPY,0.91,0.49,0.27,0.128519,-2.031481,0.2–0.4;0.6–0.8,0.0–0.2,01:00;02:00–03:00;05:30,07:00;08:30
QYLG,QQQ,0.97,0.68,0.45,0.221333,-1.104889,2.7,0.0,,09:00
R,SPY,0.9,1.11,0.7,-0.209286,-0.413857,0.6,0.0–0.2,,09:00
RA,QQQ,0.37,0.0,0.25,1.16,-3.76,1.9,0.1,,09:00
RACE,IWM,0.17,0.44,1.86,0.237419,-0.437419,0.2,0.4,06:30–09:30,08:00;09:00
RAIL,IWM,0.85,1.17,1.28,0.306719,-0.425078,0.6;1.2;2.7,0.0–0.4,02:00–09:30,09:00
RAL,QQQ,0.75,1.02,0.93,0.390538,-1.032688,0.7;1.0,0.4–0.5,02:00,09:00
RAMP,SPY,0.81,1.21,1.06,0.595094,-0.588679,1.2,0.0,,09:00
RAND,NONE,0.39,1.08,20.76,,,,,,
RAPP,IWM,0.39,1.08,20.76,0.242062,-0.256994,,0.2,,
RAPT,QQQ,0.6,1.49,5.67,0.330688,-0.301993,0.2–0.3,0.4–0.5,01:30,08:30
RARE,IWM,0.67,0.7,1.61,-0.165217,-0.12795,0.2–0.3;0.7–0.8,0.0;0.2–0.4,03:00–03:30,09:00
RBA,IWM,0.46,0.22,0.38,1.762105,-1.050526,1.0,0.1–0.2,,
RBC,SPY,0.86,0.93,0.54,0.282037,-0.785185,2.7,0.0;0.2–0.3,,09:00
RBLU,QQQ,0.7,2.9,4.35,2.641839,-1.922759,2.7,0.0–0.1;0.4,02:30;04:00–09:30,09:00
RBLX,SPY,0.8,2.23,2.21,1.15819,-0.314932,0.2–0.6;0.8;1.0;1.2–1.3,0.0–0.2;0.4,00:00–01:00;02:00–04:00;05:00;06:00–07:00;08:00–09:30,03:00;07:00;09:00
RBLY,SPY,0.55,1.37,2.14,0.483318,-0.450748,,0.2,,09:00
RBRK,QQQ,0.95,2.09,1.58,-0.36057,-1.813861,0.2–0.3;1.3;2.0,0.0–0.1,00:00–02:00;03:00–04:00,09:00
RCI,SPY,0.22,0.13,0.36,1.26,-1.525833,0.2,0.0,,09:00
RCL,SPY,0.9,1.45,1.33,0.446617,-0.830827,0.2–0.4;0.6–0.9;1.1,0.0;0.2–0.3,00:00–01:00;02:30–03:30,08:30
RDDT,QQQ,0.83,2.14,2.53,1.644822,-0.787431,0.2–0.5;0.7;1.0,0.0–0.2;0.5,00:00–01:30;03:00–09:30,03:00;04:00;07:30;08:30
RDNT,IWM,0.76,0.58,0.63,0.673333,-1.077778,0.5,0.0–0.1;0.3,04:30–09:30,09:00
RDTE,IWM,0.97,0.79,0.6,0.137,-0.298167,0.3–0.6;0.9,0.0–0.1;0.3,03:30–09:30,08:00;09:00
RDTL,IWM,0.85,3.83,5.06,3.820217,-0.862549,2.6,0.0;0.3–0.4;0.7,03:00;04:00;06:30;07:30–09:30,08:30–09:00
RDTY,IWM,0.89,0.78,0.68,-0.021176499999999987,-0.045882,,,,
RDVT,IWM,0.92,0.7,0.62,0.098387,-0.487097,1.0,0.1;0.3–0.4,,
RDVY,IWM,0.96,0.63,0.4,0.498,-0.528,0.6,0.2,,
RDW,IWM,0.77,2.64,3.18,1.098868,-1.804654,0.2–0.5;0.7;0.9;1.1;1.5,0.0–0.3;0.8,00:00–00:30;02:00;03:00–04:30;06:30–09:30,07:30;09:00
RDWR,SPY,0.91,1.3,0.65,1.501538,-1.158462,2.7,0.0–0.1;0.3,,09:00
RDY,QQQ,0.05,0.0,0.89,0.662921,-1.11236,0.2,0.2,,09:00
RDYY,IWM,0.65,1.63,3.01,0.482641,-1.942691,,,,
REET,SPY,0.49,0.32,0.32,1.13125,-1.9275,0.7,0.0,,09:00
REFI,SPY,0.62,0.51,0.59,-0.044915,-0.934068,0.7,0.2–0.3,,09:00
REG,IWM,0.06,0.07,0.39,0.71359,-0.959744,0.8,0.2,,
REGN,IWM,0.25,0.11,0.9,0.836667,-0.526111,0.2–0.3,0.2–0.3,03:30,09:00
REIT,SPY,0.55,0.37,0.42,-0.001429,-1.3854760000000002,,0.0;0.2,,09:00
RELX,IWM,0.31,0.45,1.11,0.34955,-0.36036,0.2–0.3,0.1–0.3,03:00;04:30–09:30,08:30
RELY,XLF,0.73,1.01,2.43,0.206008,-0.201893,0.2–0.4,0.1–0.3,,09:00
REM,IWM,0.86,0.37,0.3,1.233,-1.426667,1.0,0.2;0.4,,
REMX,IWM,0.65,1.52,2.05,1.420293,-1.059902,2.7,0.0–0.1;0.3,00:00;06:00–09:30,09:00
REPX,XLE,0.63,0.35,0.82,0.625,-0.829268,0.5,0.2;0.5,,09:00
REVG,SPY,0.84,1.43,2.69,0.276208,-0.356766,0.3,0.0–0.2,02:30–09:30,
REX,IWM,0.8,0.56,0.51,0.748235,-1.054118,1.1,0.5,,09:00
REXR,IWM,0.72,0.54,0.97,0.536907,-0.263918,0.3,0.0;0.2;0.5,,09:00
REYN,IWM,0.3,0.13,0.81,0.674938,-0.461235,0.2,0.2,,07:00
REZI,IWM,0.86,1.05,3.19,-0.032288,-0.076019,0.2;0.4–0.5,0.0,04:30,09:00
RF,KRE,0.95,0.99,0.54,0.482222,0.217407,0.2–0.4;0.6,0.0–0.3;0.7,01:30,08:30–09:00
RGA,XLF,0.73,0.7,0.54,0.518519,-0.153704,0.6,0.0;0.4,,09:00
RGC,QQQ,0.69,1.21,2.38,-0.146092,-0.272941,0.3;0.5;0.8;1.1–1.2;1.7,0.0–0.2;0.4;0.9,00:00;01:00;02:30;03:30–04:30;06:00;07:30;08:30–09:30,09:00
RGCO,SPY,0.54,0.34,0.67,-0.015372999999999998,-1.191642,,,,
RGEN,SPY,0.53,0.79,1.19,0.143697,-0.853193,0.5;0.8,0.0;0.2–0.3,02:30–09:30,09:00
RGLD,GDX,0.97,0.67,1.26,0.814524,-0.93873,0.2–0.3,0.3,00:00;02:00;06:00–09:30,03:30
RGR,IWM,0.77,0.55,0.93,0.312903,-0.9,0.2,0.1–0.2,,08:30
RGTI,IWM,0.73,3.05,3.29,1.525076,-3.265198,0.2–0.5;0.8;1.1–1.3,0.0–0.5,00:00;01:00–01:30;03:00;04:00–06:30;07:30–09:30,08:00–09:00
RGTU,IWM,0.67,6.47,6.77,3.8574,-2.044476,2.7,0.1;0.3;0.6,,09:00
RGTX,IWM,0.71,5.51,6.58,-0.379119,-5.743815,2.7,0.0–0.1;0.3;0.5,02:30;04:30–09:30,09:00
RGTZ,IWM,-0.78,-7.18,8.62,0.229536,-2.483016,2.7,0.0;0.2–0.3,05:00–09:30,08:30
RH,IWM,0.86,1.73,1.94,0.286082,-0.565876,1.1;1.3,0.3;0.5,03:00;05:00–09:30,09:00
RHI,IWM,0.84,0.8,0.74,0.167568,-0.151351,0.7,0.0;0.2;0.4,02:00,09:00
RHLD,SPY,0.68,1.69,9.81,0.411774,-0.090316,0.2,0.1,,09:00
RHP,IWM,0.66,0.39,0.45,1.084222,-0.777778,0.5;1.0,0.0;0.2,,09:00
RICK,IWM,0.76,0.66,1.09,-0.15211,-0.239083,0.2,0.2,,
RIGL,IWM,0.68,0.54,2.98,0.187315,-0.26349,0.2–0.4,0.2–0.3,02:30,09:00
RING,QQQ,0.56,1.61,1.86,1.648602,-1.489194,0.5,0.2;0.4,,08:30–09:00
RIO,SPY,0.68,0.94,1.06,0.902264,-0.628491,0.2–0.4,0.0–0.2,00:00;02:00–03:00;04:00–04:30;06:00,07:00;09:00
RIOT,SPY,0.84,4.64,2.73,3.613626,-2.866374,0.2–0.3;0.5–0.6;0.8,0.0–0.2,00:00–03:00;04:00;05:00;06:00–06:30;07:30;08:30,07:00
RIOX,QQQ,0.91,6.48,5.83,3.960961,-2.513688,2.7,0.0;0.2;0.5,00:00;02:00;03:30;04:30,09:00
RITM,SPY,0.68,0.6,0.39,0.466667,-1.558974,0.4–0.6;1.0;1.2,0.0–0.1;0.3–0.4,00:00–02:00;03:00–03:30;06:00;07:00–09:30,08:30–09:00
RIVN,IWM,0.9,0.91,1.4,0.283214,-0.244214,0.2–0.6;0.8,0.0–0.6;0.8;1.1;1.3;1.6,00:00–09:30,04:00
RJF,XLF,0.87,1.18,0.72,0.227778,-0.261389,0.6,0.0–0.1;0.3,,09:00
RKLB,SPY,0.9,3.19,2.42,1.168264,-1.985702,0.2–0.6;1.9,0.0–0.4,00:00–02:30;04:00–05:30;07:30–09:30,02:00;07:30;09:00
RKLX,SPY,0.91,7.07,4.84,3.233967,-5.165124,2.7,0.0–0.2,04:00;05:00,09:00
RKT,SPY,0.69,1.71,1.58,0.751772,-1.37462,0.2–0.9;1.1–1.2;1.4;1.6,0.0–0.3;0.6,00:00–04:30;06:30–09:30,07:00–07:30;09:00
RL,SPY,0.85,1.35,0.93,0.479032,-0.773656,2.7,0.2–0.4,,09:00
RLI,XLF,0.42,0.79,0.69,0.398551,-0.697536,0.6,0.1;0.3,,
RMBS,SPY,0.92,3.54,2.77,2.451336,-1.343249,2.7,0.1,02:30,09:00
RMD,SPY,0.7,0.55,0.57,0.99386,-0.153509,0.3;0.5,0.1–0.3,00:00,09:00
RMR,IWM,0.67,0.42,0.81,1.295556,-0.795062,0.4–0.5,0.2–0.3,,09:00
RNA,IWM,0.3,0.23,5.92,0.249223,-0.203716,0.2,,,09:00
RNAC,IWM,0.79,0.83,2.94,0.166973,-0.02324799999999999,0.5,0.1,,09:00
RNAZ,IWM,0.32,0.19,7.13,0.185386,-0.20906,,,,08:00
RNG,SPY,0.82,1.4,1.16,0.648276,-0.62069,0.8;1.8,0.0–0.2,00:00;03:00,09:00
RNP,SPY,0.51,0.23,0.33,1.652121,-1.231818,,0.0,,09:00
RNR,XLF,0.29,0.21,0.7,0.538143,-0.427,0.5–0.6,0.2,,
ROAD,IWM,0.83,0.84,0.93,0.076989,0.316559,0.9,0.3;0.5,,09:00
ROBN,QQQ,0.96,5.54,4.58,0.368952,-0.957948,2.7,0.0–0.5,00:00;01:00;06:30–09:30,09:00
ROBO,QQQ,0.92,1.04,0.82,0.363902,-0.194634,0.5–0.6,0.0–0.1;0.4,03:30,08:00
ROBT,SPY,0.95,1.9,0.91,1.675824,-1.407692,2.7,0.0,,09:00
ROCK,IWM,0.92,0.95,0.86,1.17907,-0.450581,0.8,0.1,,
ROIV,IWM,0.63,0.5,1.63,0.150307,-0.41411,0.2–0.3,0.4,04:00–09:30,09:00
ROK,IWM,0.92,0.9,0.98,0.086735,-0.307143,0.3,0.0–0.2,01:30;03:30–09:30,09:00
ROKU,SPY,0.93,2.21,1.24,1.253468,-1.663065,0.8,0.0–0.2;0.4,00:00;02:00;03:30;05:00,09:00
ROL,IWM,-0.34,-0.06,0.54,0.933704,-1.168148,0.5,0.2,,09:00
ROM,SPY,0.98,3.19,1.64,4.127683,-2.44122,2.7,0.0;0.4,,09:00
ROOT,SPY,0.78,1.76,1.8,-0.406889,-0.704667,0.8;1.3;2.3,0.0–0.1;0.3–0.4,00:00–01:00;02:00–02:30;03:30,09:00
ROP,IWM,0.17,0.08,1.08,0.505926,-0.961481,0.2,0.3–0.4,02:30–09:30,
ROST,SPY,0.48,0.29,0.59,1.012373,-0.77322,0.4–0.5,0.0,,09:00
RPAR,IWM,0.78,0.41,0.41,0.7062195,-0.38170699999999996,,,,
RPD,IWM,0.87,0.95,1.64,0.08811,-0.46372,0.3;0.6,0.0–0.2;0.4,03:00–09:30,09:00
RPM,IWM,0.51,0.26,0.53,0.952075,-0.678491,0.5–0.6,0.2–0.3,,09:00
RPRX,IWM,-0.04,0.0,0.89,0.561798,-1.044944,0.3,0.2–0.3,,
RQI,SPY,0.76,0.59,0.33,1.781212,-2.157273,0.9,0.0–0.1,,09:00
RRC,XLE,0.82,0.92,1.21,0.230413,-0.397686,0.3;0.5–0.6;0.9,0.0–0.1;0.3–0.4,,09:00
RRR,IWM,0.57,0.48,0.85,0.808941,-0.853647,0.4;1.2,0.2–0.3;0.5,,09:00
RRX,IWM,0.95,1.34,1.14,0.696316,-1.176667,0.8;2.7,0.0;0.2,,09:00
RS,IWM,0.77,0.5,0.66,0.522727,-1.606061,0.5;0.7,0.0,,09:00
RSG,IWM,-0.1,0.0,0.44,0.681818,-0.931818,0.8,0.2,,09:00
RSI,IWM,0.87,0.91,1.07,-0.005047,0.010561,0.5;0.7–0.8,0.0;0.2,,09:00
RSP,IWM,0.94,0.47,0.33,1.238788,-0.277576,0.9–1.0,0.2;0.6,05:30,09:00
RSPA,SPY,0.83,0.7,0.37,0.508108,-1.491892,0.9,0.2,,09:00
RSPT,QQQ,0.98,1.23,0.82,0.35439,-0.502439,0.7,0.2,02:30–09:30,09:00
RSSX,QQQ,0.88,1.5,1.23,1.138211,-1.073171,,,,
RTAC,SPY,0.41,0.28,0.59,0.702373,-0.915254,0.2;0.9,0.0;0.2,04:00–09:30,07:00;09:00
RTO,SPY,0.36,0.39,1.63,0.269509,-0.456503,0.7,0.0–0.1,00:30,09:00
RTX,SPY,0.38,0.18,0.96,0.852083,-0.583125,0.2,0.2,02:30–03:00,09:00
RTXG,SPY,0.52,0.65,2.09,0.488517,-0.0382775,,,,09:00
RUSHA,IWM,0.71,0.53,0.88,0.616477,-0.714545,0.5,0.0,,09:00
RVLV,IWM,0.89,1.37,2.53,0.068419,-0.571739,0.2;0.7–0.8,0.0;0.2;0.4,,09:00
RVMD,QQQ,0.67,0.79,1.28,-0.331953,-0.614609,0.7–0.8,0.1–0.2;0.4–0.5,01:30;03:00–03:30,09:00
RVNL,SPY,0.84,3.57,2.96,1.746791,-1.097568,2.7,0.0–0.2,03:00,09:00
RVTY,IWM,0.76,0.71,0.91,0.562527,-0.363626,0.3–0.4;0.6–0.7,0.1–0.2,02:30–09:30,08:30
RWAY,SPY,0.72,0.31,0.45,1.226667,-1.337778,0.3;0.8,0.0–0.1,,09:00
RWL,SPY,0.93,0.73,0.31,1.179355,-1.701935,,0.0;0.4,,09:00
RWM,QQQ,-0.9,-0.95,0.67,0.657463,-0.976866,0.2–0.5,0.0–0.3,00:00;03:30;06:30–09:30,08:30
RXL,SPY,0.38,0.6,0.71,0.23662,-0.959155,,0.0,,09:00
RXO,IWM,0.85,1.43,1.72,0.046279,-0.362267,1.0,0.0–0.3,,09:00
RY,SPY,0.83,0.46,0.46,1.05913,-0.579565,0.2,0.1–0.2,,
RYAAY,SPY,0.43,0.93,1.35,0.192148,-0.064074,0.4;0.6,0.1,01:00;04:30;05:30;06:30–09:30,09:00
RYAN,XLF,0.58,0.48,0.95,0.141053,-0.481684,0.2–0.3,0.1,,09:00
RYI,NONE,0.9,0.38,0.34,,,,,,
RYLD,IWM,0.9,0.38,0.34,1.603529,-0.621176,0.8–0.9,0.2–0.3,04:30–09:30,09:00
RYM,IWM,0.28,0.34,4.25,0.2927765,-0.316471,,,,
RYN,IWM,0.6,0.36,0.56,0.285,-0.719286,0.7,0.0;0.2,,
RYTM,IWM,0.29,0.19,1.38,0.406087,-0.511014,0.2,0.5,,09:00
S,IWM,0.86,1.01,1.38,0.299493,-0.593116,0.2–0.7;0.9,0.0–0.6;1.0,00:00–01:00;02:00;03:00–04:00;05:00–05:30;06:30–09:30,04:00;07:00–07:30;08:30–09:00
SA,GDX,0.97,1.13,2.21,0.251946,-0.194027,0.2–0.4;0.6;0.8;1.0,0.0;0.2,05:00;06:00–09:30,09:00
SAFE,IWM,0.45,0.38,0.76,0.650263,-0.553947,0.3,0.0;0.2,,09:00
SAFT,XLF,0.73,0.61,0.35,1.518571,-0.908286,2.7,0.1,,
SAIA,SPY,0.77,1.29,1.11,0.952793,-0.759459,0.8,0.0–0.3,02:00,08:30
SAIC,IWM,0.43,0.23,1.22,0.264262,-0.781148,0.2,0.2,,
SAIL,IWM,0.76,1.28,1.89,0.353016,-0.415661,0.6,0.0;0.2–0.3,00:00;04:30;05:30–09:30,09:00
SAM,IWM,0.39,0.58,1.05,0.713333,-0.991048,0.3,0.0,01:00–09:30,
SAMG,XLF,0.76,1.12,0.71,0.9129579999999999,-0.467042,,0.0,,09:00
SANM,IWM,0.86,1.14,5.17,0.307195,-0.2515475,0.4,,03:00–09:30,09:00
SAP,SPY,0.65,0.6,1.12,0.217857,-0.696429,0.2,0.1–0.3;0.7,02:00–03:00;06:00;07:00–09:30,04:00;07:30;09:00
SAR,XLF,0.35,0.04,0.32,0.57625,-1.01375,1.0,0.2;0.4,,
SARK,SPY,-0.91,-3.01,1.39,1.076115,-1.789856,2.1,0.0;0.2,04:00,08:30
SARO,SPY,0.84,0.99,1.28,0.423359,-0.624609,1.0,0.1–0.2,04:00;05:00–09:30,09:00
SATO,QQQ,0.83,2.28,2.35,0.198979,-1.5628085,,,,
SATS,SPY,0.68,1.21,10.39,0.247382,-0.244004,0.2–0.3,0.2,05:30;06:30–09:30,09:00
SBAC,IWM,-0.02,0.13,0.69,0.707246,-0.424783,0.3,0.2,,09:00
SBCF,KRE,0.9,0.79,0.55,0.691091,-0.717455,0.4–0.5;0.7,0.1;0.4,,09:00
SBET,IWM,0.83,3.76,3.13,3.964601,-3.324089,0.2–0.5;0.7;1.0;1.8,0.0–0.5,00:00;02:00;03:30–05:30;07:00–08:30,08:30
SBGI,SPY,0.54,0.47,1.35,0.453926,-0.440667,0.3–0.4,0.0,,09:00
SBH,IWM,0.62,0.64,1.29,0.389457,-0.208682,0.3–0.4;0.6,0.0;0.2–0.3,,09:00
SBIT,SPY,-0.66,-5.26,3.67,5.517275,-5.613787,0.4,0.0–0.2;0.5,00:00–00:30;02:00;03:30;08:30,08:30
SBLK,IWM,0.6,0.48,0.79,0.317468,-0.885063,0.6,0.0;0.2,06:00–09:30,09:00
SBR,XLE,0.54,0.42,0.41,2.349268,-0.682927,0.6,0.3,,09:00
SBRA,IWM,-0.06,0.0,0.59,0.915254,-0.694915,0.5,0.2–0.3,,09:00
SBS,IWM,0.6,0.7,1.13,0.667257,-0.276991,0.2;0.4,0.1;0.3;0.5,,09:00
SBTU,SPY,0.97,12.16,7.09,11.94409,-10.6480395,,,,
SBUX,IWM,0.55,0.29,0.53,0.582642,-0.663208,0.2;0.4–0.5;0.8;1.2,0.0–0.2,01:30;02:30–03:00;04:30;07:00–08:00,05:30;09:00
SCCO,SPY,0.82,2.47,1.71,1.314795,-1.649006,2.7,0.1,00:00–00:30;03:00;06:30,09:00
SCHA,IWM,0.99,0.85,0.6,0.176667,-0.2875,0.2–0.3;0.5–0.7,0.0–0.1;0.3–0.5,,09:00
SCHB,SPY,1.0,1.06,0.46,0.241304,-0.063913,0.2;0.4–0.7;2.7,0.0–0.3;0.7,00:00;05:00–05:30;06:30–09:30,09:00
SCHC,SPY,0.87,0.74,0.52,0.101538,-0.943462,0.5;1.4,0.1,,09:00
SCHD,IWM,0.69,0.25,0.22,1.522727,-1.363636,0.2–0.5;0.7–0.8;1.4,0.0–0.3,00:00–05:00;06:00–06:30;07:30–08:00,03:00;08:00
SCHE,IWM,0.85,0.65,0.69,0.678261,-0.425362,0.3–0.5,0.2,,09:00
SCHF,SPY,0.92,0.89,0.48,-0.109375,-0.486875,0.2;0.6;1.2,0.1–0.4,01:00,09:00
SCHG,SPY,0.99,1.4,0.64,0.875,-0.471875,0.2–0.6,0.0–0.2,00:00–01:00;02:30–03:30;04:30–05:00;08:00,07:00
SCHH,IWM,0.36,0.23,0.37,0.667838,-0.570541,0.8,0.1–0.2,,09:00
SCHI,SPY,0.62,0.2,0.16,2.6375,-1.775,,0.0,,
SCHK,SPY,1.0,1.07,0.47,0.174681,0.018936,2.7,0.0,02:30;03:30,09:00
SCHL,IWM,0.72,0.7,1.98,0.158081,-0.35404,0.4,0.1,,09:00
SCHM,IWM,0.98,0.75,0.5,0.45,-0.46,0.3–0.5,0.2–0.4,04:00–09:30,09:00
SCHO,IWM,0.14,0.0,0.06,5.0,-1.0,2.7,0.3,,08:00
SCHP,SPY,0.34,0.06,0.12,1.436667,-4.74,,0.0,01:30,09:00
SCHQ,SPY,0.24,0.34,0.38,0.55,-0.711579,0.2;0.4,0.0–0.2,,09:00
SCHR,SPY,0.32,0.09,0.14,3.371429,-4.114286,1.4,0.1,,09:00
SCHV,IWM,0.93,0.35,0.28,0.896429,-0.982143,1.0,0.1–0.3,02:00–09:30,09:00
SCHW,XLF,0.86,0.95,0.46,0.130435,-0.173913,0.3–0.4;0.6–0.7;1.1;2.7,0.0–0.4,01:30;04:30,08:30–09:00
SCHX,SPY,1.0,1.05,0.46,0.058696,0.004348,0.2;0.4;0.6;0.8,0.0–0.3,00:00;01:00;03:00–03:30;06:00,09:00
SCHY,SPY,0.56,0.2,0.37,0.983784,-1.572973,0.4,0.0–0.1,,08:00;09:00
SCHZ,IWM,0.36,0.11,0.15,3.185333,-0.341333,1.9,0.2,,
SCI,SPY,0.02,-0.02,0.49,1.206122,-0.944898,0.4,0.1,,09:00
SCLX,IWM,0.54,1.25,2.07,0.423913,-0.155797,1.5,0.0;0.2–0.3,04:30–09:30,09:00
SCM,SPY,0.62,0.24,0.43,0.395349,-1.356279,0.3,0.1,,09:00
SCMB,SPY,0.29,0.17,0.14,3.743571,-4.039286,,0.0–0.1,,09:00
SCO,IWM,-0.23,-0.52,1.9,0.335579,-0.399158,0.2–0.3,0.0–0.2;0.4,03:30–04:00;05:00;06:00,04:30;06:00
SCS,IWM,0.8,0.54,0.48,0.440417,-0.2825,0.8,0.0;0.2,,09:00
SCSC,IWM,0.94,0.8,1.57,0.047134,-0.159236,0.2–0.3,0.3,,09:00
SCUS,SPY,0.03,0.0,0.05,9.8,-10.8,2.7,0.0–0.1,,09:00
SCVL,IWM,0.79,0.72,2.31,0.001732,-0.289524,0.2,0.1,,09:00
SCYB,SPY,0.87,0.21,0.12,2.096667,-4.955,2.7,0.0,,08:30
SCZ,SPY,0.76,0.61,0.48,0.691875,-1.161667,0.3,0.1–0.2,,09:00
SDGR,IWM,0.83,1.16,1.94,0.584948,-0.494227,0.2–0.7,0.0;0.2;0.5–0.6,03:00;04:00–04:30;06:00,08:30
SDIV,SPY,0.84,0.7,0.46,0.452174,-0.669565,0.3–0.4,0.1,06:30–07:00,09:00
SDM,QQQ,-0.02,-0.67,3.27,-0.244801,-0.231162,0.2–0.3,0.1–0.2,03:00,09:00
SDOW,QQQ,-0.85,-1.37,1.0,0.8985,-0.9401,0.2–0.5;0.8–0.9;1.1;1.7,0.0–0.1;0.3–0.6,00:00–00:30;02:00–03:30;04:30–09:30,07:30;09:00
SDRL,XLE,0.9,1.57,1.07,0.717196,-1.488505,1.0;1.9,0.0–0.1;0.3,,
SDS,IWM,-0.94,-1.02,0.87,0.86069,-0.46046,0.2–0.4;0.7,0.0;0.4;0.7,03:00;05:00;06:00;07:30–09:30,07:00;09:00
SDTY,SPY,0.89,0.98,0.46,-0.048043,0.35804349999999996,,,,09:00
SDY,IWM,0.71,0.25,0.21,1.761905,-1.892857,,0.2,,09:00
SE,SPY,0.86,2.13,1.54,0.052403,-1.217403,0.2–0.3;0.5–0.7,0.0–0.2;0.5,00:30–04:00;05:30;07:00;08:00–09:30,09:00
SEA,IWM,0.61,0.45,0.73,-0.343493,-0.8438355,,,,09:00
SEDG,IWM,0.9,2.54,2.17,0.489401,-2.266728,0.2;0.6,0.0–0.1;0.5–0.6,00:00;02:30–04:00;05:00–05:30;06:30–09:30,08:30–09:00
SEE,SPY,0.9,1.24,2.86,0.268671,-0.343357,0.3,0.2,,09:00
SEI,SPY,0.82,3.12,2.53,1.504032,-0.34498,2.7,0.1,03:00;07:00–07:30,09:00
SEIC,XLF,0.83,0.96,0.52,0.215385,-0.203846,0.6–0.7;0.9–1.0,0.1–0.4,,09:00
SEM,SPY,0.62,0.8,1.41,0.058156,-0.560284,0.3,0.1–0.2,,09:00
SEPN,IWM,0.7,0.83,1.13,0.336814,-0.150177,1.0;2.7,0.1–0.2;0.4,03:00–09:30,09:00
SERV,SPY,0.93,4.85,3.27,1.51055,-1.007492,0.2;0.4,0.0–0.4,00:00–01:30;03:00–04:00;05:00;06:00–06:30;08:30–09:30,07:00;09:00
SETH,SPY,-0.73,-4.98,2.64,7.319167,-4.15303,2.7,0.0–0.2,03:00;05:30,08:00
SETM,IWM,0.76,1.4,1.92,-0.248958,-1.509375,2.7,0.2,04:00–09:30,09:00
SEVN,XLF,0.71,0.27,0.58,0.752931,-0.263966,0.4,0.2,,
SEZL,SPY,0.8,3.27,1.83,0.400929,-0.190219,2.7,0.0;0.2,00:00–00:30;03:00;07:00–09:30,09:00
SF,SPY,0.86,1.35,0.7,1.289286,-0.965,1.1,0.0;0.3,,09:00
SFD,IWM,0.22,-0.13,1.06,0.499906,-0.472453,0.2–0.3,0.2,,08:30
SFM,IWM,0.11,-0.02,2.8,0.391786,-0.364357,0.2,,03:00–09:30,
SFNC,KRE,0.81,0.72,0.51,0.882353,-1.112941,0.5–0.6;0.8,0.3;0.5,,09:00
SFST,KRE,0.72,0.93,0.8,2.1475,-0.248,0.3,0.3;0.6,,
SFY,QQQ,0.99,0.92,0.57,0.246316,-0.363509,2.7,0.0,,09:00
SFYX,IWM,0.97,0.82,0.58,,0.553103,,,,09:00
SG,IWM,0.81,0.99,2.62,0.011298,-0.43645,0.2–0.6,0.0;0.2–0.4;0.7,00:00–02:30;03:30–04:00;07:00–09:30,07:00;08:00
SGDJ,QQQ,0.65,1.49,1.83,1.759672,-1.27306,0.7,0.0,,09:00
SGDM,IWM,0.54,1.33,1.74,0.919138,-1.876609,0.5,0.0–0.2,02:00,09:00
SGHC,SPY,0.75,1.21,1.9,0.515421,-0.452053,0.4,0.0–0.1;0.3–0.4,,09:00
SGI,SPY,0.8,1.12,0.98,0.397143,-0.393061,0.4;0.6;0.8,0.0;0.2–0.3,02:30–09:30,09:00
SGOL,QQQ,0.58,0.76,1.0,0.878,-1.272,0.2–0.3;0.5;0.7,0.0;0.2–0.3;0.5,00:30;02:00;04:00–04:30;06:00;07:30,08:00
SGOV,QQQ,0.31,0.02,0.01,10.02,-42.96,0.9–1.0;1.9–2.0,0.0–0.2,00:00–07:30;08:30,02:00
SGRY,SPY,0.63,0.5,2.21,0.165158,-0.346154,,,,09:00
SGVT,QQQ,0.12,0.02,0.01,34.06,-94.54,2.7,0.1,,
SH,IWM,-0.93,-0.5,0.43,0.732558,-0.848837,0.2–0.3;0.6–0.7;1.5,0.0–0.2,01:30;02:30;04:00;06:00;08:00,08:00;09:00
SHAK,IWM,0.82,0.84,0.87,0.509425,-0.711724,0.6;0.8;1.1;1.4,0.1–0.3,,09:00
SHBI,KRE,0.92,0.9,0.54,0.577778,-0.774074,0.4,0.1,,09:00
SHC,IWM,0.59,0.5,1.06,0.283019,-0.65566,0.3,0.3,,09:00
SHEL,XLE,0.81,0.58,0.66,0.532121,-0.526061,0.2–0.6;1.0,0.0;0.2;0.7;0.9,03:00;04:00,09:00
SHEN,IWM,0.72,0.37,0.89,0.809326,-0.304382,0.7;1.1,0.0,,09:00
SHG,SPY,0.52,1.19,1.38,1.29413,-0.888043,0.4;1.1,0.3,,09:00
SHLD,SPY,0.76,1.2,0.84,-0.045238,-1.511905,0.2;0.4–0.5;0.9;2.3,0.4,00:00;02:30;06:30;07:30–09:30,09:00
SHNY,IWM,0.53,2.86,3.0,2.4856,-3.358133,0.6;2.7,0.0;0.5,01:00;02:30,08:30
SHOC,QQQ,0.93,1.87,1.29,-1.961783,,,,,
SHOO,IWM,0.81,0.69,1.47,0.608027,-0.255714,0.2–0.3,0.1,,09:00
SHOP,QQQ,0.93,1.38,1.51,0.34543,-0.70596,0.2–0.7,0.0–0.5;0.7,00:00;01:00;02:00–04:00;05:00;06:00;07:00–09:30,04:00
SHPU,SPY,0.93,4.61,3.33,2.824084,-2.201171,2.7,0.0,,09:00
SHV,IWM,-0.08,0.0,0.01,30.0,-6.0,2.7,0.0;0.2–0.3,05:00,09:00
SHW,IWM,0.53,0.35,0.9,0.893333,-0.402778,0.3,0.2,03:00–09:30,09:00
SHY,SPY,0.42,0.04,0.05,3.384,-14.352,2.7,0.0–0.1,02:30–03:00;06:00,08:30–09:00
SHYG,SPY,0.92,0.21,0.1,5.217,-6.324,2.7,0.0,,09:00
SI,QQQ,0.22,0.16,3.64,0.135824,-0.228462,0.2,,,09:00
SIBN,IWM,0.83,0.51,1.06,0.520472,-0.886887,0.2–0.3,0.2,,09:00
SIG,IWM,0.76,0.73,1.01,0.375545,-0.69802,0.5;0.8;1.1,0.1;0.3,,
SIGI,XLF,0.7,0.97,0.6,0.517167,-1.5175,0.8;1.0,0.1–0.2,,
SII,SPY,0.45,0.55,0.85,0.752353,-0.918824,0.2;0.5,0.0;0.4,,09:00
SIL,IWM,0.59,1.56,2.06,0.651068,-0.69534,0.3–0.4;0.9,0.0–0.1,00:30;01:30;06:30–07:00,08:00
SILA,SPY,0.29,0.18,0.61,0.733115,-0.990164,0.2,0.1;0.4,,09:00
SILJ,QQQ,0.6,1.7,2.26,0.338938,-1.596018,0.2–0.8,0.0–0.3;0.5,00:00;01:00–02:00;03:30–04:00;05:30;06:30;08:00,03:30
SIMO,SOXL,0.87,0.28,1.71,0.856374,-2.180351,2.7,3.0,,09:00
SIRI,IWM,0.82,0.59,1.02,0.731471,-0.541569,0.2–0.5,0.0–0.4,00:00;01:30;03:00;06:30–07:00;08:00–09:30,07:00;09:00
SITC,IWM,0.7,0.23,0.55,0.943273,-1.548727,0.6,0.2,,09:00
SITE,IWM,0.79,0.84,0.92,-0.139565,-0.242609,0.7,0.0–0.2,,09:00
SITM,IWM,0.91,2.39,3.06,0.973758,-1.834477,0.9,0.0–0.2,,09:00
SIVR,IWM,0.54,1.18,1.51,0.464106,0.258278,0.5,0.3–0.4,00:30;03:30;07:00,07:30
SIXG,QQQ,0.95,1.34,0.95,0.820421,-0.499789,0.4,0.1;0.3,,
SJM,IWM,-0.23,-0.07,1.27,0.416378,-0.329764,0.3,0.2,,09:00
SJNK,SPY,0.9,0.24,0.12,0.58,-5.056667,2.7,0.1,,09:00
SKE,GDX,0.95,1.01,2.11,0.360427,0.207441,0.3;0.5–0.6;0.8,0.0;0.5;3.0,03:30–09:30,09:00
SKIL,IWM,0.79,1.17,2.31,0.199221,-0.020606,0.9,0.1–0.2,02:00,09:00
SKM,SPY,0.46,0.19,0.73,0.749863,-0.41863,0.2,0.1,,09:00
SKRE,QQQ,-0.73,-1.31,1.49,1.393221,-1.237584,,0.0;0.2,,09:00
SKT,IWM,0.48,0.26,0.55,0.856,-0.114545,0.4,0.1–0.2,,09:00
SKWD,XLF,0.5,0.57,1.06,0.313491,-0.767358,0.2–0.3,0.3–0.4,,09:00
SKX,NONE,0.56,0.74,1.21,,,,,,
SKY,IWM,0.56,0.74,1.21,0.59124,-0.494215,0.4–0.5,0.5,,
SKYW,IWM,0.79,0.89,0.93,0.642151,-0.402796,0.4;0.7,0.0;0.2,02:00–09:30,09:00
SKYY,QQQ,0.97,1.31,0.93,-0.093763,-0.431828,0.4–0.5,0.4;1.0,03:30–09:30,09:00
SLAB,IWM,0.92,1.31,1.22,-0.191557,-1.543852,0.8;2.7,0.5,,
SLB,XLE,0.92,1.3,0.79,0.268354,0.953165,0.3–0.4;0.6;0.9,0.0–0.2;0.4;0.6,06:30–09:30,09:00
SLDE,XLF,0.51,0.95,1.31,0.562595,-0.339695,,0.2–0.3,,09:00
SLF,SPY,0.8,0.67,0.49,0.473061,-0.975918,0.9,0.0,,09:00
SLG,IWM,0.77,0.55,0.84,0.444643,-1.032738,0.6,0.0;0.3,02:30,09:00
SLGL,QQQ,0.42,0.71,2.92,0.395753,-0.29022250000000005,,,,09:00
SLGN,SPY,0.58,0.51,1.64,0.351402,-0.487195,,0.0,,09:00
SLJY,SPY,0.4,1.04,1.53,0.791634,-0.7453595,,,,
SLM,XLF,0.86,1.52,1.52,0.186579,-0.558684,0.8,0.0;0.2–0.3,,09:00
SLNO,SPY,0.52,1.01,3.89,0.127943,-0.010283,0.7,0.0;0.2–0.3,,09:00
SLON,QQQ,0.74,7.46,6.26,2.766805,-3.088083,2.7,0.0–0.3;0.6,03:30;06:30,08:30
SLP,SPY,0.74,0.72,1.09,0.184954,-0.620917,0.8,0.0;0.2,,09:00
SLRC,SPY,0.64,0.36,0.28,0.877143,-1.152857,0.8,0.0–0.1,,09:00
SLTY,IWM,-0.69,-0.54,0.93,0.206667,-0.060215,0.4;0.6;1.1,0.3–0.4,,09:00
SLV,IWM,0.54,1.24,1.53,1.183268,-1.094902,0.2–0.4;0.6;1.0,0.0–0.1;0.3–0.5;0.7,00:00–03:30;05:00;06:00–06:30,06:00
SLVM,IWM,0.7,0.36,0.93,0.674839,-0.262796,0.3–0.4,0.0,,
SLVO,IWM,0.32,0.41,0.53,1.373962,-0.672075,,0.0,,09:00
SLVP,IWM,0.6,1.79,2.12,0.796321,-2.172642,2.7,0.0;0.2–0.4,02:30,09:00
SLVR,QQQ,0.58,1.65,2.39,0.474686,-1.524477,1.4;2.7,0.0–0.1,00:30–01:00;05:00;06:00–09:30,08:30–09:00
SLX,QQQ,0.84,0.91,0.83,1.04253,-0.303012,0.5,0.2,,09:00
SLYG,IWM,0.99,0.84,0.54,0.431111,-0.936296,0.2,0.1–0.2,,09:00
SLYV,IWM,0.98,0.92,0.59,0.27661,-0.271864,0.3,0.2,,09:00
SM,XLE,0.92,2.09,1.42,1.375634,-2.011901,2.2,0.1;0.3–0.4,,09:00
SMA,IWM,0.35,0.33,0.88,0.859318,-0.551818,0.2,0.0;0.2–0.3,02:30,08:30
SMBS,SPY,0.36,0.2,0.17,2.658824,-3.717647,,0.0,,
SMC,XLE,0.76,0.83,1.47,0.300612,-0.180136,0.4,0.1,,
SMCC,QQQ,0.76,2.74,3.98,10.564121,-1.5783669999999996,,,,
SMCI,SPY,0.94,2.83,2.03,2.362956,-2.013251,0.2–1.1;1.3,0.0–0.3,00:00–04:00;05:00–08:30,03:30;04:30;07:30
SMCL,SPY,0.91,5.44,4.16,4.854327,-4.300673,0.9,0.1;0.3,00:00–01:30;02:30;04:00–04:30;06:00;07:30–08:00,08:30–09:00
SMCX,SPY,0.94,5.71,4.09,3.707213,-3.825599,0.2;0.4–0.5;1.7,0.0–0.3,00:00–00:30;02:00;03:30–04:30;05:30–06:00;08:00–08:30,08:30–09:00
SMCY,SPY,0.91,2.41,1.64,2.378841,-3.786463,0.2;0.6;0.9;1.1;1.3,0.1,01:00;02:30–03:00;04:30;06:00–07:00,08:30–09:00
SMDD,QQQ,-0.85,-2.01,1.75,1.633314,-0.962114,,,,09:00
SMFG,SPY,0.61,0.52,1.25,0.13792,-0.472,0.3,0.1,01:00–01:30;07:00–09:30,07:00;08:30–09:00
SMG,IWM,0.76,0.72,0.84,0.273333,-0.555714,0.3,0.1–0.3,,09:00
SMH,QQQ,0.95,1.74,1.24,1.094194,-0.665161,0.2–0.5;0.7,0.0–0.3,00:00–02:00;03:00–04:30;08:00–08:30,01:00;03:00–03:30;08:00;09:00
SMHX,QQQ,0.96,1.89,1.35,0.49963,-1.386667,2.7,0.0–0.1;0.3,03:00;05:30–06:00,09:00
SMIN,SPY,0.52,0.33,0.65,0.607538,-0.675846,0.4,0.2,,09:00
SMLR,QQQ,0.8,1.69,3.8,0.669263,-0.734211,0.5,0.1–0.2;0.5,00:00;06:00;07:00–09:30,07:00;09:00
SMMT,SPY,0.76,1.6,3.62,0.630939,0.135359,0.3–0.4;0.6;0.8,0.0–0.2,00:00;01:00–01:30;02:30;06:00;08:00–09:30,08:00;09:00
SMP,IWM,0.68,0.45,0.65,0.195385,0.256154,0.3;0.5,0.2,,09:00
SMPL,IWM,-0.01,0.0,2.8,0.278571,-0.453571,0.2,,,
SMR,SPY,0.89,6.26,3.21,5.572399,-5.268785,0.3;0.5,0.0–0.3,00:00;03:00;04:00;05:00;06:00–09:30,07:00;09:00
SMST,SPY,-0.68,-6.33,4.19,6.732243,-6.443771,2.7,0.0,00:00;01:00–01:30;02:30–03:00;04:00–04:30;08:00–09:30,09:00
SMTC,SPY,0.95,3.09,2.23,0.382691,-1.512332,2.7,0.0;0.2,00:00,09:00
SMU,SPY,0.88,11.93,6.57,9.255525,-10.741111,2.7,0.2–0.3,02:30;04:00;06:00,09:00
SMUP,SPY,0.88,11.77,6.61,9.573192,-9.251967,2.7,0.1–0.2,05:00–09:30,09:00
SMYY,QQQ,0.88,1.16,1.07,0.365234,-1.226168,2.7,,01:00,09:00
SN,SPY,0.73,1.09,1.48,-0.129189,-0.120811,0.5;0.7;0.9,0.0–0.3,00:00;02:00;04:00,08:30–09:00
SNA,IWM,0.78,0.51,0.65,0.540615,-1.526,0.5,0.1–0.2,,09:00
SNCY,IWM,0.87,1.31,1.31,0.076489,-0.580382,2.7,0.1–0.3,,09:00
SNDK,SOXL,0.84,1.0,3.89,0.457584,-0.341902,0.2–0.6;0.9,0.2;0.4–0.5;3.0,00:00–05:00;06:30–09:30,02:30;03:30;07:30
SNDR,IWM,0.61,0.44,1.12,0.805,-0.608214,0.3,0.2;0.4,,09:00
SNDX,IWM,0.7,1.01,0.97,0.503711,-0.645979,2.7,0.0–0.5,02:30;04:30;05:30–09:30,08:30–09:00
SNEX,SPY,0.85,1.2,0.65,0.572308,-0.929231,0.5;0.8;2.1;2.7,0.1,01:00,09:00
SNN,SPY,0.4,0.5,1.8,0.252778,-0.383333,0.2,0.1–0.2,04:30,08:30
SNOU,SPY,0.91,3.72,3.85,2.296208,-2.967065,2.7,0.0–0.2,,09:00
SNOW,SPY,0.94,1.86,1.96,0.738776,-0.354082,0.2–0.4;0.7–0.8,0.0–0.2;0.4,00:00–01:30;02:30;03:30;05:30,08:00;09:00
SNOY,QQQ,0.9,1.13,1.42,0.084507,-0.029718,0.3–0.5;0.7;0.9,0.1;0.3–0.4;0.6,00:00;05:00;06:30–09:30,09:00
SNPE,QQQ,0.98,0.71,0.44,0.472273,-0.983409,0.4–0.5,0.0;0.3,00:30,09:00
SNPG,SPY,0.7,0.93,0.87,,,,,,
SNPS,SPY,0.89,1.51,3.97,0.242594,-0.26534,0.2–0.3,0.0;0.2,06:00,09:00
SNRE,NONE,0.14,0.22,1.77,,,,,,
SNREY,IWM,0.14,0.22,1.77,0.73774,-0.272203,,,,
SNSR,IWM,0.9,0.87,0.85,1.6947645000000002,-0.492706,0.5,0.2,,
SNV,KRE,0.93,1.1,0.69,0.510145,-0.123188,0.3;0.5;0.7–0.8,0.1–0.3,,
SNWV,SPY,0.42,0.52,3.47,0.7517005,-0.243689,0.2,0.0,01:00–09:30,09:00
SNX,IWM,0.9,0.88,0.82,0.829756,0.248293,0.2;0.4;0.6;0.8,0.1–0.2;0.4–0.5,,09:00
SNY,QQQ,0.1,0.27,1.46,0.210959,-0.372329,0.2,0.0–0.1,01:30;04:00;05:30,03:00;09:00
SO,XLE,-0.18,-0.12,0.4,0.521,-0.746,,0.3;0.5–0.6,,09:00
SOBO,SPY,0.71,0.51,0.43,0.698837,-1.045581,0.9,0.0–0.1,,09:00
SOC,SPY,0.32,0.81,5.75,0.072261,-1.115878,0.2–0.4,0.1–0.2,01:00–02:00;03:00;06:30–07:00;08:00–09:30,09:00
SOFI,SPY,0.92,3.48,1.74,5.146207,-1.023678,0.2–0.7;0.9–1.0,0.0–0.2,00:00–09:30,03:30;07:00
SOFR,SPY,0.26,0.02,0.05,-0.6,-2.808,,,,
SOFX,QQQ,0.92,4.56,3.54,5.735706,-3.69774,2.7,0.0–0.2;0.4–0.5,00:00–00:30;03:00–03:30;04:30;05:30–06:00,09:00
SOLS,SPY,0.66,2.6,2.36,-0.416949,-1.9194915000000001,2.7,,,09:00
SOLSV,NONE,0.74,7.57,6.23,,,,,,
SOLT,QQQ,0.74,7.57,6.23,7.163981,-6.406019,0.2–0.4;1.1,0.0–0.3;0.6,00:00;02:30;04:30;07:00–07:30,07:00;08:00–08:30
SOLV,IWM,0.53,0.27,0.66,0.811364,-0.74803,0.7,0.2,,09:00
SOLZ,QQQ,0.73,3.84,3.13,3.498019,-2.804984,0.9,0.0–0.1;0.6,00:00–00:30;02:00;03:30;04:30;06:00;07:30,07:00–08:00
SON,IWM,0.7,0.4,0.58,0.489655,-0.703448,0.5,0.0;0.2–0.4,,09:00
SONO,IWM,0.91,1.18,1.11,0.060901,-0.626306,0.4–0.5;1.1,0.0;0.2–0.3;0.6,03:30–04:00,09:00
SONY,IWM,0.59,0.83,1.74,0.453851,-0.550805,0.2–0.3,0.0,01:00–01:30;02:30;08:00–09:30,02:30
SOUN,IWM,0.9,2.99,2.16,0.876759,-3.436574,0.2–0.4;0.6–0.7;1.0;1.2;2.1,0.0–0.4;0.6–0.7,00:00;01:00–01:30;03:00–06:30;07:30–08:00;09:00–09:30,06:00;08:00;09:00
SOUX,IWM,0.91,6.53,4.59,1.089935,-7.84451,2.7,0.0–0.2;0.4;0.6,04:00–04:30,09:00
SOXL,QQQ,0.94,5.63,4.1,4.892659,-2.492585,0.2–0.6;1.1–1.2;1.4,0.0–0.3,00:00–04:00;05:00–06:00;07:00–07:30;08:30,02:30;04:00;05:30;07:00;08:30
SOXQ,QQQ,0.94,1.9,1.42,0.602817,-0.991549,0.5,0.1–0.4,04:00–09:30,08:00;09:00
SOXX,QQQ,0.93,1.87,1.38,1.026232,-0.70087,0.2–0.6;0.9,0.0–0.3,00:00;01:00–01:30;03:00;04:00–05:30,04:00;08:00
SOXY,SPY,0.89,2.11,1.16,,1.5025430000000002,,,,
SOYB,SPY,0.16,0.19,0.48,0.185833,-0.695,0.3,0.0,01:00,09:00
SPAB,SPY,0.38,0.16,0.16,1.0625,-3.875,,0.0,,09:00
SPB,IWM,0.65,0.66,1.49,0.515168,-0.436242,0.3,0.4,,
SPCY,SPY,0.81,4.59,4.06,,-18.548842,,,,
SPDN,IWM,-0.94,-0.55,0.45,0.636667,-0.966667,0.8,0.0;0.2,03:30–09:30,07:00;09:00
SPDV,IWM,0.81,0.35,0.4,-0.06875,-0.60625,,,,09:00
SPDW,SPY,0.92,0.98,0.48,0.322917,-0.553333,0.5;0.8,0.1–0.3,02:00,08:30
SPEM,IWM,0.87,0.73,0.69,0.607536,-0.594783,0.6–0.7,0.2,,09:00
SPEU,QQQ,0.84,0.65,0.49,0.946939,-0.786735,0.3,0.1,,09:00
SPG,IWM,0.42,0.25,0.43,1.5,-0.924419,0.6,0.2,,09:00
SPGI,XLF,0.67,1.1,0.61,1.352459,-0.113115,0.5;0.7;1.1,0.0;0.3,02:30–09:30,09:00
SPGP,IWM,0.95,0.6,0.49,0.35102,-0.706122,0.4,0.2;0.5,00:30–09:30,09:00
SPHB,QQQ,0.96,1.34,0.85,0.358588,-0.437647,0.5,0.1;0.5,,
SPHD,IWM,0.56,0.26,0.24,-0.093333,-3.788333,2.7,0.1;0.3,,09:00
SPHQ,SPY,0.91,0.63,0.32,0.950313,-1.606562,0.7,0.0–0.1;0.3,03:00–09:30,09:00
SPHR,IWM,0.77,0.85,0.97,0.461856,-0.096392,0.4;0.6–0.8,0.1–0.2;0.5;1.1,02:30,09:00
SPHY,SPY,0.87,0.24,0.11,1.545455,-6.109091,2.7,0.0–0.1,03:30,09:00
SPIB,SPY,0.56,0.12,0.12,3.873333,-4.416667,2.7,0.0,,09:00
SPIP,SPY,0.32,0.11,0.14,0.056429,-4.595714,,0.0–0.1,,09:00
SPLB,SPY,0.47,0.52,0.35,1.065143,-1.857143,0.5,0.1;0.4,,
SPLV,IWM,0.0,0.06,0.24,1.1575,-3.845,1.5,0.3,,09:00
SPMD,IWM,0.97,0.71,0.5,0.6806,-0.1984,0.2–0.4,0.1–0.3,,09:00
SPMO,QQQ,0.97,0.93,0.6,0.226333,-0.559167,0.2–0.6;0.8,0.0–0.3;0.5–0.6,00:00–03:30;07:00;08:00–09:30,02:00;07:00;08:00
SPNS,SPY,0.56,0.12,0.11,4.323636,-4.68,,0.1,,06:30;09:00
SPNT,XLF,0.36,0.26,0.77,0.423377,-0.728312,0.5,0.1;0.3;0.5,,09:00
SPOK,KWEB,-0.02,0.0,1.07,0.841121,-0.579439,0.2,0.2;0.5,,
SPOT,SPY,0.76,0.8,0.99,0.121212,-0.450505,0.2–0.4;0.6;0.9,0.2;0.4–0.5;0.8,00:30;01:30–02:00;03:00;07:00;08:00–09:30,03:00;08:00;09:00
SPPP,QQQ,0.3,0.58,1.61,0.246335,-0.996894,0.2–0.4,0.6;0.9,02:00;04:00;05:00–05:30,09:00
SPR,SPY,0.81,0.81,0.72,0.062222,-1.112222,0.3,0.0,,07:30;09:00
SPRB,QQQ,0.13,0.44,37.41,,-0.285496,,,,
SPRE,IWM,0.74,0.36,0.35,1.805714,-1.691429,,0.1,,
SPRX,QQQ,0.95,2.09,1.61,0.896025,-0.325652,2.7,0.0,00:30,09:00
SPRY,IWM,0.59,0.81,1.76,0.028466,-0.271818,0.3;0.5;0.9,0.0–0.4;0.6;1.0,03:30–04:30,09:00
SPSB,SPY,0.66,0.07,0.05,11.288,-11.262,2.7,0.0–0.1,,09:00
SPSC,SPY,0.77,1.47,3.64,0.343132,0.209423,0.2,0.1,,
SPSK,IWM,0.16,0.07,0.21,2.468095,-2.005714,2.7,0.2,,09:00
SPSM,IWM,0.99,0.92,0.56,0.319286,-0.543571,0.2,0.0–0.2;0.5,,09:00
SPT,IWM,0.8,0.9,1.29,-0.10155,0.025581,0.6;0.8;1.2,0.0–0.2;0.4;0.6,03:00;04:00;05:00–09:30,09:00
SPTE,QQQ,0.93,1.2,0.74,0.202703,0.082432,,0.0–0.1,,09:00
SPTI,SPY,0.29,0.05,0.14,1.189286,-5.107143,,0.0–0.1,,09:00
SPTL,SPY,0.23,0.26,0.37,0.41027,-0.774054,0.2;0.5,0.0–0.1,04:00–09:30,07:30
SPTM,SPY,1.0,1.03,0.45,0.041556,-0.066667,0.2,0.2,,09:00
SPTN,NONE,0.09,0.02,0.07,,,,,,
SPTS,SPY,0.09,0.02,0.07,3.705714,-7.802857,2.7,0.0,,09:00
SPUS,SPY,0.98,1.28,0.55,0.588364,-0.060364,2.7,0.0–0.1,00:00–01:30;02:30–03:30;07:30–09:30,08:30–09:00
SPUU,SPY,1.0,1.94,0.87,2.163908,-0.384368,0.7,0.1–0.2,,09:00
SPWO,SPY,0.8,1.21,0.83,0.486988,0.777771,,0.0,,09:00
SPXC,SPY,0.84,1.13,0.84,0.868095,-1.013452,1.0;2.7,0.0–0.1,,09:00
SPXL,SPY,1.0,2.95,1.31,3.078244,-1.266412,0.2–0.3;0.5;0.7–0.8;1.0–1.1;1.3,0.0–0.2,00:00–01:00;02:00–02:30;04:00–04:30;07:00,02:00;06:30
SPXM,NONE,-0.93,-1.59,1.3,,,,,,
SPXU,IWM,-0.93,-1.59,1.3,1.111385,-0.519769,0.2–0.5;0.7,0.0–0.4,01:00;02:30–03:00;04:00–04:30;07:00;08:00,08:30
SPY,QQQ,0.99,0.72,0.44,0.407273,-1.252727,0.2–0.5,0.1–0.3,00:30–01:00;02:00;03:00;04:00–05:00;06:30;07:30,04:00
SPYD,IWM,0.79,0.4,0.29,0.593103,-0.841379,1.1,0.1–0.2,03:00;05:30,09:00
SPYG,SPY,0.99,1.39,0.62,0.717742,-0.545806,0.2–0.5,0.0–0.1,00:00–00:30;03:30;06:00;07:00–09:30,08:00
SPYI,SPY,0.99,0.77,0.35,0.804857,-0.508857,0.2–0.3;0.5,0.0–0.2,00:00;02:00–03:30;07:00–07:30,08:00;09:00
SPYM,SPY,1.0,1.0,0.44,0.613636,-0.659091,0.2–0.3,0.2–0.3;1.0,00:00,08:00–08:30
SPYT,QQQ,0.89,0.61,0.38,0.969474,-2.563158,2.7,0.0–0.2,,08:30–09:00
SPYU,SPY,1.0,3.98,1.74,2.240805,-0.474483,1.5,0.0–0.1,00:00;01:00;04:00,07:00;08:30
SPYV,SPY,0.95,0.61,0.28,1.015714,-1.471071,0.5,0.1,,09:00
SPYX,SPY,1.0,1.02,0.45,-0.130222,0.001778,,0.1,02:30–09:30,09:00
SQM,IWM,0.79,1.74,1.92,0.564583,0.091458,0.5;1.5,0.1;0.3–0.5,02:30;06:00–09:30,09:00
SQQQ,IWM,-0.91,-2.09,1.9,1.385053,-0.930053,0.2–0.8;1.2,0.0–0.5,00:00–07:30,05:00
SR,IWM,0.46,0.29,0.55,0.937273,-0.708,0.7,0.3,,
SRAD,SPY,0.81,1.1,0.99,-0.125253,-0.482828,1.1–1.2;2.7,0.0;0.2–0.3,00:00,09:00
SRCE,NONE,0.46,0.25,0.61,,,,,,
SRE,XLE,0.46,0.25,0.61,0.495902,-0.688525,0.5;0.9,0.3;0.6,,09:00
SRET,IWM,0.39,0.09,0.28,1.79,-1.402143,1.1,0.2,,09:00
SRLN,QQQ,0.85,0.09,0.06,4.303333,-16.461667,2.7,0.1,,08:00
SRPT,QQQ,0.62,0.8,4.93,0.41217,-0.391075,0.2–0.4,0.1–0.5,00:00–01:00;02:00;03:00–04:30;06:00;08:00–09:30,09:00
SRPU,IWM,0.79,4.47,18.91,0.7551955,-0.322163,,,,
SRRK,IWM,0.55,0.79,3.25,0.129723,-0.203323,0.2–0.3;0.5;0.7,0.0–0.2;0.5,06:00,09:00
SRTY,QQQ,-0.9,-2.84,1.99,1.538693,-1.536683,0.3,0.0;0.2–0.3;0.5,00:00;01:00;03:00;04:00–04:30;07:30–08:00,08:00
SRV,QQQ,0.32,0.18,0.51,1.901176,-1.538824,0.3,0.1,,09:00
SRVR,IWM,0.68,0.34,0.43,1.255814,-1.233953,0.8,0.2,,
SSB,KRE,0.94,0.96,0.56,0.586429,-0.34,0.4;0.8,0.2–0.3,,09:00
SSD,IWM,0.66,0.52,0.73,1.021918,-0.787945,0.6,0.3,,09:00
SSG,IWM,-0.82,-2.51,2.63,1.695057,-1.814297,1.2,0.3–0.4,,07:30;09:00
SSK,QQQ,0.74,3.88,3.01,3.890498,-1.911096,2.7,0.0–0.2,05:30;07:00–09:30,08:00
SSM,IWM,0.25,-0.25,5.53,0.335895,-0.15348099999999998,,,,09:00
SSNC,IWM,0.68,0.35,0.78,0.725641,-0.448718,0.3;0.5,0.3,,09:00
SSO,SPY,1.0,1.99,0.88,1.806023,-0.191932,0.2–0.6;0.9,0.0–0.1,00:00;02:00–02:30;04:00–04:30,05:00
SSRM,GDX,0.97,1.02,2.81,0.167544,-0.381566,0.2–0.7,0.0–0.3;0.6–0.8;1.7;2.6;3.0,02:30–03:00;04:00;05:30–09:30,07:30;09:00
SSTI,IWM,0.83,0.83,3.23,0.085077,-0.309257,0.2,0.1,,09:00
SSTK,IWM,0.84,0.9,2.21,0.312217,-0.146606,0.3–0.4,0.2–0.3,,09:00
SSYS,IWM,0.91,1.43,1.6,0.221625,-0.623188,0.5–0.7;1.6,0.0–0.5;0.7,00:30;03:00–03:30;04:30;07:30–09:30,08:30–09:00
ST,IWM,0.94,1.33,1.22,0.188033,-0.34877,0.5–0.7,0.1,,09:00
STAA,IWM,0.41,0.18,0.55,0.825455,-0.977818,0.3,0.2,02:30,08:30
STAG,IWM,0.67,0.34,0.48,-0.3275,-1.31875,0.5,0.0;0.2,01:00;03:30–09:30,09:00
STCE,IWM,0.9,3.47,2.7,3.213815,-3.781889,2.7,0.0;0.4,03:00–09:30,09:00
STE,IWM,0.18,0.13,0.44,1.303636,-0.890455,0.6,0.2,04:30–09:30,09:00
STEM,SPY,0.82,3.42,3.23,2.126254,-3.210526,2.7,0.0;0.2,06:00–09:30,09:00
STEP,SPY,0.76,1.55,1.21,0.553719,-1.374793,0.7,0.0–0.1,,09:00
STIP,SPY,0.53,0.04,0.05,9.76,-11.096,2.7,0.0–0.1,,08:30
STK,QQQ,0.88,0.86,0.67,0.198209,-0.355522,0.4;0.6,0.2–0.4,,09:00
STLD,IWM,0.85,0.55,1.05,-0.004762,-0.243333,0.2;0.4;0.6,0.1–0.2;0.4,,09:00
STM,QQQ,0.79,1.45,2.16,0.305787,-0.082639,0.2–0.6,0.0–0.1;0.4–0.5;0.8,00:00;02:30–04:30;06:00;07:00;08:00,05:30;06:30;08:00
STNE,SPY,0.79,1.79,1.47,-0.233401,-1.200952,1.0;1.3,0.0–0.3,02:30;03:30;07:30–09:30,09:00
STNG,IWM,0.3,0.24,1.11,0.237117,-0.613694,0.2–0.3,0.0;0.2;0.4–0.5,,09:00
STOK,IWM,0.64,0.68,2.27,-0.131454,-0.208811,0.4–0.5;0.9,0.0–0.1;0.3,01:00;05:00–09:30,09:00
STR,NONE,0.28,0.11,0.83,,,,,,
STRA,IWM,0.28,0.11,0.83,0.771687,-0.417108,0.3,0.2,,
STRC,IWM,0.74,0.27,0.32,1.21875,-0.56375,1.1,0.0;0.2,,08:00
STRD,QQQ,0.61,0.59,0.64,0.897344,-0.682656,1.1,0.0–0.1,04:00–09:30,07:00;09:00
STRF,SPY,0.52,0.35,0.49,0.666327,-0.723469,0.5–0.6,0.1–0.2,,09:00
STRK,IWM,0.69,0.71,0.85,0.814,-0.484588,0.4–0.5;0.8,0.0–0.2;0.4,,07:30
STRL,SPY,0.92,2.81,1.73,3.204855,-1.688439,2.7,0.0,00:00;03:00,09:00
STRT,SPY,0.76,0.65,1.39,0.993165,-0.102158,0.2,0.1–0.2,01:00,09:00
STRZ,IWM,0.63,0.72,1.25,0.19904,0.00832,1.1,0.2,,09:00
STT,XLF,0.88,1.2,0.69,0.475362,-0.272464,,0.0–0.3,,09:00
STUB,KWEB,0.61,0.41,4.58,0.351638,-0.253406,0.2,,,09:00
STWD,XLF,0.69,0.34,0.35,0.722857,-0.537714,0.6;1.3,0.0;0.2–0.5,,09:00
STX,QQQ,0.92,2.44,2.01,3.16,-0.810348,0.3–0.6;0.8;1.0;1.2,0.0–0.3;0.5,00:00;01:00;02:30;03:30;04:30;06:00;07:00;08:00–09:30,07:00–07:30;09:00
STZ,IWM,0.23,0.19,1.17,0.29453,-0.310427,0.2;0.4,0.2–0.4,01:30,03:00;08:30–09:00
SU,XLE,0.97,1.1,0.71,0.450704,-0.294366,0.3–0.4;0.6,0.0–0.2;0.4,,09:00
SUB,IWM,-0.06,0.0,0.05,10.0,-13.0,2.7,0.2–0.3,,
SUI,IWM,0.2,0.05,0.47,0.896809,-0.998936,0.5,0.2–0.3,,09:00
SUN,XLE,0.55,0.29,0.77,0.872338,-0.371818,0.3,0.6,,09:00
SUPN,IWM,0.54,0.04,2.86,0.342378,-0.379021,0.2,,,
SUPV,SPY,0.7,1.87,5.76,1.170799,-0.267847,0.2;0.7–0.8;1.1;1.3,0.2–0.3,03:00;04:00;05:00–09:30,09:00
SUPX,SPY,0.65,3.08,3.77,0.944615,-2.035225,1.4,0.0–0.1,00:00,09:00
SVIX,SPY,0.96,3.88,1.82,2.06967,-1.382198,0.3,0.0–0.3,02:30;04:30;05:30;06:30–07:30,08:00–08:30
SVOL,SPY,0.82,0.76,0.81,0.204444,-0.344198,0.3–0.7;0.9;1.1,0.0–0.2,01:30;02:30;06:00–09:30,08:00–08:30
SVV,IWM,0.7,0.73,1.89,0.216667,-0.163175,0.4–0.6,0.1;0.3,,09:00
SVXY,SPY,0.96,1.91,0.92,0.989348,-0.659348,0.2–0.3;0.5,0.1–0.2;0.4,04:30;06:00–09:30,07:00;08:00
SW,SPY,0.69,0.95,1.16,-0.033621,-0.617241,0.2;0.4–0.6;0.8,0.0;0.3–0.4,04:00–09:30,09:00
SWK,IWM,0.88,1.33,0.92,-0.657935,-0.265978,0.7;0.9,0.2,01:00;03:30–09:30,09:00
SWKH,XLF,0.14,0.25,1.89,1.1878305,-0.261905,,,,09:00
SWKS,SPY,0.8,1.94,1.96,2.54949,-0.712653,0.6,0.0;0.2–0.3,05:00–09:30,09:00
SXT,IWM,0.15,0.0,0.57,1.017544,-1.140351,0.5,0.2–0.4,,09:00
SYF,XLF,0.85,1.89,0.7,0.508429,-0.409714,2.7,0.1–0.2;0.4,,09:00
SYK,IWM,0.28,0.13,0.43,1.35186,-0.723953,0.6;1.3,0.2,,09:00
SYM,SPY,0.85,2.98,2.53,1.63581,-0.176759,1.5,0.0–0.3,00:00–00:30;02:00–02:30;04:00;06:30,09:00
SYNA,IWM,0.94,1.67,1.33,0.93015,-1.120752,1.3;2.7,0.0;0.2;0.7,,08:30
SYRE,IWM,0.85,1.22,1.14,0.849649,-1.038246,2.7,0.0–0.2,,09:00
SYY,IWM,-0.03,0.01,0.38,0.755,-0.175263,1.0,0.2–0.3,,09:00
T,KWEB,-0.2,0.0,0.85,1.023529,-0.576471,0.4;0.6,0.2;0.5,00:30;05:00,07:00
TAC,IWM,0.82,1.05,2.48,0.119758,0.150806,0.3–0.4;0.7,0.0;0.2–0.4,03:30–04:00,08:30–09:00
TAIL,IWM,-0.66,-0.25,0.33,1.575758,-1.590909,0.8,0.2;0.5,,
TAK,IWM,0.0,0.13,0.82,0.442317,-0.460488,0.2;0.5,0.2–0.4,04:30–09:30,09:00
TAL,IWM,0.63,0.78,1.79,0.117654,-0.321341,0.2–0.3,0.0–0.1;0.3;0.6,03:00–03:30;07:00–09:30,09:00
TAN,SPY,0.88,2.46,1.41,1.511206,-1.521135,2.7,0.0–0.2,02:30;03:30–09:30,09:00
TAP,IWM,0.16,0.13,0.56,0.571071,-0.718036,0.7–0.8,0.2–0.4,,08:00
TARK,QQQ,0.93,4.46,2.72,2.375441,-3.507794,2.7,0.3,04:00–09:30,09:00
TARS,IWM,0.54,0.31,0.91,0.773187,-0.438352,0.5,0.2–0.3,,09:00
TASK,QQQ,0.2,0.07,1.9,0.387158,-0.565263,0.2;0.5,,,
TATT,SPY,0.61,1.58,1.85,1.325189,0.074811,2.7,0.0;0.2–0.3,,09:00
TBBB,IWM,0.45,0.2,0.58,0.731034,-1.913793,0.2,0.2,,09:00
TBBK,KRE,0.88,0.89,1.48,0.121757,-0.02973,0.2;0.4,0.7,,09:00
TBCH,IWM,0.9,1.25,1.07,0.42757,-0.443925,0.9,0.1;0.5,,09:00
TBF,IWM,-0.17,-0.06,0.41,1.385854,-1.25122,0.7;0.9,0.2,,08:30
TBIL,SPY,0.01,0.0,0.02,8.5,-27.0,2.7,0.0–0.1,00:30;04:00–09:30,09:00
TBLL,SPY,0.18,0.02,0.01,57.02,-53.98,2.7,0.0–0.1,,09:00
TBPH,IWM,0.44,0.23,0.93,0.538495,-0.818495,0.2–0.4,0.1;0.3,,09:00
TBT,QQQ,-0.17,-0.38,0.82,0.649024,-0.626341,0.2;0.4,0.0;0.2,02:30,08:30–09:00
TBUX,IWM,0.29,0.03,0.04,7.245,-9.47,2.7,0.2–0.4,,09:00
TCAI,QQQ,0.87,1.6,1.13,0.815929,0.352212,2.7,,,
TCBI,KRE,0.97,0.96,0.65,-0.362462,-0.064615,0.9,0.0;0.2,,09:00
TCBK,KRE,0.95,0.91,0.59,0.873898,0.073559,0.8,0.3,,09:00
TCHI,SPY,0.74,2.48,1.66,2.372048,-2.913494,,0.1,,
TCMD,IWM,0.86,0.66,4.44,0.461802,-0.125856,,,,
TCOM,KWEB,0.77,0.56,1.62,0.353827,-0.599753,0.4,0.2;1.1,06:30–09:30,09:00
TD,SPY,0.75,0.33,0.51,0.942941,-1.265882,0.3,0.0–0.1,,08:00
TDAQ,QQQ,0.92,1.17,0.75,0.616667,0.12266650000000001,0.6,0.0,,08:30–09:00
TDC,IWM,0.95,1.03,2.64,0.104205,-0.094697,0.2–0.3,0.1,,09:00
TDG,SPY,0.55,0.48,0.53,0.89434,-1.116226,0.6,0.0–0.1,02:00–09:30,09:00
TDIV,IWM,0.95,0.97,0.9,0.626222,-0.091111,0.2,0.2,,09:00
TDS,IWM,0.78,0.86,0.66,0.517273,-0.174848,1.2;2.7,0.0;0.2,,09:00
TDUP,IWM,0.84,1.25,1.51,0.02649,-0.983444,1.1;1.4,0.0;0.2–0.3;0.5;0.7,04:00–04:30,09:00
TDVI,QQQ,0.85,0.81,0.83,0.534578,-0.872771,0.3,0.1,,09:00
TDW,XLE,0.88,1.65,1.21,1.065702,-1.781405,0.5;1.5–1.6,0.2;0.4;0.6,,09:00
TDY,IWM,0.81,0.5,0.52,0.740385,-0.807692,0.7,0.1–0.3,,09:00
TEAM,SPY,0.77,1.65,1.16,1.119397,-0.468966,1.4;1.9;2.3,0.0–0.1;0.4,00:30;06:00–09:30,09:00
TECB,QQQ,0.97,1.04,0.71,0.177465,-0.9715495000000001,,,,
TECH,IWM,0.67,0.43,1.52,0.293158,-0.662763,0.2,0.2,02:00–09:30,09:00
TECK,SPY,0.75,2.44,2.5,1.11616,-1.38512,1.0,0.3,06:30–09:30,08:00
TECL,SPY,0.98,4.9,2.47,4.937652,-3.997976,2.7,0.0–0.1,01:30;03:30;06:30–07:30,08:00;09:00
TECS,IWM,-0.88,-2.42,2.49,2.601285,-0.998153,0.2;0.9–1.0;1.2,0.2–0.4,03:30;04:30;05:30;06:30–09:30,09:00
TECX,SPY,0.59,1.74,4.51,0.747539,-0.416807,0.4;0.6;1.3,0.0–0.1,,09:00
TEL,SPY,0.92,1.55,0.95,0.406842,-0.555263,0.6;0.9,0.1;0.3,03:00–09:30,09:00
TEM,IWM,0.86,2.54,2.11,0.620853,-3.445308,0.2–0.7;1.4;1.7;2.1,0.0–0.4,00:00;01:00–01:30;02:30;04:00–06:30;08:00–08:30,08:30
TEMT,SPY,0.87,7.76,4.28,3.645047,-9.220093,2.7,0.1–0.3,00:00;02:00;03:00;06:00–09:30,09:00
TEN,SPY,0.32,-0.3,1.1,0.280909,-0.454545,0.2;0.5,0.2,,09:00
TENB,IWM,0.84,0.63,0.66,0.616818,-1.409242,0.8,0.1–0.2;0.4,02:30,09:00
TER,IWM,0.92,1.71,2.71,1.107343,-0.272731,0.2–0.4;0.6,0.2–0.4,00:30;04:00;06:30–07:00,09:00
TESL,QQQ,0.59,2.05,2.17,2.195161,-0.420968,2.7,0.0–0.1,,09:00
TETH,IWM,0.76,3.17,2.61,4.885211,-2.435134,1.1,0.0;0.3,01:00;02:00,09:00
TEVA,SPY,0.77,0.79,1.79,0.255698,-0.044413,0.2–0.4;0.6,0.0–0.2;0.4,01:30;03:30–04:30;05:30;06:30–07:00,09:00
TEX,IWM,0.9,1.26,1.22,0.209016,0.107049,0.4,0.0,,09:00
TFC,KRE,0.92,0.95,0.62,0.276613,0.285484,0.4–0.5,0.0;0.3;0.5,01:30,08:30–09:00
TFII,IWM,0.87,0.77,0.74,0.051351,-0.464324,0.2–0.3,0.6,,09:00
TFIN,KRE,0.87,1.35,1.07,-0.124299,-0.164953,0.8,0.1,,
TFLO,IWM,-0.02,0.0,0.02,15.0,2.0,2.7,0.2,03:00;04:00–09:30,09:00
TFPM,GDX,0.94,0.78,1.75,0.629029,-0.503771,0.2–0.3;0.5–0.6;0.9;1.2,0.2;1.0;1.2,03:00;04:00,09:00
TFSL,KRE,0.89,0.52,0.44,1.702727,-1.426364,0.9,0.3–0.4,,09:00
TFX,IWM,0.78,0.6,0.7,0.894286,-0.94,0.8,0.1,,09:00
TGLS,IWM,0.91,0.88,0.86,-0.268837,-0.569767,0.5;1.0,0.0;0.3,,08:30
TGNA,IWM,0.76,0.14,0.6,0.860333,-1.433333,0.7,0.2,,
TGS,SPY,0.71,1.43,4.53,0.599603,-0.006203,0.5,0.0–0.2,,08:30
TGT,IWM,0.8,0.45,1.41,0.238298,-0.324468,0.2;0.4,0.0;0.3–0.4;0.6,00:30;01:30;03:30–04:00;07:30,08:00
TGTX,IWM,0.51,0.11,0.9,0.574889,-0.974667,0.4,0.3,,08:00
THC,IWM,0.54,0.13,0.98,0.36398,-0.94898,0.2–0.3,0.2–0.3,03:30–09:30,
THD,IWM,0.71,0.9,0.93,0.234409,-0.637634,0.2,0.0,,09:00
THFF,KRE,0.93,0.75,0.49,2.178571,-0.739796,0.6,0.3,,09:00
THNQ,QQQ,0.96,1.33,1.04,0.220577,0.49625,0.8,0.0,,09:00
THO,IWM,0.78,0.59,1.09,0.194771,-0.48844,0.2,0.0;0.2,,09:00
THQ,SPY,0.31,0.31,0.42,1.292381,-1.673095,0.6,0.0–0.1,,09:00
THRM,IWM,0.82,0.7,0.81,0.62716,-0.348148,0.3;0.6,0.0;0.2;0.4,,09:00
THRY,IWM,0.87,1.26,1.6,0.162875,-1.39425,0.5,0.1;0.3,,09:00
THS,IWM,0.26,0.33,2.69,0.305688,-0.400409,0.5,,,09:00
THTA,SPY,0.01,-0.02,0.31,0.868387,-2.02129,,0.2,,
THW,QQQ,0.38,0.0,0.39,2.051282,-2.410256,0.6,0.1–0.2,,09:00
TIC,IWM,0.7,1.35,2.21,0.043665,0.119005,0.4;1.0;1.2;1.5,0.0–0.2;0.4,02:30;04:00,09:00
TIGO,IWM,0.43,0.13,0.69,0.684638,-1.312029,0.4,0.2,,09:00
TIL,IWM,0.82,1.65,2.11,-0.140995,0.882701,2.7,0.2;0.4,,09:00
TILE,IWM,0.85,0.72,1.02,0.472157,-0.342745,0.5;0.8,0.0,,09:00
TIMB,SPY,0.64,1.06,1.04,1.243462,-0.906923,0.4,0.2;0.4,,09:00
TIP,SPY,0.53,0.17,0.13,3.442308,-4.69,1.5,0.1,,
TIPT,XLF,0.73,1.25,0.6,1.029167,-0.2875,2.7,0.0;0.5,,09:00
TITN,IWM,0.9,0.83,0.67,0.18791,-0.024925,0.6,0.1,,09:00
TJX,IWM,0.26,0.09,0.87,0.486552,-1.020345,0.3,0.3,02:30;03:30–09:30,09:00
TKO,SPY,0.81,1.03,0.61,0.394098,-0.638525,1.0;2.7,0.0–0.2;0.7,00:00;01:30;03:00,09:00
TKR,IWM,0.93,1.01,1.18,0.029915,-0.330085,0.4;0.7,0.3,,09:00
TLH,SPY,0.24,0.26,0.34,0.423529,-2.092941,0.4,0.0–0.1,03:30–09:30,09:00
TLK,SPY,0.15,0.56,1.76,0.666818,-0.712045,0.2,0.2,,09:00
TLN,SPY,0.89,2.28,1.74,0.148276,-2.685747,1.2,0.0–0.4,00:00;04:00,09:00
TLNC,BITO,0.29,0.0,0.35,3.257143,-2.428571,,,,
TLT,SPY,0.22,0.29,0.42,0.655714,-0.691905,0.2–0.5,0.0–0.2,00:00–00:30;01:30–03:00;04:00–04:30;08:30,07:00
TLTP,IWM,0.2,0.08,0.39,2.088205,,,,,
TLTW,SPY,0.15,0.03,0.31,1.532258,-1.77,0.2–0.3;0.5;0.7–0.8,0.0–0.1,00:30;02:30;04:00,07:00;09:00
TLX,IWM,0.1,1.04,3.34,1.406826,-0.417006,0.3;0.6,0.0,05:00;06:00–09:30,07:00;09:00
TM,IWM,0.51,0.71,1.09,0.540734,-0.890917,0.3,0.1–0.2,02:30,09:00
TMDX,SPY,0.9,2.12,1.75,2.081829,-3.022171,0.7–0.8;1.3–1.4,0.0;0.2;0.5,00:00–01:00;03:30;07:30–09:30,09:00
TME,KWEB,0.87,0.78,1.48,0.495,-0.331081,0.2;0.4–0.6,0.5;0.9;1.3;2.4,00:30–01:30;02:30;03:30–04:00;05:00;06:30–09:30,08:30
TMF,SPY,0.21,0.79,1.25,0.92056,-0.92064,0.2–0.6,0.1–0.2,00:00;01:30–02:00;03:00–04:00;07:00–07:30,02:30
TMFC,SPY,0.98,1.32,0.55,0.625455,-0.563636,0.3,0.0,,09:00
TMHC,IWM,0.62,0.54,0.84,0.052857,-0.174286,0.4;0.6,0.1,,09:00
TMO,IWM,0.54,0.27,0.74,0.655811,-0.74,0.4–0.5,0.2–0.4,03:00–09:30,09:00
TMUS,KWEB,0.04,-0.01,0.83,1.056506,-0.586024,2.7,,01:00,09:00
TMV,QQQ,-0.15,-0.51,1.23,0.91813,-0.544472,0.2–0.5,0.1–0.3;0.5,01:00;02:00–02:30;04:00;05:30–06:00;08:30–09:30,08:00
TNA,IWM,1.0,2.97,1.98,1.283434,-1.54303,0.2–0.5;0.7;0.9–1.3,0.0–0.3;0.7,00:00;01:00–04:30;05:30–08:00,07:30–08:00
TNDM,IWM,0.68,1.01,2.65,0.139887,-0.580377,0.2;0.5;1.0,0.0;0.2–0.3,,09:00
TNK,IWM,0.44,0.36,1.12,0.405,-0.576071,0.4,0.5,,09:00
TNL,IWM,0.91,0.66,0.75,0.695733,-0.5872,0.7,0.0;0.2,,
TNXP,SPY,0.81,1.91,2.42,0.042149,-1.383802,0.6;0.9–1.0;2.1;2.3,0.0–0.4,00:00;02:30;03:30–04:00;06:30–09:30,09:00
TOL,IWM,0.66,0.8,0.97,-0.150515,-0.301031,0.2;0.4–0.8,0.4;0.6,00:00;03:30;04:30–09:30,08:30
TONX,SPY,0.53,3.48,3.44,1.481395,-2.708256,2.7,0.0–0.3,04:00;05:00–09:30,09:00
TOPT,SPY,0.98,1.18,0.53,0.227925,-0.197358,1.0;1.5;2.7,0.0–0.3,04:00;06:30–09:30,09:00
TOST,SPY,0.9,1.54,1.32,1.622879,-0.932879,0.3–0.5;0.7–0.9;1.1,0.1–0.3;0.5,00:00–01:00;02:30;05:30–07:00,08:00;09:00
TOWN,XLF,0.87,1.09,0.5,-0.2684,-0.772,0.4;1.0,0.3,,
TPB,IWM,0.5,0.41,2.03,0.541872,-0.449803,0.3,,,09:00
TPC,SPY,0.92,2.36,1.83,0.593661,-0.73224,2.1,0.0;0.2;0.4,03:30,09:00
TPG,SPY,0.88,1.91,1.24,-0.239839,-1.939274,1.5;2.7,0.0–0.2,,09:00
TPH,IWM,0.6,0.87,0.96,1.100938,-0.460521,1.4,0.1–0.3,,09:00
TPL,XLE,0.9,1.23,0.83,1.038795,-1.017229,0.6;1.2,0.0,,09:00
TPOR,SPY,0.83,3.11,1.75,2.724571,-0.621314,2.7,0.0,,09:00
TPR,IWM,0.79,0.87,2.67,0.283708,-0.273633,0.2–0.3,0.1–0.2,,09:00
TQQQ,QQQ,1.0,2.97,1.91,3.815131,-0.450314,0.2–0.9;1.2,0.0–0.3,00:00–07:30,02:00;04:30;05:30;07:00
TQQY,SPY,0.83,1.25,0.92,0.453804,-0.307065,,0.0,,09:00
TR,IWM,0.34,0.2,0.47,0.948936,-1.123404,0.4,0.3,,09:00
TRAK,SPY,0.69,1.0,0.98,-0.102041,-0.72449,0.6,0.0–0.1,,09:00
TREE,SPY,0.81,1.81,1.7,1.376647,-0.845,1.3;2.7,0.3,,09:00
TREX,IWM,0.82,1.24,3.57,0.041345,-0.372437,0.2–0.3,0.0;0.2,,09:00
TRFK,QQQ,0.94,1.54,1.21,0.711901,-0.028099,0.3,0.0–0.1,,09:00
TRGP,XLE,0.93,1.3,0.71,1.191549,-0.230986,,0.3;0.6,,09:00
TRI,IWM,0.19,0.17,0.55,1.361636,-0.112182,0.5–0.6,0.2–0.3,03:30–09:30,09:00
TRIL,SPY,0.88,1.89,1.03,0.774078,,,,,
TRIN,SPY,0.67,0.57,0.47,0.348298,-1.280851,0.6–0.8,0.0–0.3,,09:00
TRIP,SPY,0.88,1.91,1.38,0.81029,-0.347246,2.7,0.1–0.2,04:30–09:30,08:30–09:00
TRMB,IWM,0.92,0.72,0.72,0.792778,-0.301667,0.3;0.5;0.8,0.1,03:00–09:30,09:00
TRMD,IWM,0.3,0.41,1.41,0.385177,-0.260567,0.2;0.4,0.0;0.3,01:30;03:00;05:00;06:00–09:30,09:00
TRMK,KRE,0.92,0.68,0.51,1.041569,-0.284706,0.4;0.6;0.9,0.3,,09:00
TRML,NONE,0.85,0.69,0.68,,,,,,
TRN,IWM,0.85,0.69,0.68,0.35,-0.421765,0.6,0.2,,
TRNO,IWM,0.58,0.41,0.58,0.800862,-0.489483,0.4,0.0–0.2,,
TRNS,IWM,0.76,0.56,0.76,1.404211,-0.755263,2.7,0.2,,
TROW,SPY,0.8,0.79,1.31,0.339389,-0.182137,0.2,0.1,,09:00
TRP,SPY,0.51,0.16,0.46,1.301739,-1.187826,0.7;0.9,0.2,,09:00
TRS,IWM,0.71,0.34,1.24,0.553548,-0.374516,0.2,0.2,,
TRU,SPY,0.75,1.51,1.61,0.405155,-0.968199,0.5,0.0–0.1,,09:00
TRUP,XLF,0.76,0.89,0.98,0.716735,-0.222143,0.5,0.1–0.2,,09:00
TRV,XLF,0.52,1.04,0.91,0.276484,-0.590769,0.3;0.6,0.0,,09:00
TS,SPY,0.65,0.63,0.98,0.794184,-0.287755,0.2–0.3,0.1–0.2,03:00;04:00–04:30;05:30–09:30,09:00
TSAT,IWM,0.84,1.06,1.35,-0.391407,-0.537333,1.6,0.1,,09:00
TSCO,IWM,0.4,0.15,0.67,0.664925,-1.383582,0.2,0.2,03:00,09:00
TSDD,IWM,-0.78,-2.5,3.34,1.80988,-3.293413,0.2–0.5;0.8,0.0–0.4,00:00;01:00;03:00–04:30;06:30–07:00;08:00,05:00;08:30
TSEM,QQQ,0.87,2.15,1.76,2.284375,-1.263352,0.7,0.0–0.1,04:30;06:00–09:30,09:00
TSII,QQQ,0.86,1.76,1.61,0.680497,-3.523975,0.8,0.4,03:30;05:00–05:30,09:00
TSL,QQQ,0.85,1.9,2.09,0.357895,-2.326794,0.4;0.6;1.0,0.2–0.4;0.7,02:30;04:00;06:00,08:30
TSLA,QQQ,0.85,1.78,1.67,0.820958,-2.066228,0.2–0.7;0.9–1.1;1.7,0.0–0.1;0.3–0.4;0.7,00:00;01:00;02:30–05:00;06:30–07:30;08:30,03:00;07:00;09:00
TSLI,QQQ,0.84,3.39,5.65,1.646142,-2.816796,,,,
TSLL,QQQ,0.85,3.59,3.35,2.703701,-4.742716,0.2–0.6;0.8–0.9;1.2;1.7,0.0–0.4;0.7,00:00–05:00;06:00–09:30,03:00;07:00
TSLO,SPY,0.69,2.65,2.18,,,,,,
TSLP,QQQ,0.73,1.06,1.43,0.153147,-0.262378,,0.0–0.1;0.4,,09:00
TSLQ,IWM,-0.78,-2.63,3.34,1.902725,-3.403922,0.2–0.4;0.7;1.0,0.0–0.5,00:00;01:00–01:30;03:00–05:00;06:30–07:00;08:00–09:30,03:30;04:30;07:00;09:00
TSLR,QQQ,0.85,3.33,3.36,2.414881,-4.442798,0.4;0.6;0.9;2.0,0.1–0.4,00:00;01:00;02:00;03:00–05:00;07:00–09:30,08:30–09:00
TSLT,QQQ,0.85,3.73,3.35,2.734149,-4.834328,0.2;0.5–0.6;1.1,0.0–0.5,00:00;01:00–01:30;02:30–05:00;06:00–07:30;08:30–09:30,05:30;07:00;09:00
TSLV,QQQ,0.82,2.81,2.69,1.988662,-1.190632,2.7,,,09:00
TSLW,QQQ,0.84,2.07,1.98,0.566919,-1.645657,0.5;0.7,0.0;0.2–0.6,01:30;04:00;05:30;07:30,09:00
TSLX,XLF,0.77,0.65,0.43,0.268605,-0.17907,0.9,0.0;0.3,,09:00
TSM,SOXL,0.86,0.3,1.65,1.149091,-2.129697,0.2–0.7;0.9–1.0,0.1–0.7;1.0–1.2,00:00–06:00;07:00–07:30;08:30,07:00;08:00
TSMG,IWM,0.81,2.49,3.29,1.836474,-0.389392,2.7,0.2,05:00,09:00
TSMU,QQQ,0.8,3.55,3.29,1.511702,-0.822036,2.7,0.0–0.1;0.3–0.4,00:00;03:30,09:00
TSMX,QQQ,0.83,3.84,3.29,1.901155,-0.815562,2.1,0.0–0.2,00:00–01:00;03:00–03:30;08:00–09:30,06:30;09:00
TSMY,SPY,0.72,1.44,1.21,0.124959,-1.284959,0.8–0.9;2.7,0.3,06:30–09:30,08:00;09:00
TSMZ,IWM,-0.84,-1.13,1.59,0.87478,-0.463019,1.1,0.2,,09:00
TSN,IWM,-0.17,0.0,0.76,0.513158,-0.5,0.4;0.6,0.2–0.3,03:00,08:30–09:00
TSPY,SPY,0.8,0.9,0.55,0.66,-0.152727,0.5;2.7,0.0;0.2;0.4,05:00,09:00
TSSI,SPY,0.9,3.93,5.04,0.93506,0.15498,0.7;1.1;1.6,0.0–0.2,00:30–01:00;03:00–04:00;06:30;07:30;08:30–09:30,07:00;08:30–09:00
TSXU,SPY,0.87,5.83,3.74,-2.9011229999999997,,,,,
TT,IWM,0.89,0.68,0.66,0.692121,-0.615758,0.5,0.2–0.3,,09:00
TTAN,SPY,0.75,1.1,1.67,0.022156,0.088024,0.4;0.6;0.9,0.1–0.2,,09:00
TTC,IWM,0.84,0.52,0.82,0.652195,0.02439,0.4–0.5,0.1,,
TTD,IWM,0.85,0.75,1.05,0.171429,-0.438095,0.2–0.8;1.0;1.2,0.0–0.9;1.3,00:00–04:00;05:30–09:30,07:30–08:00;09:00
TTDU,IWM,0.84,1.34,2.28,-0.026316,-0.036842,2.7,0.1,,09:00
TTE,XLE,0.59,0.64,0.99,0.433535,-0.631919,0.3–0.4,0.0,,09:00
TTEK,IWM,0.61,0.39,1.45,0.309862,-0.600897,0.4,0.2–0.3,,09:00
TTMI,SOXL,0.92,0.35,2.17,0.350461,-2.076728,0.2;0.5;0.7,3.0,03:30;05:00,09:00
TTRX,IWM,0.3,0.72,48.98,3.931458,,,,,
TTT,QQQ,-0.13,-0.79,1.25,1.03712,-0.20072,,,,09:00
TTWO,SPY,0.72,0.79,1.08,0.382778,-0.446667,0.2–0.4;0.6,0.0–0.3,00:00–01:00;03:00–03:30,09:00
TTXU,SPY,0.87,4.21,3.2,2.262375,-1.097937,,,,
TU,KWEB,0.28,0.07,0.29,3.470345,-2.121034,2.7,0.5,,09:00
TUA,SPY,0.3,0.12,0.25,2.1104,-2.2032,0.8,0.1,,
TUR,SPY,0.34,0.16,1.42,0.42507,-0.374648,0.2,0.2–0.3,,08:30
TVRD,IWM,0.18,0.47,10.62,0.17452,-0.247439,0.2,,,
TVTX,IWM,0.59,0.39,3.29,0.270851,-0.190547,0.2–0.3,,04:00–09:30,09:00
TW,XLF,0.52,0.35,0.46,1.46413,-0.383696,0.4,0.0;0.2,,09:00
TWLO,SPY,0.92,1.69,1.9,0.835105,-0.818842,0.2–0.3;0.6–1.0,0.0–0.3,00:00–01:00,09:00
TWM,QQQ,-0.9,-1.82,1.32,1.094697,-1.033788,1.5,0.1–0.2;0.5,04:30–09:30,09:00
TWST,IWM,0.88,1.55,1.97,0.095431,-0.30736,1.0;1.4;2.0;2.7,0.0;0.2;0.4,03:30–04:30;06:30–09:30,09:00
TX,SPY,0.73,0.9,1.0,0.4,-1.241,0.5;0.8,0.0–0.2,,09:00
TXG,IWM,0.85,1.23,1.87,-0.369358,-0.273529,0.2–0.3;0.7;1.2–1.3,0.0–0.5,01:00;03:00;06:30–09:30,09:00
TXN,IWM,0.8,0.48,1.57,0.351592,-0.463949,0.2–0.3,0.0;0.3–0.5,05:00,09:00
TXNM,SPY,0.32,0.1,0.15,1.16,-3.1,1.2,0.1,,09:00
TXO,XLE,0.73,0.48,0.52,0.288462,-0.766154,1.0,0.3,,
TXRH,SPY,0.68,0.41,0.64,1.121562,-0.971875,0.4,0.0,,09:00
TXT,IWM,0.88,0.56,0.43,0.316279,-0.651163,0.5,0.2;0.6,,09:00
TYD,SPY,0.33,0.05,0.56,0.89375,-1.265179,0.3,0.1,03:30–09:30,09:00
TYL,IWM,0.11,0.09,0.6,0.758,-0.914167,0.4–0.5,0.2;0.6,,
TYO,IWM,-0.06,0.07,0.6,0.857333,-0.334167,,,,09:00
TYRA,IWM,0.81,0.79,1.29,0.006279,-0.542868,,0.0,,09:00
TZA,QQQ,-0.92,-2.81,1.99,1.452261,-1.023065,0.2–0.9;1.2;1.5,0.0–0.4;0.6,00:00–01:30;02:30–08:00;09:00–09:30,03:30;08:00;09:00
TZUP,IWM,0.65,1.06,1.53,-0.195425,-0.162222,1.5;2.7,0.0–0.2;0.6,03:30–09:30,09:00
U,SPY,0.92,2.92,2.81,0.02605,0.228327,0.2–0.7;0.9–1.0,0.0–0.3,00:00–01:00;02:30–05:00;06:00–09:30,04:00;08:30
UAE,QQQ,0.17,0.12,0.62,0.739355,-1.341935,0.2,0.1,,
UAL,IWM,0.92,1.13,1.21,0.314711,-0.585785,0.2–0.9;1.1,0.0–0.6,00:00–01:30;03:00–03:30;05:30;07:30–09:30,07:00;08:30–09:00
UBER,SPY,0.9,1.16,1.2,0.351,-0.362333,0.2–0.8,0.0–0.6,00:00–00:30;01:30–04:00;05:00–09:30,03:30;07:30
UBEW,SPY,0.84,2.31,2.31,,,,,,
UBOT,QQQ,0.93,2.48,1.85,2.21427,-3.206054,2.7,0.0–0.2;0.4,,08:00
UBRL,IWM,0.82,1.62,2.31,1.055238,-0.476017,0.2;0.4;1.7,0.0–0.4,04:30;06:00–09:30,08:30
UBS,SPY,0.7,1.28,1.09,-0.312294,0.015046,0.3,0.0;0.2–0.3,01:00–01:30;07:00–09:30,09:00
UBSI,KRE,0.9,0.81,0.6,0.716,-0.2395,0.2;0.6,0.4,,
UBT,SPY,0.17,0.61,0.86,0.702791,-1.02814,0.3,0.2,,08:30–09:00
UCO,SPY,0.4,0.66,1.89,0.28328,-0.341376,0.2–0.4,0.0–0.3;0.5,01:30;02:30;03:30–04:00;05:00–06:00;07:00,04:30
UCTT,SOXL,0.93,0.54,2.02,0.881386,-2.217921,0.4,3.0,,09:00
UDN,IWM,0.49,0.2,0.25,1.52,-3.592,1.5,0.2;0.4,,09:00
UDOW,SPY,0.91,1.91,1.01,2.20396,-0.474554,0.3–0.4;0.8,0.0–0.1,00:30–01:30;03:00;04:00–04:30;07:00–08:00,08:00
UDR,IWM,0.33,0.16,0.53,0.77434,-0.318491,0.9,0.2,,09:00
UE,IWM,0.26,0.12,0.54,0.366667,-0.48963,0.4,0.2,,
UFCS,XLF,0.83,0.91,0.73,1.099589,-0.395753,0.6,0.0;0.4,,09:00
UFO,SPY,0.91,2.2,1.26,-0.17619,-0.236508,2.7,0.2;0.4,04:00–09:30,09:00
UFPI,IWM,0.74,0.48,0.62,0.823226,-0.485161,0.6;0.8,0.0;0.2,,
UFPT,IWM,0.54,0.47,0.91,0.867582,-0.151429,0.3;0.8,0.0;0.3,,09:00
UGA,SPY,0.36,0.22,1.09,0.449725,-0.583486,0.2,,,
UGE,IWM,-0.23,0.0,0.91,0.714286,-0.714286,,,,09:00
UGI,XLE,0.45,0.1,0.35,0.837143,-1.068571,2.7,0.4–0.5,,09:00
UGL,IWM,0.53,1.71,2.02,1.538812,-1.840792,0.2–0.8,0.0–0.1;0.4–0.5;0.7,00:00–01:00;02:30–04:30;05:30–06:00;07:00,07:30
UHAL,IWM,0.79,0.55,0.45,0.328889,-1.866667,0.3;0.6,0.1,,09:00
UHS,SPY,0.55,0.44,0.84,0.326667,-0.799524,0.4,0.0,03:30–09:30,09:00
UHT,IWM,-0.02,-0.06,0.47,1.277872,-0.779574,0.4,0.1–0.2,,09:00
UI,IWM,0.9,1.48,2.53,0.467668,-0.204427,0.6,0.0;0.2,03:30–09:30,09:00
UL,IWM,-0.35,-0.21,0.68,0.762353,-1.046765,0.2–0.4,0.0;0.2;0.7,01:30;04:00–04:30;06:00,06:30
ULS,IWM,0.57,0.66,1.33,0.527519,-0.354436,0.2,0.1;0.3,,09:00
ULTA,IWM,0.53,0.25,0.71,0.774648,-0.549296,0.4;0.9,0.1,02:30–09:30,09:00
ULTI,SPY,0.97,5.17,3.56,2.105281,,,,,
UMAC,QQQ,0.81,3.39,4.17,1.352062,-1.650048,0.2–0.5;0.8;1.2,0.0–0.3;0.5–0.6,00:30–01:30;03:00–04:00;05:00;06:00–09:30,07:00;09:00
UMBF,KRE,0.91,0.79,0.55,0.670545,-0.263455,0.6–0.8,0.2–0.3,,
UMH,IWM,0.36,0.17,0.69,0.445072,-1.205217,0.3,0.2,,
UMMA,SPY,0.9,1.25,0.7,1.042857,-0.257143,0.5,0.3,,
UNF,SPY,0.52,0.47,1.37,0.609489,-0.792628,0.2,,,09:00
UNFI,IWM,0.66,0.57,1.2,0.233333,-0.05525,0.3–0.4,0.0–0.1,01:30;03:30–09:30,09:00
UNG,QQQ,0.09,-0.33,1.76,0.203182,-0.689716,0.2–0.3,0.0;0.2;0.4;0.6,00:30–01:00;02:30–04:00;06:00–09:30,08:30
UNH,IWM,0.57,0.72,1.74,0.321839,-0.27908,0.2–0.5,0.0–0.3;0.6,00:30;01:30;02:30–03:30;04:30–05:00;06:00;07:00;08:30,06:00
UNHG,IWM,0.47,0.84,3.42,0.326316,-0.539883,0.2–0.5;0.7,0.0–0.4,00:00;04:00–04:30;05:30–07:30,07:30
UNM,XLF,0.8,0.8,0.47,0.629787,-0.310638,0.6–0.7,0.0–0.2;0.4,,09:00
UNP,SPY,0.46,0.33,0.45,0.971556,-1.316444,0.4–0.6,0.0,05:30–09:30,03:30;09:00
UNTY,KRE,0.77,0.93,0.74,-0.036757,-0.149054,,0.3,,09:00
UNX,SPY,0.95,6.57,7.11,2.418987,-6.881561,2.7,,,09:00
UPB,IWM,0.82,1.14,1.06,0.616226,0.021321,2.7,0.0–0.2,,09:00
UPBD,IWM,0.78,0.67,1.05,0.13381,-0.689143,0.2,0.0;0.3,,09:00
UPRO,SPY,1.0,3.0,1.31,1.572519,-1.221374,0.2–0.4;0.6–0.8;1.2–1.3,0.0–0.2,00:00–04:30;05:30;07:00,02:00–02:30;07:30
UPS,IWM,0.74,0.52,1.36,0.344118,-0.575882,0.2;0.4,0.2–0.5,00:00–01:00;02:30–03:00;07:00–09:30,08:00;09:00
UPST,SPY,0.91,3.94,2.79,3.685305,-3.736129,0.2;0.4;0.6;0.8–0.9;1.1–1.2,0.0–0.2,00:00–00:30;01:30–04:00;05:00;06:30;07:30–08:30,02:00;08:00;09:00
UPSX,SPY,0.91,7.95,5.4,1.758981,-6.961204,2.7,0.0,00:00–00:30;03:00;06:00–06:30,08:30
UPWK,SPY,0.75,1.22,2.8,0.242857,-0.431071,0.2–0.5;0.7–0.8,0.0–0.3,00:00;01:00;06:00–09:30,09:00
URA,IWM,0.81,2.26,2.15,0.76493,-0.780279,0.2–0.9,0.0–0.2;0.4–0.5;0.8,00:00;01:00;02:00–03:00;04:00;05:00;06:30–09:30,08:30–09:00
URAA,IWM,0.82,3.85,3.63,2.193802,-2.652755,2.7,0.3,,09:00
URAN,SPY,0.7,2.56,2.04,4.264706,-3.798529,2.7,0.0,,09:00
URBN,IWM,0.76,0.67,0.94,0.234043,-0.728511,0.9,0.0–0.1,03:00–09:30,09:00
URGN,IWM,0.6,0.73,1.23,0.164634,-0.017886,0.8;1.0;1.4;2.7,0.0–0.3,03:30–04:00,09:00
URI,IWM,0.88,0.62,0.83,0.441928,-0.62747,0.4;0.6;0.9,0.4;1.4,,09:00
URNJ,SPY,0.72,3.42,1.92,0.226042,-1.652812,2.7,0.1–0.2;0.4,03:00;04:00–09:30,09:00
URNM,IWM,0.72,1.32,1.66,0.741446,-1.049398,0.8;1.0–1.1,0.2–0.3;0.6,05:00;06:00–09:30,09:00
URTH,SPY,0.99,0.98,0.42,0.009048,-0.212381,0.2,0.2,,09:00
URTY,IWM,1.0,2.99,1.99,1.416734,-0.250352,0.3;0.9–1.0,0.0–0.2;0.4;0.7,00:00;02:00–02:30;04:00–04:30;06:00;07:00–09:30,04:30;07:00;08:00
USAC,XLE,0.61,0.2,0.92,1.182609,-0.55,0.4,0.4,,09:00
USAR,GDX,0.58,0.89,4.81,0.727651,-0.320416,0.2–0.6,0.2–0.3;0.6;1.2,00:00–00:30;02:30;04:00–04:30;05:30–09:30,07:00–08:00;09:00
USAU,GDX,0.87,0.63,1.53,0.428039,-0.379739,0.5–0.6;0.8,0.2;0.5,03:30,09:00
USB,XLF,0.9,1.38,0.52,0.519615,-0.613077,0.9;1.2,0.0–0.2;0.4,,09:00
USCI,IWM,0.45,0.28,0.59,0.586441,-0.30576250000000005,,,,
USD,QQQ,0.94,3.34,2.63,4.366844,-1.377034,1.5–1.6,0.0–0.1,01:00–01:30;03:30;04:30;07:30,08:00–08:30
USDU,IWM,-0.15,-0.12,0.33,0.848485,-2.824242,0.9,0.3,,09:00
USFD,IWM,0.52,0.2,0.39,1.302564,-0.948718,0.7,0.2,,
USFR,IWM,-0.02,0.0,0.02,15.0,-15.5,2.7,0.2,04:00,09:00
USG,IWM,0.35,0.18,0.8,0.095,,,,,
USHY,SPY,0.9,0.22,0.12,3.735,-5.471667,2.7,0.1,02:30;04:00–09:30,09:00
USIG,SPY,0.59,0.3,0.18,2.4,-1.555556,,0.0,,09:00
USL,SPY,0.47,0.63,0.97,0.876289,-0.423196,,,,09:00
USLM,SPY,0.87,1.34,0.72,0.595278,-1.283333,2.7,0.4,,09:00
USM,NONE,0.75,0.21,0.19,,,,,,
USMV,IWM,0.75,0.21,0.19,2.189474,0.221579,2.7,0.2,,09:00
USNA,SPY,0.66,0.62,2.13,0.048169,-0.47784,0.4,0.0;0.2,03:00–09:30,09:00
USNG,SPY,0.69,0.88,0.85,,,,,,
USO,SPY,0.36,0.49,1.21,0.426529,-0.657603,0.2,0.1–0.3;0.6,02:00–02:30;03:30–04:30;05:30–06:00;07:30,06:30
USOI,SPY,0.48,0.21,0.58,0.408966,-1.050517,0.2,0.0–0.1,00:00;03:30–09:30,09:00
USPH,IWM,0.56,0.39,0.99,0.001111,-0.441919,0.3–0.4,0.1;0.4,,
USRT,IWM,0.5,0.18,0.32,1.100625,-1.12375,0.7,0.2,,09:00
UST,SPY,0.13,0.21,0.43,2.772093,-0.725116,,,,
USTB,IWM,0.4,0.01,0.05,6.798,-9.006,2.7,0.2,,09:00
UTEN,SPY,0.29,0.18,0.21,1.453333,-1.791429,2.7,0.1,,09:00
UTES,SPY,0.91,0.88,0.51,0.712157,-0.011765,0.7;2.7,0.2–0.3,03:00–03:30,09:00
UTF,QQQ,0.69,0.3,0.49,0.732653,-1.557143,0.6,0.0,,09:00
UTG,SPY,0.74,0.46,0.52,0.98,-0.835385,0.4,0.0,,09:00
UTHR,SPY,0.28,-0.06,4.71,0.244926,-0.23639100000000002,,,,
UTI,IWM,0.74,0.48,0.92,0.368261,-0.859565,0.2,0.3–0.4,03:00,09:00
UTSL,IWM,0.68,0.67,0.92,0.792283,-0.763261,0.8,0.3,02:00–09:30,08:30–09:00
UTWO,IWM,0.19,0.01,0.05,12.602,-9.6,2.7,0.2,,
UTZ,IWM,0.07,0.08,0.82,0.805854,-1.149756,0.3,0.2,,08:30
UUP,SPY,-0.16,-0.08,0.25,0.6576,-2.8672,0.3–0.4,0.0,00:30;04:30–05:00,09:00
UVIX,IWM,-0.9,-3.97,3.69,1.398726,-2.291057,0.2–0.4;0.6–0.7;1.0–1.1;1.5,0.0–0.5,00:00;01:00–04:30;05:30–07:30,06:30;08:00
UVV,SPY,0.24,0.0,0.39,1.461538,-0.717949,0.2,0.1,,09:00
UVXY,IWM,-0.91,-3.17,2.74,1.379781,-1.110511,0.2–1.0,0.0–0.5,00:00–00:30;02:00–02:30;03:30–05:00;06:00–07:30,05:30;08:30
UWM,IWM,1.0,2.02,1.34,0.816866,-0.665522,0.5;0.7;0.9,0.2,03:30;07:00–09:30,08:30
UXRP,QQQ,0.69,6.9,6.14,10.785342,-2.929805,2.7,0.0;0.2–0.4,07:30,05:00;09:00
V,XLF,0.82,0.67,0.35,0.865429,-0.31,0.4–0.6;0.9;1.5,0.0–0.4,00:00;02:00,09:00
VAC,IWM,0.9,1.0,2.2,0.177273,-0.35,0.2,0.2,,09:00
VACI.U,NONE,0.86,1.45,1.17,,,,,,
VAL,XLE,0.86,1.45,1.17,1.323077,-0.438034,0.5;0.8;1.4,0.0–0.1;0.3;0.8,,09:00
VAPE,NONE,0.87,0.66,0.52,,,,,,
VAW,IWM,0.87,0.66,0.52,0.467308,-1.19,0.2,0.1–0.2,,
VB,IWM,0.99,0.83,0.55,0.388364,-0.348909,0.2;0.4,0.2–0.3;0.5,00:30,09:00
VBIL,IWM,0.0,0.01,0.01,39.01,-30.97,2.7,0.3,04:00–09:30,09:00
VBK,IWM,0.99,0.95,0.67,0.24403,0.011194,0.2–0.5,0.2–0.3,04:00–09:30,09:00
VBR,IWM,0.97,0.67,0.47,0.752553,-0.271277,0.3–0.5,0.0;0.2–0.3;0.5,,09:00
VBTX,NONE,0.73,0.72,0.64,,,,,,
VC,IWM,0.73,0.72,0.64,0.9175,-1.10625,0.6,0.2,,09:00
VCEL,IWM,0.8,0.88,1.77,0.16339,-0.152542,0.3–0.5,0.2–0.3,,09:00
VCIT,SPY,0.57,0.25,0.17,0.323529,-3.882353,2.7,0.0,02:00,08:00
VCLT,SPY,0.36,0.23,0.33,0.843636,-2.095758,0.3,0.0,03:30–09:30,07:00
VCR,QQQ,0.94,0.71,0.72,0.642778,-0.815833,0.6,0.4,,09:00
VCRB,SPY,0.37,0.12,0.15,3.074667,-3.277333,1.2,0.0,,09:00
VCSH,SPY,0.5,0.09,0.07,0.701429,-8.202857,2.7,0.0,,08:00
VCTR,SPY,0.87,1.11,0.69,0.69971,-1.631884,0.7;1.1,0.0;0.6,,09:00
VCYT,IWM,0.77,0.74,1.69,0.439172,-0.256568,0.3;0.5–0.6,0.1;0.6,,09:00
VDC,IWM,-0.22,0.01,0.28,1.062857,0.123929,1.2,0.2,,09:00
VDE,IWM,0.58,0.3,0.49,1.253061,-0.693878,0.5;0.8,0.1–0.2,,09:00
VEA,SPY,0.93,0.88,0.48,-0.130833,-0.895,0.3–0.5,0.0–0.3,00:00–01:00;02:30–03:00;06:00;07:00–09:30,08:30
VECO,SOXL,0.86,0.37,1.58,1.13557,-2.22962,1.5,,,09:00
VEEV,SPY,0.8,0.81,0.84,-0.0825,-0.342976,0.3–0.4,0.0–0.1,02:30,09:00
VEGI,SPY,0.83,0.68,0.51,0.28549,-1.02549,,,,
VENU,SPY,0.48,0.65,2.17,0.164516,-0.171659,0.7,0.0;0.4,03:00–09:30,09:00
VEON,SPY,0.65,1.12,1.94,0.294433,-0.259794,0.5,0.4,03:30–09:30,09:00
VERA,IWM,0.75,1.15,1.42,-0.582746,-0.479577,1.5;2.7,0.0–0.1;0.3–0.4,04:30–09:30,09:00
VERB,NONE,0.77,0.74,1.07,,,,,,
VERX,IWM,0.77,0.74,1.07,0.046355,-0.22243,0.8,0.1,,09:00
VEU,SPY,0.92,1.17,0.49,-0.409592,-1.216122,0.3;0.6;0.8,0.2,02:30;03:30,09:00
VFC,IWM,0.83,1.07,1.41,-0.040355,-0.272482,0.3–0.4;0.6;0.8–0.9;2.7,0.0–0.2;0.4–0.5,00:00;07:00–09:30,08:30
VFH,IWM,0.91,0.44,0.33,1.50303,-1.109091,1.1,0.2–0.3,,09:00
VFLO,IWM,0.89,0.51,0.39,0.574103,-1.691538,0.6;0.8,0.2,,09:00
VG,XLE,0.77,1.58,3.27,0.098777,-0.357737,0.2;0.4;0.6;0.9,0.0;0.2–0.3,03:30;04:30–09:30,09:00
VGIT,SPY,0.29,0.1,0.13,1.253846,-4.438462,1.5,0.1,03:30–09:30,09:00
VGK,SPY,0.86,0.78,0.49,0.374694,-1.200408,0.2–0.4,0.2,06:30,09:00
VGLT,SPY,0.24,0.2,0.38,0.915789,-0.736842,0.3–0.4,0.0,04:30;05:30,08:00
VGSH,IWM,0.2,0.01,0.05,6.0,-6.204,2.7,0.3,03:30,09:00
VGT,SPY,0.98,1.76,0.83,1.471325,-0.451084,0.2;0.4–0.6,0.0,00:00–01:00;02:30–03:30,03:00;09:00
VHT,IWM,0.59,0.21,0.32,1.727187,-1.106562,0.7,0.1–0.2,,09:00
VIA,IWM,0.53,0.63,1.59,-0.057673,-0.010503,0.9,0.1,04:00–09:30,08:00
VIAV,SPY,0.86,1.53,2.07,0.815024,-0.575942,0.2–0.5,0.0–0.1;0.3,03:00;04:00–09:30,08:30–09:00
VICI,IWM,-0.23,-0.05,0.34,0.925,0.185294,0.7;1.3,0.2,00:00,09:00
VICR,QQQ,0.93,1.79,3.2,0.385063,-0.615531,,0.2,,09:00
VIG,SPY,0.91,0.66,0.33,1.104848,-1.555152,0.6,0.0–0.1,03:00,09:00
VIGI,SPY,0.9,0.57,0.42,0.745714,-1.097381,0.3–0.4,0.1–0.2;0.4,,09:00
VIK,SPY,0.89,1.32,1.26,0.364444,-0.417778,0.4;0.9,0.0;0.2–0.3,,09:00
VIOO,IWM,0.98,0.85,0.58,0.375862,-0.394828,0.2–0.3,0.2,,09:00
VIPS,KWEB,0.86,0.45,1.1,0.807727,-0.597273,0.2–0.4,0.2,05:00–09:30,09:00
VIRT,XLF,0.69,0.9,0.71,0.832394,-0.419718,0.5,0.0;0.2,,09:00
VIS,SPY,0.95,1.02,0.45,0.091556,-0.379556,0.3;0.5;0.7–0.8,0.2,02:30–09:30,09:00
VIST,SPY,0.64,0.97,4.06,0.580936,-0.315049,0.2–0.5,0.0–0.2,03:30,09:00
VITL,SPY,0.3,0.2,2.36,0.388983,-0.328814,0.2–0.3,0.7,01:30;03:30–09:30,09:00
VIV,SPY,0.73,1.13,0.92,0.543043,-0.88163,0.4,0.3,,09:00
VIXM,IWM,-0.88,-0.98,0.73,0.541918,0.243014,0.3;0.6,0.2;0.4,04:00–09:30,08:30
VIXY,IWM,-0.9,-2.03,1.82,1.30467,-0.944945,0.2–0.4;0.7,0.0–0.1;0.3–0.4;0.6,00:00;01:00–01:30;03:00;04:00–05:00;06:00;07:00–07:30,07:30
VKTX,IWM,0.76,1.73,5.31,0.297269,-0.252354,0.2–0.5;0.7,0.0;0.2–0.4;0.6–0.7,00:00–02:00;03:00;04:00;05:00–07:00;08:00–09:30,07:00–07:30;09:00
VLGEA,IWM,0.27,0.0,0.4,0.7,-0.7,0.5,0.2,,
VLO,XLE,0.89,1.0,0.61,0.065574,-0.491803,0.4–0.5;1.0,0.0–0.1;0.4,,09:00
VLTO,IWM,0.6,0.29,0.33,1.269697,-0.675758,1.6,0.2–0.3,,09:00
VLUE,IWM,0.94,0.64,0.53,0.486038,-0.670943,0.5–0.6,0.2–0.5,,
VMC,IWM,0.77,0.45,0.57,0.931579,-0.736842,0.9,0.3–0.4,,
VMI,IWM,0.93,0.8,0.7,0.762857,-0.248571,0.7,0.0,,09:00
VNAM,IWM,0.23,0.19,1.64,0.191463,-0.45622,0.2,,,09:00
VNM,IWM,-0.04,0.07,1.51,0.309735,-0.233576,0.2,0.4–0.5,,09:00
VNO,IWM,0.79,0.7,0.75,0.902667,-0.625333,0.5;0.7,0.0,,09:00
VNOM,XLE,0.92,1.13,0.71,0.214507,-0.071831,0.8;1.3,0.1–0.2;0.4;0.6,,09:00
VNOM_20250818,NONE,0.49,0.3,0.37,,,,,,
VNQ,IWM,0.49,0.3,0.37,1.305405,-0.783784,0.5,0.2–0.3,00:00;06:30–09:30,09:00
VNQI,IWM,0.4,0.27,0.42,0.605,-0.88881,0.9–1.1,0.2–0.3,,09:00
VNT,IWM,0.91,1.06,1.33,0.450977,-0.577143,0.2,0.1,,09:00
VO,IWM,0.97,0.59,0.39,0.851795,-1.091795,0.7;1.0,0.2–0.3,,09:00
VOD,IWM,0.02,0.21,1.25,0.44304,-0.5392,0.2,0.2,04:00,03:30;05:30;08:30–09:00
VOE,IWM,0.94,0.46,0.31,1.559355,-0.996129,0.7;1.2,0.2,,09:00
VOLT,QQQ,0.89,1.08,0.75,0.873067,-0.387733,2.7,0.0;0.2;0.6,,09:00
VONG,QQQ,0.99,0.99,0.63,0.188413,-0.062063,0.2–0.7,0.0–0.3,00:00–01:30;03:00–03:30,09:00
VOO,SPY,1.0,0.99,0.44,0.629773,-0.638864,,,,08:00–08:30
VOOG,QQQ,0.99,0.98,0.62,0.114516,-0.126452,0.3,0.0–0.2;0.4,00:00–03:30,09:00
VOOV,SPY,0.95,0.62,0.3,0.242,-1.04,2.7,0.0–0.3,00:00,09:00
VOT,IWM,0.96,0.66,0.51,0.63098,-0.278039,0.9;1.6,0.4,,09:00
VOX,SPY,0.94,1.19,0.58,-0.180517,-0.636897,0.2,0.0;0.3,04:00–09:30,09:00
VOYA,XLF,0.92,1.63,0.72,1.106389,-1.121528,1.0,0.1–0.3;0.5,,09:00
VOYG,IWM,0.86,2.01,2.11,0.14218,-0.277536,1.0;1.7,0.0–0.3;0.5,01:30;03:00;06:30–07:00,08:30–09:00
VOYX,IWM,0.89,4.69,5.27,2.094649,-5.928757,2.7,,,09:00
VPL,SPY,0.86,1.25,0.65,-0.126923,-0.503846,0.4;1.1,0.0,,09:00
VPLS,SPY,0.49,0.14,0.14,3.3,-3.622857,,0.0,,09:00
VPU,IWM,0.72,0.28,0.31,1.540645,-1.024516,,0.2,,09:00
VRDN,IWM,0.76,0.75,1.07,0.682243,-0.376168,0.8;1.4;2.7,0.0;0.2–0.3,04:00–09:30,09:00
VRE,IWM,0.4,0.16,0.46,1.054783,-0.225217,0.5,0.2,,09:00
VRIG,SPY,0.18,0.04,0.03,1.72,-15.666667,2.7,0.0–0.1,,09:00
VRNA,NONE,0.82,0.89,4.63,,,,,,
VRNS,SPY,0.82,0.89,4.63,0.21581,-0.111015,0.2,0.0,03:30–09:30,09:00
VRNT,IWM,0.41,0.05,0.35,0.857143,-2.657143,1.3,0.2,03:00,09:00
VRRM,IWM,0.45,0.18,0.93,0.675484,-0.466022,0.3–0.4,0.2–0.3,,
VRSK,XLF,0.02,-0.04,1.35,0.329778,-0.268741,0.3–0.4,0.5,,09:00
VRSN,SPY,0.32,0.18,0.41,1.278537,-1.141463,0.3,0.1,03:00–09:30,09:00
VRT,QQQ,0.93,2.61,2.22,1.586982,-1.727928,0.2–0.7;0.9;1.1–1.2;1.4,0.0–0.2,00:00–02:00;03:00–04:30;06:00;07:00–09:30,08:00–08:30
VRTL,QQQ,0.94,5.46,4.57,4.133917,-2.833742,2.7,0.0,05:30,09:00
VRTX,IWM,0.52,0.25,0.54,0.601852,-0.546296,0.4–0.7,0.1–0.2,03:30,08:00;09:00
VSAT,SPY,0.9,3.54,3.14,1.070318,-2.663503,0.3;1.8,0.0–0.1,00:00;02:00–03:00;04:30;08:00–09:30,09:00
VSCO,IWM,0.79,1.13,1.9,0.389789,-0.390895,0.3–0.8,0.0–0.3;0.5,00:30;02:30;06:30–09:30,09:00
VSEC,IWM,0.85,0.98,0.81,-0.640247,-0.820741,2.7,0.0;0.3;1.1,00:30,09:00
VSGX,SPY,0.9,1.08,0.51,0.465098,-0.511373,0.3;0.5;0.9,0.0;0.4,,09:00
VSH,IWM,0.95,2.08,1.41,1.208511,0.065532,2.7,0.2–0.4,,09:00
VSS,SPY,0.88,0.7,0.51,0.337255,-1.107843,0.3;0.5,0.2–0.3,,
VST,SPY,0.87,2.04,1.49,1.023356,-1.839732,0.2–0.5;0.9–1.0;1.2;1.5,0.0–0.3,00:00–01:00;03:00–04:00;07:00;08:00–09:30,03:00;09:00
VSTL,SPY,0.86,4.57,3.09,1.398479,-6.393236,2.7,0.2,04:30,07:00;09:00
VT,SPY,0.99,1.06,0.43,-0.147907,-0.328837,0.2–0.5;0.8,0.0;0.2–0.3;0.7,00:00–01:00;02:00–02:30;03:30;05:00;07:30–09:30,03:00
VTC,SPY,0.4,0.22,0.21,2.317143,-2.895238,,0.0–0.1,,
VTEB,SPY,0.41,0.12,0.1,1.652,-5.76,2.7,0.0,,09:00
VTI,SPY,1.0,1.06,0.45,0.072444,-0.187556,0.2–0.5,0.0–0.3;0.6–0.7;1.0,00:30–01:30;02:30–03:00;05:30–09:30,07:30
VTIP,IWM,0.35,0.03,0.05,5.976,-1.164,2.7,0.2,,09:00
VTLE,XLE,0.96,2.74,1.86,1.143226,-4.43172,2.7,0.0;0.2,,09:00
VTOL,XLE,0.73,0.96,0.74,0.429189,0.167568,1.2,0.2,,09:00
VTR,IWM,-0.22,-0.02,0.37,1.048649,-1.750811,1.0,0.3,,09:00
VTS,XLE,0.91,1.19,0.96,0.724167,-0.437812,0.5,0.0–0.3;0.5,,09:00
VTV,IWM,0.89,0.37,0.27,1.16037,-1.242963,1.5,0.2–0.3,,08:30–09:00
VTWO,IWM,1.0,1.0,0.66,0.219697,-0.545455,0.2,,,08:30
VUG,QQQ,0.99,1.01,0.63,0.23127,-0.022222,0.2–0.6,0.0–0.6,00:00–01:30;03:00–03:30;06:30–09:30,09:00
VUSB,SPY,0.44,0.03,0.03,5.686667,-18.36,2.7,0.0–0.1,,09:00
VV,SPY,1.0,1.06,0.46,0.047391,0.091304,0.2–0.3,0.2,04:00–09:30,09:00
VVV,IWM,0.67,0.41,0.54,0.766481,-0.387037,0.7;0.9,0.2;0.5,,
VVX,IWM,0.81,0.9,1.32,0.664394,-0.337121,0.3;0.8,0.0;0.4;0.6,02:30,09:00
VWO,IWM,0.87,0.71,0.7,0.300571,-0.147286,0.2;0.4,0.1–0.2;0.4,06:00,09:00
VWOB,SPY,0.75,0.27,0.21,0.618571,-2.932381,1.5,0.0–0.1,02:00,09:00
VXF,IWM,0.99,0.91,0.64,0.233281,-0.214062,0.2–0.3,0.1–0.2,,09:00
VXUS,SPY,0.96,1.11,0.51,-0.384118,-0.711373,0.2–0.3;0.5;0.7;1.0,0.1;0.3,00:30;01:30–03:00;05:30;06:30–09:30,09:00
VXX,IWM,-0.92,-2.34,1.84,1.560543,-0.918696,0.2–0.7;1.0,0.0;0.3–0.4,00:00;01:00–01:30;02:30–04:30;06:00–06:30;07:30–08:00,07:00
VXZ,NONE,0.89,0.39,0.33,,,,,,
VYM,IWM,0.89,0.39,0.33,0.895758,-0.998485,0.8,0.1–0.2,01:00;02:30;06:00–06:30,09:00
VYMI,SPY,0.87,0.66,0.42,0.506667,-1.253333,0.4–0.6,0.2,03:00,09:00
VYX,IWM,0.91,1.25,1.02,0.343137,-0.205882,1.1,0.1–0.3,,09:00
VZ,IWM,-0.1,0.0,0.76,0.855263,-0.5,0.2–0.4,0.2–0.3,00:00;01:00;02:30;03:30–04:00;06:00;07:30,08:00
W,SPY,0.6,1.44,2.33,0.982833,-0.453562,0.2–0.3;0.5;0.7–0.8,0.0–0.1;0.4,00:00–00:30,09:00
WAB,IWM,0.91,0.81,0.62,0.610323,-0.682903,0.3;0.6;0.8,0.2;0.4,01:30–09:30,09:00
WAFD,KRE,0.84,0.77,0.46,0.444348,-0.317609,0.5;0.9,0.1;0.5,,09:00
WAL,KRE,0.87,1.18,1.26,0.381746,-0.316032,0.3–0.4;0.6,0.2,,09:00
WANT,SPY,0.9,3.51,2.02,3.416436,-5.336931,2.7,0.0,,09:00
WAR,SPY,0.95,2.16,1.11,0.276396,-1.670811,2.7,,,09:00
WASH,KRE,0.88,0.69,0.58,0.846897,-0.342414,0.5,0.2,,
WAT,IWM,0.58,0.61,0.67,0.54597,-1.231045,0.5;1.3,0.1,,09:00
WAY,SPY,0.64,1.05,0.98,0.561735,-0.409694,0.8–0.9,0.0–0.3,,09:00
WBA,NONE,0.65,0.61,1.86,,,,,,
WBD,SPY,0.65,0.61,1.86,0.364355,-0.188656,0.2–0.3,0.1;0.3–0.4,01:30;03:00;04:30;07:00;08:30–09:30,04:30;07:00;09:00
WBI,IWM,0.42,0.52,1.06,0.804906,-0.344151,0.8,0.1,,09:00
WBS,KRE,0.95,1.14,0.67,0.18597,-0.197612,0.5;0.8,0.0;0.2;0.4–0.5,,09:00
WCBR,SPY,0.94,1.33,0.91,0.792418,-0.748571,,0.0,,
WCC,IWM,0.96,1.09,0.92,0.190217,-0.299891,0.3,0.0;0.2–0.3,,09:00
WCLD,QQQ,0.94,1.23,0.8,0.418,-1.068625,0.3,0.0;0.2,,09:00
WCN,IWM,-0.4,-0.13,0.43,0.954186,-1.457209,0.6,0.2,,
WDAY,SPY,0.71,0.49,1.31,0.115725,-0.498931,0.2–0.3,0.2–0.3,05:00–09:30,08:30–09:00
WDC,SPY,0.92,3.82,2.52,1.968571,-0.316508,1.0;1.4,0.0–0.2,00:00;01:00;02:30;03:30–04:00;07:00–09:30,09:00
WDFC,IWM,0.21,0.0,0.85,0.6,-1.117647,0.2–0.3,0.2,,
WDS,XLE,0.74,0.85,1.19,0.288235,-0.403782,0.3;0.6,0.0–0.1,00:00,09:00
WDTE,SPY,0.8,0.4,0.31,0.535484,-1.16129,,0.0–0.1,,09:00
WEBL,SPY,0.97,3.86,2.07,5.202802,-4.174203,2.7,0.2–0.3,03:30–04:00,09:00
WEBS,IWM,-0.89,-2.27,2.2,2.267545,-1.086318,0.7;1.9;2.7,0.1–0.3,,09:00
WEC,IWM,-0.19,0.0,0.38,1.421053,-2.447368,,0.3,,
WEED,IWM,0.61,1.05,2.61,0.127203,-0.998851,,0.1–0.2,,09:00
WEEK,QQQ,-0.37,0.0,0.03,11.333333,-29.333333,2.7,0.1;0.3,,09:00
WELL,IWM,-0.07,-0.02,0.56,0.486071,-1.665714,0.6,0.2–0.3,,09:00
WERN,IWM,0.53,0.51,1.22,0.203689,-0.73582,0.5,0.2,,09:00
WES,XLE,0.59,0.31,0.5,0.424,-0.6842,1.0;1.2,0.3;0.6,,09:00
WEX,XLF,0.84,1.42,1.0,1.3106,-0.2126,1.2–1.3,0.2,,
WF,SPY,0.47,0.88,1.14,0.285614,-1.155789,,0.3,,09:00
WFC,XLF,0.84,1.11,0.69,0.025652,0.246377,0.2–0.5;0.7–0.8,0.0–0.4,02:00;05:30;06:30–09:30,09:00
WFG,IWM,0.71,0.41,0.56,0.924643,-1.054286,0.7,0.2,,
WFRD,XLE,0.85,1.84,1.21,2.036033,-1.233388,2.7,0.4;0.8,,09:00
WGMI,IWM,0.88,4.06,3.27,3.167217,-4.544098,2.7,0.0–0.1,04:30–05:00,09:00
WGO,IWM,0.79,1.1,2.11,0.480095,-0.362085,0.2,0.2;0.6,,09:00
WGS,IWM,0.88,1.57,1.42,-0.283028,-0.012887,1.0;2.7,0.1–0.3,02:00;03:30,09:00
WH,IWM,0.75,0.48,1.1,0.608727,-0.984364,0.2–0.3,0.2,,09:00
WHD,IWM,0.74,0.99,0.98,1.597857,-0.720816,0.6,0.1–0.2,02:30–09:30,09:00
WHR,IWM,0.81,0.64,0.77,0.187532,-0.482597,0.2–0.3;0.5,0.1–0.3;0.6,,09:00
WHTX,IWM,0.26,0.82,1.95,1.4524105,-0.907077,,,,
WILC,SPY,0.44,1.79,2.03,2.676256,-2.024877,,0.0–0.2,,09:00
WILD,IWM,0.84,2.93,3.34,1.728877,-1.0562875,2.7,,,
WINA,IWM,0.7,0.46,0.55,0.24,-1.239273,0.4,0.1;0.3,,09:00
WING,SPY,0.47,0.6,1.56,0.278205,-0.546154,0.3–0.4,0.0–0.2,,09:00
WISE,SPY,0.9,2.69,1.5,2.224667,-2.175933,,,,
WIX,SPY,0.84,1.36,0.94,-0.265106,-0.350213,2.2,0.0–0.2,00:00;01:00;02:30;05:30–09:30,08:30–09:00
A,IWM,0.75,0.54,0.67,0.668955,-0.26806,,,,
AA,IWM,0.88,1.82,1.76,1.032955,-2.1523295,,,,
AAAU,QQQ,0.58,0.84,1.0,0.7728,-0.4712,,,00:00,
AAL,IWM,0.84,1.04,1.28,0.35296900000000003,-0.3465625,0.2,0.1,00:00;02:00;06:30–09:30,03:00
AALG,IWM,0.77,1.95,2.99,-0.053177,-2.8617055000000002,,,,09:00
AAMI,SPY,0.77,1.18,1.41,0.364965,-0.6967375,,,,
AAOI,SPY,0.89,5.38,3.21,-0.489595,-6.6962615,2.7,,,
AAON,IWM,0.85,1.36,2.53,1.092964,-0.100237,,,,
AAP,IWM,0.55,0.51,1.99,0.3486685,-0.908442,,,,
AAPB,SPY,0.57,1.0,1.47,-0.285714,-0.585034,,,,
AAPD,QQQ,-0.47,-0.2,0.73,0.8123290000000001,-1.3794520000000001,,,,
AAPL,SPY,0.51,0.3,0.73,0.582192,-0.8047945000000001,,,,
AAPU,SPY,0.62,1.04,1.46,-0.157534,-0.159452,0.2,0.3,03:30,08:30
AAPW,QQQ,0.72,0.63,0.83,0.833012,-1.496024,,,,
AAPX,SPY,0.59,1.59,1.42,-0.096408,-0.29341549999999994,,,,
AAPY,SPY,0.41,1.06,0.72,,0.770556,,,,
AARD,QQQ,0.35,0.87,1.66,0.5039155,-0.918855,,,,
AAT,IWM,0.59,0.36,0.46,1.1613045,-0.6130435,,,,
AAUC,GDX,0.88,0.75,1.91,0.0412305,0.208115,,,,09:00
AAXJ,SPY,0.88,1.75,0.8,0.284375,-0.8796875,,,,
AB,XLF,0.63,0.46,0.49,0.306122,-0.12449,,,,
ABBV,SPY,-0.16,-0.18,0.75,0.2984,0.023867,,,,
ABG,IWM,0.69,0.54,0.84,0.482143,-0.32428599999999996,,,,
ABM,IWM,0.57,0.4,0.53,1.711321,-1.74717,,,,
ABNB,SPY,0.85,0.97,0.69,0.8623190000000001,-0.19521699999999997,,,,
ABNY,SPY,0.68,1.06,0.73,-1.63863,,,,,
ABR,SPY,0.69,0.5,0.71,0.577465,-1.024648,,,,
ABT,IWM,-0.31,-0.07,0.57,0.404912,0.45087750000000004,,,,
ABVX,QQQ,0.41,0.71,1.54,0.939773,-0.311883,,,,
ACAD,IWM,0.64,0.4,1.79,0.467039,-0.5173185,,,,
ACES,IWM,0.93,1.68,1.3,,-1.355077,,,,
ACFN,QQQ,0.02,-0.32,3.92,,,,,,
ACGL,XLF,0.42,0.85,0.58,0.180172,,,,,
ACHC,IWM,0.62,0.81,1.56,,-4.178654,,,,
ACHR,IWM,0.91,3.08,2.74,,-0.990949,,,,
ACI,IWM,-0.39,-0.15,1.19,,0.172689,,,,
ACIC,XLF,0.67,0.33,0.37,1.213514,,,,,
ACIW,SPY,0.86,0.96,0.59,3.524746,,,,,
ACKY,SPY,0.78,1.38,0.75,,,,,,
ACLS,SOXL,0.88,0.3,1.8,,0.270556,,,,
ACLX,SPY,0.68,0.52,0.67,,,,,,
ACM,IWM,0.94,0.79,0.57,0.675263,,,,,
ACMR,QQQ,0.85,2.35,3.68,0.314266,,,,,
ACN,IWM,0.8,0.42,0.45,0.353333,,,,,
ACT,XLF,0.77,0.57,0.5,3.7484,,,,,
ACVA,IWM,0.75,1.1,3.7,,-8.204324,,,,
ACWI,SPY,0.97,1.05,0.44,0.054545,,,,,
ACWX,SPY,0.91,1.13,0.51,0.537843,,,,,
AD,NONE,0.79,0.94,0.79,,,,,,
ADBE,SPY,0.79,0.94,0.79,,-0.726329,,,,
ADBG,SPY,0.8,1.56,1.52,,-1.173947,,,,
ADC,IWM,-0.19,0.0,0.46,0.391304,,,,,
ADEA,IWM,0.91,0.97,2.66,,-0.05312,,,,
ADI,IWM,0.8,0.89,0.99,,-0.123838,,,,
ADM,IWM,0.22,0.11,1.03,0.145922,,,,,
ADMA,IWM,0.72,0.65,0.7,,-2.352143,,,,
ADNT,IWM,0.79,1.07,1.59,0.214151,,,,,
ADP,IWM,0.18,0.07,0.56,0.225179,,,,,
ADPT,IWM,0.89,1.57,1.34,-4.31791,,,,,
ADSE,IWM,0.26,0.43,2.03,,,,,,
ADSK,SPY,0.66,0.96,1.35,,-0.244444,,,,
ADUR,SPY,0.51,2.34,2.03,,-0.537044,,,,
ADUS,IWM,0.52,0.2,0.82,,,,,,
ADX,SPY,0.91,0.98,0.45,,,,,,
AEBI,IWM,0.61,0.52,1.64,,,,,,
AEE,IWM,0.01,0.05,0.38,0.459211,,,,,
AEHR,SPY,0.92,4.18,3.98,-1.474673,,,,,
AEIS,QQQ,0.93,1.91,2.19,,0.144475,,,,
AEM,GDX,0.97,0.87,1.58,,-0.102975,,,,
AEO,IWM,0.7,0.7,3.96,,-0.125505,,,,
AEP,IWM,0.04,0.07,0.65,0.246769,,,,,
AER,SPY,0.63,0.36,0.79,0.322025,,,,,
AES,IWM,0.87,1.14,1.83,0.665246,,,,,
AESI,XLE,0.82,1.71,2.27,-0.007093,,,,,
AETH,SPY,0.89,4.64,2.56,,,,,,
AEVA,SPY,0.89,4.64,2.56,-2.043906,,,,,
AEXA,SPY,0.59,0.9,1.14,0.131579,,,,,
AEYE,IWM,0.88,1.28,1.5,,-1.02,,,,
AFG,XLF,0.52,0.6,0.49,1.889796,,,,,
AFK,IWM,0.63,0.42,0.91,0.153846,,,,,
AFL,XLF,0.51,0.57,0.43,0.510465,,,,,
AFRM,SPY,0.9,3.04,2.51,-0.606375,,,,,
AFRU,SPY,0.86,4.21,3.96,,,,,,
AFYA,SPY,0.73,0.48,1.1,,,,,,
AGCO,SPY,0.69,0.94,0.83,,,,,,
AGD,SPY,0.83,1.17,0.75,0.8708,,,,,
AGG,SPY,0.44,0.18,0.16,1.2975,,,,,
AGI,GDX,0.98,0.99,2.0,,,,,,
AGIO,SPY,0.59,0.75,1.86,,,,,,
AGIQ,SPY,0.91,1.89,0.82,,,,,,
AGIX,QQQ,0.92,1.14,0.86,,0.212791,,,,
AGM,XLF,0.73,0.88,0.84,,,,,,
AGNCZ,NONE,0.24,0.19,0.55,,,,,,
AGNG,IWM,0.24,0.19,0.55,,,,,,
AGQ,IWM,0.54,2.33,3.15,,,,,,
AGX,SPY,0.91,3.19,2.19,,,,,,
AGYS,IWM,0.87,0.8,1.73,,,,,,
AHR,SPY,0.44,0.28,0.41,,,,,,
AI,IWM,0.9,1.65,2.01,-0.008955,,,,,
AIA,QQQ,0.86,1.91,1.08,0.151481,,,,,
AIBU,QQQ,0.97,2.84,2.24,,0.018393,,,,
AIEQ,SPY,0.95,0.96,0.49,,,,,,
AIG,XLF,0.49,0.59,0.6,0.678833,,,,,
AIIA.U,NONE,0.82,0.85,0.58,,,,,,
AIO,SPY,0.82,0.85,0.58,,,,,,
AIP,SPY,0.83,2.69,3.4,-0.588824,,,,,
AIPI,QQQ,0.96,0.76,0.54,1.556296,,,,,
AIPO,SPY,0.93,2.6,1.28,0.035937,,,,,
AIQ,SPY,0.97,2.11,0.98,,-0.471327,,,,
AIR,IWM,0.83,0.82,1.02,,,,,,
AIRO,IWM,0.89,1.9,3.8,0.472368,,,,,
AIRR,IWM,0.97,1.03,0.76,1.456579,,,,,
AIS,IWM,0.92,1.56,1.81,,,,,,
AIT,IWM,0.87,0.67,0.75,0.981467,,,,,
AIZ,XLF,0.57,0.54,0.56,,,,,,
AJG,XLF,0.18,0.15,1.05,,,,,,
AKAM,IWM,0.83,0.61,1.12,0.721696,,,,,
AKR,IWM,0.55,0.31,0.56,,,,,,
AKRE,IWM,0.75,0.07,0.27,0.651111,,,,,
AKRO,IWM,0.3,0.07,2.57,,,,,,
AL,XLF,0.36,0.13,0.8,,,,,,
ALAB,IWM,0.86,3.04,3.43,,-0.133644,,,,
ALAI,QQQ,0.96,1.41,0.99,0.023636,,,,,
ALAR,SPY,0.42,0.78,2.04,,-0.175,,,,
ALB,IWM,0.74,2.14,2.32,2.236034,,,,,
ALC,IWM,0.3,0.29,1.53,-0.020719,,,,,
ALE,XLE,0.4,0.08,0.16,,-4.2825,,,,
ALEX,SPY,0.5,0.1,0.49,0.116327,,,,,
ALG,IWM,0.75,0.47,0.68,1.031912,,,,,
ALGM,IWM,0.95,1.8,1.89,,0.133333,,,,
ALGN,IWM,0.78,0.98,1.51,,0.320397,,,,
ALGT,IWM,0.85,1.34,1.27,-3.89937,,,,,
ALH,SPY,0.42,0.38,1.15,,,,,,
ALHC,SPY,0.08,0.24,1.38,,0.006087,,,,
ALK,IWM,0.87,1.01,1.28,0.030156,,,,,
ALKS,SPY,0.28,0.49,2.56,,,,,,
ALKT,SPY,0.89,2.17,1.35,-0.724741,,,,,
ALL,XLF,0.35,0.54,0.7,2.993714,,,,,
ALLE,IWM,0.75,0.48,0.52,0.597692,,,,,
ALLW,IWM,0.71,0.4,0.31,0.580645,,,,,
ALLY,XLF,0.87,1.65,1.0,,0.427,,,,
ALMU,SPY,0.93,2.83,2.44,2.07959,,,,,
ALNT,SPY,0.91,1.78,1.2,,-8.0185,,,,
ALNY,IWM,0.49,0.47,1.05,-0.115048,,,,,
ALRM,IWM,0.9,0.53,0.68,,,,,,
ALSN,SPY,0.9,1.13,0.91,1.890879,,,,,
ALTY,IWM,0.69,0.68,0.82,,,,,,
ALV,IWM,0.69,0.68,0.82,,-0.319512,,,,
ALX,IWM,0.65,0.36,0.49,,,,,,
AM,XLE,0.81,0.52,0.47,,,,,,
AMAL,KRE,0.95,1.07,0.64,0.011719,,,,,
AMAT,SOXL,0.88,0.31,2.5,0.2546,,,,,
AMBA,SPY,0.95,3.23,2.83,0.863357,,,,,
AMBQ,IWM,0.74,0.78,1.71,0.049942,,,,,
AMD,IWM,0.61,1.4,5.08,,-0.251181,,,,
AMDD,QQQ,-0.57,-1.8,5.07,,-0.297041,,,,
AMDG,SPY,0.6,4.56,10.2,,-0.959882,,,,
AMDL,SPY,0.6,4.87,10.16,,-0.876791,,,,
AMDU,SPY,0.49,4.14,9.99,-0.623183,,,,,
AMDW,IWM,0.58,1.56,5.89,-0.329643,,,,,
AME,IWM,0.83,0.5,0.91,,,,,,
AMG,XLF,0.73,1.48,0.82,-0.050244,,,,,
AMGN,IWM,0.4,0.17,0.51,0.361176,,,,,
AMH,IWM,0.3,0.05,0.36,0.504167,,,,,
AMKR,SPY,0.9,3.32,2.81,0.478719,,,,,
AMLP,QQQ,0.67,0.19,0.28,,0.7825,,,,
AMN,IWM,0.8,0.89,1.2,,-1.032917,,,,
AMP,XLF,0.89,1.1,0.66,,-0.10303,,,,
AMPH,IWM,0.19,0.04,1.11,0.177658,,,,,
AMPL,SPY,0.9,2.44,1.42,7.322535,,,,,
AMR,IWM,0.79,1.56,1.63,,-7.182331,,,,
AMRC,IWM,0.87,2.11,3.18,,,,,,
AMRK,IWM,0.84,1.35,1.7,1.003235,,,,,
AMRN,SPY,0.54,0.16,0.96,,,,,,
AMRZ,IWM,0.49,0.27,1.15,,-0.364696,,,,
AMSC,SPY,0.92,4.14,4.14,,-26.833768,,,,
AMSF,XLF,0.68,0.28,0.42,0.690476,,,,,
AMT,IWM,-0.2,0.15,0.67,0.197015,,,,,
AMTM,IWM,0.78,0.92,0.99,,-0.022626,,,,
AMUU,SPY,0.6,4.87,10.17,,-1.163245,,,,
AMWD,IWM,0.82,0.95,1.13,,-0.103097,,,,
AMX,SPY,0.75,0.82,0.63,0.264127,,,,,
AMYY,IWM,0.55,0.59,1.31,,,,,,
AMZA,IWM,0.44,0.0,0.44,0.0,,,,,
AMZD,IWM,-0.62,-0.54,1.8,,,,,,
AMZN,SPY,0.79,1.09,1.78,,-0.185169,,,,
AMZP,SPY,0.72,1.2,1.35,,0.617778,,,,
AMZU,IWM,0.68,1.03,3.56,,-0.218511,,,,
AMZW,IWM,0.71,0.51,2.17,,,,,,
AMZY,SPY,0.8,0.73,1.31,,-1.02229,,,,
AMZZ,IWM,0.67,1.06,3.5,,,,,,
AN,IWM,0.63,0.96,0.75,,-2.5248,,,,
ANAB,IWM,0.44,0.45,3.34,,,,,,
ANDE,IWM,0.55,0.34,0.6,0.324,,,,,
ANEL,QQQ,0.89,3.57,3.93,0.388092,,,,,
ANET,QQQ,0.88,1.66,1.73,0.30185,,,,,
ANF,IWM,0.73,0.67,1.5,,-0.2372,,,,
ANGI,SPY,0.87,2.06,1.4,2.711571,,,,,
ANGL,SPY,0.82,0.23,0.14,,1.416429,,,,
ANGX,KWEB,0.24,0.19,9.39,,-0.235538,,,,
ANIP,SPY,0.46,0.29,1.15,,,,,,
ANTA,SPY,0.94,0.71,0.34,,,,,,
AOA,SPY,0.94,0.71,0.34,0.295,,,,,
AOK,SPY,0.88,0.4,0.24,0.991667,,,,,
AOM,SPY,0.83,0.43,0.23,0.528696,,,,,
AON,XLF,0.19,0.31,0.56,0.060536,,,,,
AOR,SPY,0.96,0.63,0.31,0.524516,,,,,
AORT,IWM,0.49,0.36,0.71,,,,,,
AOS,IWM,0.42,0.24,0.48,0.786667,,,,,
AOSL,SOXL,0.94,0.39,3.74,,-2.511952,,,,
AOTG,SPY,0.85,1.75,1.01,,,,,,
APA,XLE,0.92,1.91,1.47,8.52483,,,,,
APAM,XLF,0.86,1.26,0.58,,0.218621,,,,
APD,IWM,0.79,0.54,0.75,3.8616,,,,,
APED,IWM,0.75,4.01,4.36,,,,,,
APEI,SPY,0.56,0.3,1.84,,,,,,
APG,SPY,0.94,1.44,0.71,0.535775,,,,,
APGE,IWM,0.73,0.82,0.85,,-0.781882,,,,
APH,SPY,0.9,1.32,1.51,0.431523,,,,,
APLD,IWM,0.9,3.35,4.36,1.316743,,,,,
APLE,SPY,0.74,0.73,0.68,1.261912,,,,,
APLS,IWM,0.51,0.45,2.37,,,,,,
APLX,QQQ,0.91,9.51,9.24,1.456591,,,,,
APLY,SPY,0.81,0.65,0.59,,-1.420339,,,,
APO,SPY,0.86,1.98,1.19,,0.641849,,,,
APOG,IWM,0.87,0.85,0.67,,,,,,
APP,SPY,0.89,2.77,1.99,7.745075,,,,,
APPF,SPY,0.55,0.2,1.07,,,,,,
APPN,SPY,0.88,1.52,1.35,10.402074,,,,,
APPX,SPY,0.87,5.73,4.05,14.935037,,,,,
APTV,IWM,0.83,0.6,1.01,,,,,,
APXTU,NONE,0.69,0.37,0.62,,,,,,
AQWA,IWM,0.69,0.37,0.62,0.435161,,,,,
AR,XLE,0.79,1.41,1.34,0.798657,,,,,
ARCB,IWM,0.75,0.76,1.12,,-3.0625,,,,
ARCC,SPY,0.72,0.4,0.32,-0.01875,,,,,
ARCT,QQQ,0.67,1.54,7.21,,,,,,
ARCX,IWM,0.86,6.2,5.55,0.378739,,,,,
ARDT,IWM,0.46,0.25,4.22,,,,,,
ARE,SPY,0.64,1.04,1.63,,,,,,
ARES,SPY,0.85,1.7,0.99,,,,,,
ARGT,SPY,0.87,1.31,2.78,,-0.139245,,,,
ARGX,QQQ,0.19,0.53,1.14,0.215175,,,,,
ARKB,IWM,0.73,1.93,1.83,,-0.945738,,,,
ARKF,IWM,0.94,1.52,1.16,,-1.01931,,,,
ARKG,IWM,0.92,1.48,1.18,,-0.901017,,,,
ARKK,IWM,0.93,1.76,1.37,,-0.241168,,,,
ARKQ,SPY,0.94,2.62,1.33,-0.281203,,,,,
ARKW,QQQ,0.95,1.88,1.24,-0.977097,,,,,
ARKX,QQQ,0.93,1.43,1.1,-0.392818,,,,,
ARLO,IWM,0.9,1.26,1.27,-0.919843,,,,,
ARLP,SPY,0.32,0.13,0.81,0.204444,,,,,
ARM,QQQ,0.89,2.14,1.59,6.032579,,,,,
ARMG,QQQ,0.89,4.36,3.31,11.808943,,,,,
ARMK,IWM,0.7,0.25,0.41,0.939024,,,,,
ARMU,SPY,0.91,6.73,3.62,12.75779,,,,,
ARMW,QQQ,0.93,3.38,3.68,,,,,,
AROC,SPY,0.78,0.95,0.77,,0.293506,,,,
ARQQ,IWM,0.88,3.59,3.42,2.351491,,,,,
ARQT,IWM,0.71,0.46,2.1,,-0.34581,,,,
ARR,SPY,0.86,0.54,0.37,,1.105946,,,,
ARTY,QQQ,0.96,1.64,1.18,0.092203,,,,,
ARW,SPY,0.89,1.5,1.01,,0.326733,,,,
ARWR,IWM,0.76,1.29,1.57,0.032484,,,,,
ARX,IWM,0.51,0.84,1.16,0.155172,,,,,
AS,SPY,0.81,1.72,1.7,,-0.609882,,,,
ASA,IWM,0.43,0.89,1.56,0.503333,,,,,
ASAN,IWM,0.91,1.69,1.39,0.003453,,,,,
ASB,KRE,0.94,0.89,0.6,,,,,,
ASC,SPY,0.17,0.2,0.86,,,,,,
ASGI,IWM,0.55,0.16,0.29,,,,,,
ASGN,IWM,0.8,0.77,1.17,,-0.058034,,,,
ASH,IWM,0.84,0.77,0.76,1.238816,,,,,
ASHR,QQQ,0.66,0.93,1.18,1.086102,,,,,
ASHS,NONE,0.88,0.8,0.7,,,,,,
ASIX,IWM,0.88,0.8,0.7,,,,,,
ASMB,IWM,0.66,0.63,1.11,,,,,,
ASMG,QQQ,0.76,2.75,3.4,-0.479412,,,,,
ASML,SOXL,0.8,0.31,1.7,0.310824,,,,,
ASND,IWM,0.01,-0.01,0.86,0.207442,,,,,
ASO,IWM,0.83,0.96,1.11,,-0.781982,,,,
ASR,IWM,0.45,0.38,0.62,,,,,,
ASTE,IWM,0.9,0.85,0.72,1.575694,,,,,
ASTH,IWM,0.63,0.5,1.22,,,,,,
ASTS,SPY,0.84,4.53,3.82,-2.593351,,,,,
ASTX,SPY,0.84,8.71,7.75,-4.374981,,,,,
ATAT,IWM,0.66,0.84,1.22,-0.229508,,,,,
ATEC,SPY,0.51,0.8,2.9,-0.298621,,,,,
ATEN,SPY,0.94,1.31,0.86,-1.425,,,,,
ATEX,IWM,0.78,0.62,1.37,,,,,,
ATFV,QQQ,0.95,1.31,0.99,,,,,,
ATGE,SPY,0.67,0.63,1.18,0.212542,,,,,
ATGL,IWM,-0.23,-1.48,5.34,,,,,,
ATI,SPY,0.89,1.34,1.38,0.664783,,,,,
ATKR,IWM,0.9,1.09,0.82,,,,,,
ATLC,SPY,0.72,0.97,1.06,,,,,,
ATMU,IWM,0.9,0.79,0.82,1.472683,,,,,
ATMV,XLF,0.16,-0.33,12.23,,,,,,
ATO,XLE,0.01,0.15,0.49,,0.455102,,,,
ATR,IWM,0.33,0.24,0.98,,,,,,
ATRA,IWM,0.75,1.12,1.53,0.666667,,,,,
ATRC,IWM,0.84,0.64,0.83,,-0.571566,,,,
ATRO,SPY,0.87,2.09,1.84,-0.695326,,,,,
AU,GDX,0.96,1.22,2.35,0.552,,,,,
AUB,KRE,0.91,1.01,0.74,,-0.231757,,,,
AUGO,GDX,0.9,1.13,2.22,-0.637387,,,,,
AUMI,IWM,0.58,1.5,2.0,,,,,,
AUPH,IWM,0.71,0.49,1.14,,0.157895,,,,
AURU,SPY,0.91,6.07,4.23,,,,,,
AVA,XLE,0.02,-0.08,0.43,,-1.656744,,,,
AVAV,SPY,0.81,2.87,1.76,0.199375,,,,,
AVB,IWM,0.24,0.16,0.56,,,,,,
AVBP,IWM,0.78,0.54,0.82,0.509268,,,,,
AVDL,IWM,0.41,0.27,2.7,,,,,,
AVDV,QQQ,0.82,0.55,0.57,0.887719,,,,,
AVEM,QQQ,0.88,1.33,0.78,,0.358846,,,,
AVGG,IWM,0.76,2.15,5.13,,0.169201,,,,
AVGO,SPY,0.8,2.07,2.56,0.341602,,,,,
AVGU,SPY,0.71,4.33,5.32,,1.061861,,,,
AVGW,SPY,0.78,2.77,2.8,-0.015679,,,,,
AVGX,IWM,0.75,2.33,5.18,,0.390097,,,,
AVL,SPY,0.76,3.98,5.15,,0.631922,,,,
AVNS,SPY,0.6,0.48,1.35,0.612444,,,,,
AVNT,IWM,0.87,0.92,0.96,,-0.607917,,,,
AVNW,SPY,0.85,1.43,1.31,,,,,,
AVO,SPY,0.31,0.19,0.59,,,,,,
AVPT,SPY,0.8,1.48,1.24,,-1.717097,,,,
AVS,QQQ,-0.74,-1.7,2.6,0.157692,,,,,
AVT,IWM,0.84,0.57,1.05,0.171429,,,,,
AVTR,IWM,0.68,0.81,2.46,,-0.213089,,,,
AVUV,IWM,0.97,0.75,0.51,0.661765,,,,,
AVXL,IWM,0.54,0.35,6.02,,,,,,
AVXX,SPY,0.51,0.42,0.55,,,,,,
AVY,SPY,0.51,0.42,0.55,,,,,,
AWAY,IWM,0.73,0.42,0.52,,,,,,
AWI,IWM,0.73,0.42,0.52,,,,,,
AWK,IWM,-0.25,-0.03,0.57,0.308421,,,,,
AWR,IWM,-0.11,0.09,0.6,0.380333,,,,,
AX,KRE,0.92,0.99,0.76,0.442632,,,,,
AXGN,SPY,0.67,0.76,1.81,,,,,,
AXON,SPY,0.87,1.43,2.61,,-0.868467,,,,
AXP,XLF,0.89,1.17,0.6,,0.353167,,,,
AXS,XLF,0.51,0.64,0.61,0.846557,,,,,
AXSM,IWM,0.45,0.17,1.14,0.15193,,,,,
AXTA,IWM,0.83,0.94,0.85,,,,,,
AXUP,QQQ,0.56,1.23,6.38,,0.236191,,,,
AYI,IWM,0.91,0.88,1.0,1.1164,,,,,
AZN,SPY,0.16,0.12,1.11,0.562162,,,,,
AZO,IWM,-0.17,0.0,0.61,0.229508,,,,,
AZTA,IWM,0.82,0.97,1.04,,-0.686154,,,,
AZYY,SPY,0.66,0.66,0.85,,,,,,
AZZ,SPY,0.85,0.85,1.48,,,,,,
B,GDX,0.95,0.73,1.79,,-0.311732,,,,
BA,SPY,0.88,0.96,0.84,0.475714,,,,,
BABA,KWEB,0.91,1.43,2.44,0.927131,,,,,
BABO,SPY,0.69,2.49,1.8,1.259167,,,,,
BABW,IWM,0.69,4.92,4.9,,,,,,
BABX,IWM,0.69,4.92,4.9,4.936653,,,,,
BAC,KRE,0.86,0.67,0.61,2.267049,,,,,
BAC/PP,SPY,0.66,0.44,0.3,1.174667,,,,,
BAC/PQ,SPY,0.64,0.45,0.33,,,,,,
BACQ,SPY,0.69,0.29,0.54,0.626852,,,,,
BAGY,IWM,0.73,1.78,1.63,,,,,,
BAH,IWM,0.22,0.16,1.05,,,,,,
BAI,QQQ,0.97,2.21,1.4,0.297714,,,,,
BAIG,IWM,0.83,6.68,7.64,-3.06288,,,,,
BALI,QQQ,0.97,0.61,0.39,,0.662308,,,,
BALL,IWM,0.54,0.44,0.69,0.71942,,,,,
BAM,SPY,0.9,1.5,0.76,-1.125,,,,,
BANC,KRE,0.93,1.17,0.85,0.540824,,,,,
BAND,IWM,0.91,1.16,1.01,-0.941386,,,,,
BANF,KRE,0.86,0.74,0.45,,-1.699556,,,,
BANR,KRE,0.92,0.78,0.5,,-0.4444,,,,
BAP,SPY,0.64,0.61,0.94,0.561915,,,,,
BAR,IWM,0.53,0.82,1.0,0.344,,,,,
BATRA,IWM,0.6,0.15,0.73,0.268493,,,,,
BATRK,IWM,0.68,0.2,0.45,0.431111,,,,,
BAX,IWM,0.55,0.35,2.0,0.0795,,,,,
BBAR,SPY,0.72,2.44,6.39,,-0.556933,,,,
BBC,IWM,0.81,1.19,1.05,1.37219,-0.469905,,0.2,,09:00
BBIO,IWM,0.76,0.38,1.3,,,,,,
BBJP,IWM,0.63,0.51,0.8,0.613875,,,,,
BBLU,SPY,0.94,0.78,0.43,,,,,,
BBNX,SPY,0.54,0.78,2.22,0.215135,,,,,
BBSI,IWM,0.72,0.34,0.46,-0.443913,,,,,
BBT,KRE,0.79,0.8,0.68,,,,,,
BBU,SPY,0.58,1.36,1.58,,,,,,
BBUC,SPY,0.77,1.25,1.49,,-0.729866,,,,
BBVA,SPY,0.36,0.87,1.23,,0.503902,,,,
BBW,SPY,0.84,1.55,2.6,,-0.419231,,,,
BBWI,IWM,0.74,0.58,1.14,0.285088,,,,,
BBY,IWM,0.78,0.61,0.93,0.203011,,,,,
BBYY,IWM,0.85,1.0,0.92,,,,,,
BC,IWM,0.85,1.0,0.92,0.25,,,,,
BCAL,XLF,0.85,1.34,0.66,,0.095455,,,,
BCAT,SPY,0.83,0.67,0.35,0.428571,,,,,
BCAX,IWM,0.7,0.86,1.38,,,,,,
BCC,IWM,0.56,0.53,1.12,,,,,,
BCCC,IWM,0.76,1.16,1.33,,,,,,
BCE,IWM,0.54,0.34,0.58,2.039655,,,,,
BCH,SPY,0.84,0.91,0.69,1.760435,,,,,
BCI,IWM,0.52,0.16,0.49,0.367347,,,,,
BCIC,BITO,0.22,0.08,0.59,,,,,,
BCO,IWM,0.78,0.54,0.58,0.186207,,,,,
BCPC,IWM,0.64,0.36,0.38,0.123158,,,,,
BCS,SPY,0.68,1.14,1.27,1.509449,,,,,
BCSF,XLF,0.69,0.42,0.42,-0.019524,,,,,
BDC,IWM,0.94,1.0,0.85,,,,,,
BDCI,SPY,0.87,0.1,11632.74,,,,,,
BDX,IWM,0.33,0.13,0.93,,-0.748602,,,,
BE,IWM,0.89,3.8,4.79,,,,,,
BEAM,IWM,0.75,1.27,1.76,-0.056477,,,,,
BEGS,IWM,0.74,2.94,2.77,,,,,,
BEKE,SPY,0.53,1.49,1.58,1.877278,,,,,
BELFB,SPY,0.85,1.63,0.86,0.022791,,,,,
BEN,SPY,0.81,1.1,0.6,0.415,,,,,
BEP,SPY,0.8,0.7,1.18,0.4,,,,,
BEPC,IWM,0.85,0.76,1.07,0.977944,,,,,
BETA,SPY,1.0,1.55,1.89,2.064021,,,,,
BETE,IWM,0.66,3.34,2.36,,,,,,
BETH,QQQ,0.83,2.39,1.93,,,,,,
BETR,SPY,0.59,3.01,5.68,0.763011,,,,,
BETZ,IWM,0.74,0.55,0.64,,,,,,
BF.A,IWM,0.34,0.19,0.74,,,,,,
BF.B,IWM,0.51,0.51,0.85,,-0.430235,,,,
BFAM,SPY,0.02,0.0,1.19,,,,,,
BFC,KRE,0.93,0.73,0.49,,,,,,
BFH,SPY,0.89,1.23,0.86,,0.331744,,,,
BG,IWM,0.52,0.25,1.1,0.475,,,,,
BGL,GDX,0.28,0.45,2.37,0.245781,,,,,
BGLD,IWM,0.25,0.36,0.48,0.375,,,,,
BGMS,IWM,0.26,0.0,3.16,,,,,,
BHF,XLF,0.77,1.14,4.63,6.612009,,,,,
BHP,IWM,0.74,0.92,1.25,0.30592,,,,,
BHRB,KRE,0.84,0.73,0.57,-0.326667,,,,,
BHVN,IWM,0.61,1.51,5.63,0.933144,,,,,
BIB,QQQ,0.76,1.23,1.04,,,,,,
BIDU,KWEB,0.83,1.47,2.5,1.33948,,,,,
BIGY,SPY,0.94,1.04,0.5,,,,,,
BIIB,IWM,0.31,0.24,0.82,0.661463,,,,,
BIL,SPY,0.15,0.03,0.01,,15.03,,,,
BILI,KWEB,0.77,1.33,2.85,,,,,,
BILL,IWM,0.84,1.03,2.27,0.569339,,,,,
BILS,IWM,-0.09,0.0,0.01,18.0,,,,,
BINC,SPY,0.72,0.12,0.08,,2.04,,,,
BIO,IWM,0.69,0.56,0.77,,-0.151688,,,,
BIP,SPY,0.52,0.38,0.62,0.223548,,,,,
BIPC,IWM,0.71,0.5,0.44,0.215909,,,,,
BIRK,IWM,0.64,0.66,0.92,,-0.715435,,,,
BIT,QQQ,0.55,0.25,0.51,,0.617647,,,,
BITB,IWM,0.73,1.95,1.85,,-0.81973,,,,
BITC,IWM,0.3,0.14,0.95,,,,,,
BITI,SPY,-0.67,-2.61,1.86,,-1.322581,,,,
BITK,IWM,0.69,1.9,2.05,,,,,,
BITO,IWM,0.73,2.01,1.86,,-0.962258,,,,
BITQ,IWM,0.92,2.94,2.11,,-2.650711,,,,
BITS,IWM,0.73,4.02,3.66,,,,,,
BITU,IWM,0.73,4.02,3.66,,-2.048689,,,,
BITX,IWM,0.78,4.0,3.71,,-1.881402,,,,
BITY,IWM,0.74,1.84,1.74,,,,,,
BIV,SPY,0.47,0.1,0.16,,1.15625,,,,
BIZD,IWM,0.76,0.35,0.31,,0.422581,,,,
BJ,IWM,-0.46,-0.15,1.05,0.442857,,,,,
BJRI,IWM,0.76,0.69,2.65,,,,,,
BK,XLF,0.88,0.96,0.49,,,,,,
BKCH,IWM,0.91,3.48,2.79,-2.644014,,,,,
BKE,SPY,0.79,0.97,0.69,,0.02058,,,,
BKH,IWM,0.23,0.08,0.41,,,,,,
BKIE,NONE,0.75,0.13,0.06,,,,,,
BKLN,SPY,0.75,0.13,0.06,,2.608333,,,,
BKNG,SPY,0.58,0.33,0.53,,0.00283,,,,
BKR,XLE,0.94,1.18,0.71,,0.475211,,,,
BKSY,IWM,0.92,3.0,3.45,-15.86087,,,,,
BKTI,SPY,0.6,1.09,3.13,,2.98361,,,,
BKU,KRE,0.94,1.14,0.71,,1.031549,,,,
BL,IWM,0.82,0.58,1.28,,,,,,
BLBD,IWM,0.89,0.69,0.76,0.572763,,,,,
BLCN,IWM,0.75,0.48,0.97,,,,,,
BLCO,IWM,0.75,0.48,0.97,,,,,,
BLD,SPY,0.74,0.84,0.93,0.495914,,,,,
BLDR,IWM,0.62,1.12,1.16,0.00069,,,,,
BLFS,IWM,0.85,0.79,0.77,,,,,,
BLK,XLF,0.87,1.52,0.56,-0.799286,,,,,
BLKB,IWM,0.76,0.43,0.72,-0.3925,,,,,
BLOK,IWM,0.93,1.9,1.48,-0.379054,,,,,
BLOX,QQQ,0.94,2.82,2.0,,-0.162,,,,
BLSG,IWM,0.65,8.42,4.99,,,,,,
BLSH,IWM,0.74,2.19,2.62,0.210802,,,,,
BLSX,IWM,0.88,10.06,7.04,,,,,,
BLV,QQQ,0.3,0.29,0.35,1.141429,,,,,
BLX,XLF,0.84,1.13,0.39,,,,,,
BMA,SPY,0.67,1.25,5.95,,,,,,
BMEZ,QQQ,0.67,0.28,0.5,0.5008,,,,,
BMI,IWM,0.84,0.86,0.76,,,,,,
BMNG,IWM,0.93,11.1,8.11,-6.766461,,,,,
BMNR,BITO,0.86,1.65,3.34,,-0.758832,,,,
BMNU,IWM,0.94,9.62,7.06,,-5.275042,,0.2,,
BMO,SPY,0.79,0.7,0.43,0.365116,,,,,
BMRC,NONE,0.35,0.41,0.58,,,,,,
BMRN,SPY,0.35,0.41,0.58,,-0.773448,,,,
BMY,IWM,0.1,-0.02,0.53,0.344528,,,,,
BN,SPY,0.84,1.21,0.74,,,,,,
BNC,IWM,0.69,2.68,3.83,0.291906,,,,,
BND,IWM,0.32,0.07,0.15,1.335333,,,,,
BNDW,SPY,0.49,0.11,0.12,1.314167,,,,,
BNDX,SPY,0.27,0.02,0.12,,1.256667,,,,
BNKU,IWM,0.74,1.26,1.75,,,,,,
BNL,IWM,0.21,0.13,0.46,0.16913,,,,,
BNO,SPY,0.36,0.37,1.11,,,,,,
BNS,SPY,0.66,0.34,0.48,0.532083,,,,,
BNTC,IWM,0.62,0.76,3.29,,-3.551246,,,,
BNTX,IWM,0.34,0.52,1.55,0.112774,,,,,
BOAT,IWM,0.55,0.45,0.67,0.100746,,,,,
BOC,IWM,0.6,0.26,0.82,,,,,,
BOEG,SPY,0.81,2.08,2.16,0.887963,,,,,
BOEU,SPY,0.86,2.4,1.96,1.190816,,,,,
BOIL,QQQ,0.05,-0.64,2.83,,-0.534841,,,,
BOKF,KRE,0.91,0.71,0.53,,,,,,
BOND,QQQ,0.19,0.03,0.17,,1.480588,,,,
BOOT,SPY,0.8,1.12,1.18,,,,,,
BOTT,SPY,0.8,3.14,1.9,,,,,,
BOTZ,QQQ,0.91,1.2,0.92,,-0.208696,,,,
BOX,IWM,0.42,0.12,1.09,,,,,,
BOXX,SPY,0.28,0.02,0.01,,15.04,,,,
BP,XLE,0.78,1.03,0.86,,-0.437209,,,,
BPAY,KRE,0.91,0.72,0.47,,,,,,
BPOP,KRE,0.91,0.72,0.47,,,,,,
BR,XLF,0.7,0.64,0.47,,-0.508085,,,,
BRBI,SPY,0.62,0.98,26.45,,,,,,
BRBR,SPY,0.22,0.22,0.66,0.227273,,,,,
BRCB,IWM,0.5,0.68,1.44,0.498056,,,,,
BRK.B,XLF,0.69,0.4,0.3,-0.133333,,,,,
BRKC,IWM,-0.08,-0.02,0.44,,,,,,
BRKR,IWM,0.62,0.79,1.77,-0.05452,,,,,
BRKU,IWM,0.08,0.1,0.58,,0.267241,,,,
BRKW,IWM,0.12,0.15,0.43,,,,,,
BRO,XLF,0.13,0.31,0.53,,-0.41566,,,,
BROS,IWM,0.86,1.29,1.18,1.420678,,,,,
BRR,BITO,0.35,0.0,0.17,7.941176,,,,,
BRRR,IWM,0.73,1.95,1.84,,-0.983152,,,,
BRSL,IWM,0.9,0.77,0.65,0.961692,,,,,
BRX,IWM,0.56,0.22,0.43,0.38186,,,,,
BRZE,IWM,0.92,1.17,2.51,,,,,,
BRZU,SPY,0.86,2.58,1.68,1.993571,,,,,
BSAC,SPY,0.71,0.85,0.8,1.218125,,,,,
BSCQ,IWM,0.35,0.03,0.05,3.66,,,,,
BSCR,SPY,0.62,0.15,0.06,2.775,,,,,
BSCS,SPY,0.45,0.08,0.08,1.995,,,,,
BSCT,IWM,0.57,0.05,0.1,0.795,,,,,
BSCU,SPY,0.6,0.2,0.13,1.523077,,,,,
BSJP,IWM,0.16,0.0,0.04,4.5,,,,,
BSM,SPY,0.74,0.23,0.51,,-0.585294,,,,
BSOL,QQQ,0.9,3.49,3.39,,-2.44118,,,,
BST,QQQ,0.88,0.57,0.48,0.749375,,,,,
BSTZ,SPY,0.89,0.92,0.58,,,,,,
BSV,SPY,0.42,0.01,0.07,2.162857,,,,,
BSX,IWM,0.07,0.06,0.53,0.283019,,,,,
BSY,SPY,0.83,0.48,0.93,,-0.63871,,,,
BTAL,QQQ,-0.84,-0.76,0.68,1.113529,,,,,
BTC,IWM,0.79,1.96,1.83,,-0.833443,,,,
BTCC,QQQ,0.81,1.47,1.29,,,,,,
BTCI,IWM,0.77,1.69,1.54,-0.51961,,,,,
BTCL,IWM,0.78,3.98,3.65,,-2.543288,,,,
BTCO,IWM,0.73,2.04,1.86,,-0.989032,,,,
BTCW,IWM,0.74,1.93,1.87,,-0.801658,,,,
BTDR,SPY,0.79,4.84,5.11,-1.040939,,,,,
BTF,SPY,0.74,4.15,2.15,-3.288837,,,,,
BTFX,QQQ,0.76,3.94,3.77,,,,,,
BTGD,IWM,0.73,2.85,2.33,-0.730043,,,,,
BTI,SPY,-0.02,-0.19,0.92,,,,,,
BTOP,IWM,0.4,0.12,1.33,,,,,,
BTSG,SPY,0.6,0.81,1.3,0.458077,,,,,
BTU,IWM,0.69,1.7,1.66,1.941566,,,,,
BUD,SPY,-0.09,0.0,0.74,,0.202703,,,,
BUG,SPY,0.92,1.27,0.76,,-1.640789,,,,
BUI,QQQ,0.65,0.29,0.32,1.535938,,,,,
BULG,SPY,0.86,3.94,3.77,3.133263,,,,,
BULL,SPY,0.92,2.34,1.61,2.433168,,,,,
BULU,IWM,0.77,4.46,4.05,,,,,,
BULX,IWM,0.77,3.93,4.63,,,,,,
BULZ,QQQ,0.97,4.75,3.35,1.021642,,,,,
BUR,SPY,0.8,1.39,1.12,-1.045089,,,,,
BURL,IWM,0.75,0.45,1.28,,-0.085547,,,,
BUSE,KRE,0.88,0.87,0.76,,,,,,
BUXX,IWM,0.03,0.0,0.09,4.0,-3.0,2.7,0.4,,09:00
BUZZ,QQQ,0.94,1.69,1.3,0.470615,,,,,
BV,IWM,0.81,0.47,0.51,,,,,,
BVN,GDX,0.96,0.99,1.88,-0.013777,,,,,
BWA,IWM,0.71,0.63,0.75,0.2568,,,,,
BWAY,SPY,0.46,0.45,1.75,,0.211714,,,,
BWB,KRE,0.85,0.78,1.07,,,,,,
BWIN,XLF,0.6,1.01,1.04,,,,,,
BWLP,SPY,0.66,0.95,1.54,-0.402273,,,,,
BWMN,IWM,0.86,0.79,1.0,,-7.3176,,,,
BWX,IWM,0.24,0.04,0.28,0.575714,,,,,
BWXT,SPY,0.74,1.49,1.41,,,,,,
BX,SPY,0.91,1.5,0.76,,0.572368,,,,
BXMT,XLF,0.59,0.42,0.58,-0.166897,,,,,
BXP,IWM,0.6,0.58,0.73,0.946027,,,,,
BXSL,SPY,0.8,0.6,0.39,0.676923,,,,,
BYD,SPY,0.84,0.68,0.54,2.544444,,,,,
BYRN,SPY,0.9,1.63,2.11,0.241043,,,,,
BZ,KWEB,0.79,0.54,1.32,,-0.706515,,,,
BZH,IWM,0.7,0.86,1.79,0.074078,,,,,
C,SPY,0.92,1.0,0.57,-0.175439,,,,,
CAAP,SPY,0.67,0.76,2.19,,,,,,
CABO,IWM,0.48,0.32,0.96,,,,,,
CACC,SPY,0.74,0.81,0.97,1.766289,,,,,
CACI,IWM,0.54,0.42,0.72,,,,,,
CADE,KRE,0.95,0.98,0.77,,0.584935,,,,
CAE,SPY,0.87,1.05,0.68,-0.057353,,,,,
CAG,IWM,0.19,0.16,0.56,0.17,,,,,
CAH,IWM,0.19,0.02,1.35,0.139852,,,,,
CAI,SPY,0.74,1.09,1.23,2.523496,,,,,
CAIE,SPY,0.93,1.1,0.51,0.768627,,,,,
CAKE,IWM,0.7,0.42,0.68,-0.118235,,,,,
CAL,IWM,0.8,1.36,2.03,,,,,,
CALF,IWM,0.92,0.53,0.45,0.894667,,,,,
CALM,IWM,0.17,0.03,1.15,0.15,,,,,
CALX,SPY,0.92,1.61,1.09,0.447798,,,,,
CAMT,QQQ,0.92,2.12,2.0,,-4.6924,,,,
CANE,SPY,0.37,0.51,0.93,,,,,,
CAR,IWM,0.64,0.55,1.3,,,,,,
CARG,SPY,0.86,1.23,0.78,2.037308,,,,,
CARL,IWM,0.8,0.82,0.86,,,,,,
CARR,IWM,0.8,0.82,0.86,,,,,,
CARS,SPY,0.79,1.17,1.9,8.977105,,,,,
CART,SPY,0.29,0.39,1.33,,,,,,
CASH,KRE,0.89,0.62,0.43,,-0.133023,,,,
CASY,SPY,0.31,0.19,0.52,0.080192,,,,,
CAT,IWM,0.9,0.93,1.09,0.762385,,,,,
CATY,KRE,0.9,0.83,0.6,,0.3955,,,,
CAVA,IWM,0.79,0.93,1.43,,,,,,
CB,XLF,0.24,0.58,0.59,0.26,,,,,
CBIO,IWM,0.25,0.83,1.5,,,,,,
CBLL,IWM,0.73,0.65,0.68,,,,,,
CBOE,XLF,-0.05,0.03,0.49,,0.234082,,,,
CBRE,SPY,0.64,0.75,0.56,1.611607,,,,,
CBRL,IWM,0.74,0.83,1.11,0.207027,,,,,
CBSH,KRE,0.92,0.64,0.47,,-0.631489,,,,
CBT,SPY,0.8,1.04,0.74,,0.258919,,,,
CBZ,IWM,0.31,0.2,0.68,0.076471,,,,,
CC,IWM,0.9,1.67,1.46,0.409247,,,,,
CCAP,SPY,0.48,0.19,0.5,,,,,,
CCB,KRE,0.88,0.84,0.73,0.214247,,,,,
CCCX,SPY,0.68,1.71,3.59,1.075404,,,,,
CCEP,IWM,-0.21,-0.06,0.62,0.39,,,,,
CCI,IWM,-0.28,-0.11,0.88,0.174091,,,,,
CCJ,SPY,0.85,2.32,2.61,,-0.795862,,,,
CCK,IWM,0.56,0.5,1.06,0.561321,,,,,
CCL,SPY,0.88,1.6,1.39,-0.870504,,,,,
CCOI,IWM,0.8,0.87,2.94,,-6.30398,,,,
CCRN,IWM,0.58,0.5,1.77,,,,,,
CCS,IWM,0.65,0.94,1.11,,,,,,
CCSI,SPY,0.89,1.47,0.87,0.341379,,,,,
CCUP,IWM,0.83,4.94,4.33,-1.313903,,,,,
CDLR,QQQ,0.4,0.28,1.54,,,,,,
CDNA,IWM,0.77,0.7,1.48,,,,,,
CDNS,SPY,0.86,1.58,1.15,,-1.05113,,,,
CDP,SPY,0.46,0.22,0.55,,,,,,
CDRE,NONE,0.64,1.14,12.96,,,,,,
CDTX,IWM,0.64,1.14,12.96,,,,,,
CDW,IWM,0.84,0.64,0.66,-0.173333,,,,,
CDX,SPY,0.52,0.32,0.35,0.264,,,,,
CE,IWM,0.9,1.41,1.68,0.45125,,,,,
CECO,SPY,0.9,1.51,2.4,,,,,,
CEF,IWM,0.52,0.94,1.16,0.592759,,,,,
CEFS,SPY,0.26,0.0,0.36,0.416667,,,,,
CEG,IWM,0.91,1.35,1.32,-0.231818,,,,,
CEGX,IWM,0.91,2.91,2.75,,-0.453055,,,,
CELC,SPY,0.59,1.44,6.64,,0.048614,,,,
CELH,IWM,0.61,0.91,2.95,-6.241119,,,,,
CELT,IWM,0.74,4.09,8.04,,,,,,
CENT,NONE,0.52,0.11,0.46,,,,,,
CENTA,IWM,0.52,0.11,0.46,-0.041522,,,,,
CENX,IWM,0.86,1.99,1.89,0.569048,,,,,
CEP,BITO,0.63,0.52,2.94,,0.333333,,,,
CEPI,IWM,0.86,1.27,1.05,0.824571,,,,,
CEPO,BITO,0.1,0.05,0.35,2.745714,,,,,
CEPT,SPY,0.46,0.62,1.12,0.371964,,,,,
CEPU,SPY,0.73,2.23,4.59,0.372767,,,,,
CEPV,SPY,1.0,0.64,0.31,0.529032,,,,,
CEVA,SOXL,0.9,0.31,2.01,0.346169,,,,,
CF,XLE,0.75,0.59,0.66,,-2.242121,,,,
CFG,KRE,0.91,0.91,0.7,-0.477286,,,,,
CFLT,SPY,0.87,2.11,2.5,1.78176,,,,,
CG,SPY,0.94,2.09,1.21,1.194876,,,,,
CGBD,SPY,0.72,0.38,0.4,-0.0145,,,,,
CGBL,SPY,0.96,0.72,0.35,0.84,,,,,
CGDG,IWM,0.88,0.41,0.38,1.116316,-1.095526,0.7;0.9,0.2–0.3,,09:00
CGDV,SPY,0.96,0.86,0.42,,0.398095,,,,
CGGR,SPY,0.98,1.45,0.68,,,,,,
CGNX,SPY,0.92,2.26,1.36,-1.435147,,,,,
CGON,IWM,0.78,1.29,1.32,0.5175,,,,,
CGW,SPY,0.67,0.49,0.4,1.02425,,,,,
CHA,IWM,0.56,0.85,1.35,,0.592963,,,,
CHAT,SPY,0.96,2.64,1.29,0.341395,,,,,
CHAU,QQQ,0.66,2.0,2.3,2.095652,,,,,
CHCI,SPY,0.54,0.97,1.26,,,,,,
CHCO,KRE,0.89,0.6,0.42,,,,,,
CHCT,IWM,0.56,0.43,0.56,1.304286,,,,,
CHD,IWM,-0.58,-0.27,0.91,0.186484,,,,,
CHDN,IWM,0.72,0.33,0.8,0.39825,,,,,
CHE,SPY,-0.02,0.1,0.58,,,,,,
CHEF,IWM,0.26,0.1,1.14,,,,,,
CHH,IWM,0.41,0.18,0.55,0.598545,,,,,
CHIQ,IWM,0.67,1.26,1.22,2.153934,,,,,
CHKP,IWM,0.52,0.28,1.25,,,,,,
CHOW,QQQ,0.01,0.57,3.44,,-1.032122,,,,
CHPX,IWM,0.85,2.65,2.81,,,,,,
CHPY,QQQ,0.92,1.45,1.11,0.307658,,,,,
CHRD,XLE,0.96,1.52,1.05,2.261714,,,,,
CHRW,IWM,0.51,0.23,1.99,,,,,,
CHTR,IWM,0.39,0.35,1.21,0.154545,,,,,
CHWY,IWM,0.45,0.36,1.63,0.278282,,,,,
CHY,SPY,0.73,0.49,0.41,,,,,,
CHYM,IWM,0.83,1.23,1.32,-1.615455,,,,,
CI,IWM,-0.31,-0.12,1.5,,0.12,,,,
CIB,QQQ,0.82,0.63,0.64,1.185,,,,,
CIBR,SPY,0.93,1.18,0.66,,-1.256667,,,,
CIEN,SOXL,0.88,0.29,3.09,0.514628,,,,,
CIGI,NONE,0.93,0.96,0.38,,,,,,
CII,SPY,0.93,0.96,0.38,-0.627368,,,,,
CIM,XLF,0.7,0.59,0.74,,-3.930405,,,,
CINF,XLF,0.67,0.65,0.42,,0.634524,,,,
CIVB,KRE,0.81,0.71,0.61,,,,,,
CIVI,XLE,0.95,2.33,1.43,3.221329,,,,,
CL,SPY,-0.53,-0.25,0.44,0.397727,,,,,
CLB,XLE,0.93,1.52,2.44,,0.315246,,,,
CLBT,IWM,0.84,0.71,2.39,,,,,,
CLDX,IWM,0.71,0.91,1.65,-0.425879,,,,,
CLFD,NONE,0.56,0.45,1.66,,,,,,
CLH,IWM,0.56,0.45,1.66,,0.054217,,,,
CLIP,QQQ,0.03,0.01,0.02,12.005,,,,,
CLMB,IWM,0.88,0.85,0.82,,,,,,
CLMT,XLE,0.82,1.15,1.32,-0.749242,,,,,
CLOA,QQQ,-0.12,0.0,0.07,4.857143,,,,,
CLOU,SPY,0.95,1.32,0.7,,0.855429,,,,
CLOZ,QQQ,-0.2,-0.01,0.12,2.245,,,,,
CLPT,IWM,0.78,1.67,6.31,0.232314,,,,,
CLS,QQQ,0.9,2.96,3.34,0.133892,,,,,
CLSK,SPY,0.84,5.1,3.48,-2.081897,,,,,
CLSX,IWM,0.89,10.02,8.84,-1.872557,,,,,
CLW,SPY,0.74,0.71,0.96,,,,,,
CLX,SPY,-0.44,-0.34,0.45,0.250222,,,,,
CM,SPY,0.75,0.36,0.49,0.6,,,,,
CMA,XLF,0.87,1.45,1.96,,,,,,
CMC,IWM,0.89,1.24,1.0,,,,,,
CMCL,GDX,0.73,0.81,2.05,,-0.096927,,,,
CMCO,IWM,0.93,1.27,2.14,0.792477,,,,,
CMCSA,IWM,0.17,0.18,1.24,0.139355,,,,,
CME,XLF,-0.16,-0.24,0.54,0.334074,,,,,
CMG,IWM,0.76,0.47,2.68,,,,,,
CMI,IWM,0.94,0.94,0.89,5.419775,,,,,
CMP,IWM,0.77,1.0,0.99,,-0.111111,,,,
CMPO,SPY,0.81,1.38,2.22,0.602162,,,,,
CMPR,IWM,0.72,0.64,0.73,,,,,,
CMRE,SPY,0.6,0.39,0.68,0.220588,,,,,
CMS,IWM,0.04,0.16,0.44,0.347273,,,,,
CNC,SPY,0.38,0.42,2.68,,,,,,
CNH,IWM,0.83,0.83,1.57,0.11465,,,,,
CNI,SPY,0.67,0.36,0.61,,0.257705,,,,
CNK,IWM,0.04,0.15,1.18,,,,,,
CNM,IWM,0.82,0.81,2.96,,0.438446,,,,
CNMD,IWM,0.62,0.56,0.88,,-1.857273,,,,
CNNE,XLF,0.78,1.03,0.86,0.262791,,,,,
CNO,XLF,0.77,0.85,0.59,0.711017,,,,,
CNOB,KRE,0.94,0.93,0.67,,,,,,
CNP,IWM,-0.17,0.0,0.36,0.388889,,,,,
CNQ,XLE,0.94,1.3,0.71,0.383099,,,,,
CNQQ,IWM,0.75,1.24,2.15,,,,,,
CNR,SPY,0.51,0.47,1.02,1.456765,,,,,
CNRG,IWM,0.94,1.76,1.51,-0.547815,,,,,
CNTA,SPY,0.72,1.32,3.22,,-0.450807,,,,
CNX,XLE,0.83,0.8,0.79,,,,,,
CNXC,IWM,0.69,0.75,2.79,0.112903,,,,,
CNXT,SPY,0.63,2.49,2.27,,,,,,
CNYA,QQQ,0.7,1.16,1.14,1.309474,,,,,
COAL,IWM,0.65,1.06,1.17,,,,,,
COCO,IWM,0.69,0.37,1.6,,,,,,
COEP,XLF,0.92,1.43,0.85,,,,,,
COF,XLF,0.92,1.43,0.85,,0.136118,,,,
COGT,SPY,0.68,1.37,14.97,-0.009198,,,,,
COHR,QQQ,0.91,2.97,3.8,11.278816,,,,,
COHU,SPY,0.92,3.18,2.64,,0.201364,,,,
COIA,QQQ,0.91,5.9,4.3,,-2.633488,,,,
COIG,IWM,0.88,4.7,3.74,,-2.314439,,,,
COII,IWM,0.83,2.08,2.06,-3.67165,,,,,
COIN,BITO,0.87,0.83,1.82,0.155385,,,,,
COIW,IWM,0.89,2.73,2.19,,-0.977397,,,,
COKE,IWM,0.04,0.06,0.45,0.370667,,,,,
COLB,KRE,0.94,1.04,0.75,0.957867,,,,,
COLD,IWM,0.61,0.72,0.94,-2.083404,,,,,
COLL,IWM,0.33,0.07,1.52,0.682566,,,,,
COLM,IWM,0.65,0.61,1.06,,0.209906,,,,
COMM,SPY,0.92,3.07,1.49,,-0.270201,,,,
COMT,IWM,0.47,0.32,0.56,0.298571,,,,,
CON,IWM,0.47,0.38,0.95,0.357474,,,,,
CONL,IWM,0.88,4.6,3.72,,-1.991935,,,,
COO,IWM,0.6,0.67,2.23,,,,,,
COP,XLE,0.97,1.49,0.8,-1.721125,,,,,
COPJ,IWM,0.53,1.2,1.72,,,,,,
COPP,IWM,0.76,1.03,1.22,0.476803,,,,,
COPX,QQQ,0.75,1.57,1.44,1.965625,,,,,
COPY,QQQ,0.84,0.41,0.36,,0.951389,,,,
COR,IWM,-0.31,-0.13,0.69,,0.353188,,,,
CORD,IWM,-0.85,-7.21,6.95,3.179626,,,,,
CORN,SPY,0.27,0.08,0.42,0.252381,,,,,
CORP,SPY,0.43,0.18,0.17,,,,,,
CORT,SPY,0.72,0.79,1.18,,,,,,
CORZ,SPY,0.79,3.08,2.34,0.551111,,,,,
CORZZ,SPY,0.84,2.96,2.33,,,,,,
COST,SPY,-0.29,-0.07,0.46,0.498043,,,,,
COSW,IWM,-0.62,-0.44,1.23,,,,,,
COTG,IWM,-0.62,-0.44,1.23,1.14439,,,,,
COUR,SPY,0.81,1.23,1.71,,-0.221579,,,,
COWG,QQQ,0.94,0.86,0.67,0.274328,,,,,
COWZ,IWM,0.94,0.44,0.32,0.245,,,,,
COYY,QQQ,0.84,0.99,1.02,,-0.288824,,,,
CP,IWM,0.57,0.34,0.37,0.293514,,,,,
CPA,SPY,0.86,0.86,0.58,,0.392069,,,,
CPAY,XLF,0.86,1.15,0.73,5.959589,,,,,
CPB,IWM,-0.02,0.0,0.64,0.28125,,,,,
CPER,IWM,0.68,0.94,1.13,,,,,,
CPK,IWM,0.05,-0.05,0.47,0.104255,,,,,
CPNG,SPY,0.86,1.06,1.23,,-1.334472,,,,
CPRI,IWM,0.79,1.2,1.15,,-0.824348,,,,
CPRT,IWM,0.56,0.27,0.59,0.044237,,,,,
CPRX,IWM,0.42,0.14,1.04,0.895962,,,,,
CPS,IWM,0.88,0.96,1.55,,,,,,
CPT,IWM,0.36,0.19,0.48,0.145417,,,,,
CPXR,SPY,0.63,1.51,2.29,,,,,,
CQP,XLE,0.56,0.07,0.42,,-1.594524,,,,
CQQQ,SPY,0.76,2.52,1.8,2.463333,,,,,
CR,IWM,0.92,0.65,0.73,,,,,,
CRAI,IWM,0.68,0.34,0.65,,,,,,
CRBG,XLF,0.85,1.24,0.72,1.368889,,,,,
CRC,XLE,0.93,1.5,1.05,,-0.27619,,,,
CRCA,IWM,0.82,4.85,4.14,-1.046014,,,0.1,,
CRCD,SPY,-0.84,-8.28,5.11,-0.63499,,,,,
CRCG,IWM,0.85,4.99,4.16,-0.352572,,,,,
CRCL,SPY,0.86,3.36,2.03,,-0.687488,,,,
CRCO,SPY,0.84,4.08,2751.63,,,,,,
CRDO,QQQ,0.9,3.91,3.1,1.199968,,,,,
CRDU,QQQ,0.95,9.12,6.77,1.032319,,,,,
CRESY,SPY,0.74,1.62,2.63,,,,,,
CRH,SPY,0.8,1.0,1.11,,-1.774775,,,,
CRI,IWM,0.7,0.8,1.43,0.248951,,,,,
CRK,XLE,0.66,0.94,1.69,,3.136568,,,,
CRL,IWM,0.83,0.67,1.37,,,,,,
CRM,SPY,0.73,0.66,1.3,,-0.311077,,,,
CRMD,SPY,0.44,0.75,2.31,0.327922,,,,,
CRMG,SPY,0.78,2.05,2.62,,-1.578053,,,,
CRMT,IWM,0.81,0.83,2.44,,,,,,
CRNX,IWM,0.61,0.66,2.2,-0.021,,,,,
CROX,IWM,0.72,0.9,1.02,,-0.811765,,,,
CRPT,IWM,0.73,1.32,1.93,0.161658,,,,,
CRS,SPY,0.93,1.23,1.41,0.568723,,,,,
CRSP,IWM,0.77,1.06,1.66,,-0.415181,,,,
CRTO,SPY,0.61,0.86,1.38,0.164783,,,,,
CRUS,SOXL,0.88,0.24,0.99,0.762828,,,,,
CRVL,IWM,0.48,0.17,0.62,,,,,,
CRWD,SPY,0.87,1.31,1.12,,-1.433393,,,,
CRWG,QQQ,0.85,3.94,6.78,1.604425,,,,,
CRWL,SPY,0.85,2.77,2.25,,-2.420178,,,,
CRWU,QQQ,0.86,4.34,6.79,2.214934,,,,,
CRWV,QQQ,0.85,2.17,3.35,0.965552,,,,,
CSCL,IWM,0.61,0.88,2.08,,,,,,
CSCO,QQQ,0.74,0.53,0.97,,,,,,
CSGP,IWM,0.59,0.31,1.02,0.009314,,,,,
CSGS,SPY,0.63,0.45,1.83,,,,,,
CSHI,IWM,-0.15,0.0,0.08,1.75,,,,,
CSIQ,IWM,0.79,2.43,4.27,1.977049,,,,,
CSL,SPY,0.68,0.79,0.8,,-0.196875,,,,
CSQ,SPY,0.9,0.82,0.48,,-0.457917,,,,
CSTL,IWM,0.69,0.72,0.94,,0.102979,,,,
CSTM,SPY,0.83,1.77,1.29,0.955659,,,,,
CSV,SPY,0.56,0.2,0.66,,-0.633333,,,,
CSW,IWM,0.79,0.89,0.94,,,,,,
CSWC,SPY,0.7,0.76,0.41,0.365854,,,,,
CSX,SPY,0.41,0.32,0.69,,0.189565,,,,
CTA,IWM,0.47,0.29,0.53,-0.12,,,,,
CTAS,IWM,-0.01,0.0,0.48,0.375,,,,,
CTBI,KRE,0.86,0.64,0.67,-0.366567,,,,,
CTEV,IWM,0.62,1.19,2.75,,,,,,
CTGO,IWM,0.59,1.19,1.41,1.11305,,,,,
CTLP,IWM,0.61,0.1,0.25,0.72,,,,,
CTO,IWM,0.41,0.15,0.64,0.109375,,,,,
CTRA,XLE,0.93,1.19,0.65,1.514308,,,,,
CTRE,IWM,-0.26,-0.12,0.51,0.809412,,,,,
CTRI,IWM,0.94,1.13,1.1,,-1.362273,,,,
CTRN,NONE,0.78,0.65,1.38,,,,,,
CTSH,SPY,0.78,0.65,1.38,0.066304,,,,,
CTVA,XLE,0.63,0.33,0.75,,-1.161467,,,,
CUBE,SPY,0.58,0.52,0.58,,,,,,
CUK,SPY,0.84,1.42,1.45,,-0.856276,,,,
CURB,IWM,0.36,0.14,0.6,,,,,,
CURE,IWM,0.4,0.38,1.04,-0.104615,,,,,
CUZ,IWM,0.62,0.34,0.57,0.808772,-0.175088,0.4,0.0;0.2,,09:00
CVBF,KRE,0.95,0.82,0.54,,0.657407,,,,
CVCO,IWM,0.74,0.55,1.44,,-0.264583,,,,
CVE,XLE,0.91,1.34,1.01,-0.205743,,,,,
CVGW,SPY,0.51,0.21,0.94,0.33383,,,,,
CVI,XLE,0.85,1.21,1.03,0.25,,,,,
CVLT,SPY,0.87,1.95,1.39,-0.397122,,,,,
CVNA,SPY,0.91,2.28,2.1,-0.894857,,,,,
CVNX,SPY,0.68,4.49,4.67,-3.36182,,,,,
CVNY,SPY,0.65,1.9,1.86,,-1.175806,,,,
CVS,SPY,-0.21,-0.19,0.98,0.116224,,,,,
CVX,XLE,0.97,0.9,0.52,,,,,,
CW,SPY,0.84,1.4,1.04,,,,,,
CWAN,IWM,0.74,1.09,1.55,,-2.401419,,,,
CWCO,IWM,0.69,0.35,0.63,-0.233333,,,,,
CWEB,IWM,0.76,2.61,2.84,2.710141,,,,,
CWEN,IWM,0.81,0.53,0.7,,,,,,
CWEN.A,IWM,0.74,0.41,0.54,,,,,,
CWH,IWM,0.81,1.21,1.47,0.188299,,,,,
CWK,IWM,0.69,0.87,1.03,,,,,,
CWST,IWM,0.29,0.13,0.92,,,,,,
CWT,XLE,-0.2,-0.29,0.47,,-1.89383,,,,
CWVX,SPY,0.85,5.48,6.86,2.034927,,,,,
CXSE,IWM,0.74,1.09,1.34,1.129403,,,,,
CXW,IWM,0.29,0.11,1.27,,-0.574567,,,,
CYBR,SPY,0.81,1.11,1.02,,-1.409118,,,,
CYD,SPY,0.83,2.27,2.41,4.847137,,,,,
CYTK,QQQ,0.55,0.57,3.42,,,,,,
CZR,IWM,0.88,1.32,1.35,,0.915556,,,,
D,IWM,0.26,0.21,0.41,0.541463,,,,,
DAC,SPY,0.52,0.05,0.35,,,,,,
DAKT,IWM,0.88,0.9,1.98,,,,,,
DAL,IWM,0.88,1.2,1.36,,-0.820588,,,,
DAN,IWM,0.92,0.89,0.88,0.295568,,,,,
DAPP,QQQ,0.9,3.04,2.38,,,,,,
DAR,SPY,0.64,0.93,0.82,0.784024,,,,,
DASH,SPY,0.87,1.03,1.62,,-7.034753,,,,
DASX,SPY,0.88,3.9,5.39,,-11.82449,,,,
DAVA,SPY,0.86,1.96,4.53,,,,,,
DAVE,SPY,0.85,2.49,1.89,2.319048,,,,,
DAX,IWM,0.76,0.54,0.59,,,,,,
DAY,IWM,0.55,0.08,3.08,,,,,,
DB,SPY,0.6,0.94,1.29,,,,,,
DBA,SPY,0.42,0.2,0.42,,0.0,,,,
DBB,QQQ,0.34,0.28,0.77,0.248831,,,,,
DBC,IWM,0.48,0.21,0.56,0.355179,,,,,
DBE,NONE,0.25,1.48,3.67,,,,,,
DBGI,SPY,0.25,1.48,3.67,,,,,,
DBMF,IWM,0.84,0.48,0.56,0.292857,,,,,
DBO,SPY,0.38,0.48,1.21,,,,,,
DBRG,IWM,0.89,1.09,1.29,-0.730775,,,,,
DBX,SPY,0.8,0.62,1.11,,,,,,
DCBO,SPY,0.89,1.18,0.8,,0.345,,,,
DCI,IWM,0.86,0.55,0.46,1.392391,,,,,
DCO,IWM,0.76,0.55,0.73,,-2.603425,,,,
DCOM,XLF,0.88,1.76,0.83,,0.218795,,,,
DCTH,IWM,0.75,0.58,1.78,,,,,,
DD,IWM,0.87,0.89,0.65,-0.969077,,,,,
DDC,KWEB,-0.06,0.31,3.5,,,,,,
DDM,SPY,0.91,1.32,0.68,,-0.652941,,,,
DDOG,SPY,0.89,1.67,2.19,11.834749,,,,,
DDS,IWM,0.73,0.68,1.34,,-0.35791,,,,
DE,IWM,0.73,0.53,0.91,0.372527,,,,,
DEA,IWM,0.59,0.37,0.62,0.206774,,,,,
DEC,XLE,0.73,0.81,1.65,0.147333,,,,,
DECK,SPY,0.71,0.92,1.88,,-0.125745,,,,
DEFI,NONE,0.88,0.62,0.71,,,,,,
DEI,IWM,0.88,0.62,0.71,,-1.030141,,,,
DELL,SPY,0.94,2.25,1.78,0.36236,,,,,
DEM,IWM,0.75,0.39,0.52,0.591731,,,,,
DEO,SPY,0.05,-0.28,1.42,1.184225,,,,,
DFAC,SPY,0.99,0.99,0.43,0.417907,,,,,
DFAI,SPY,0.87,0.76,0.43,0.373953,,,,,
DFDV,SPY,0.7,3.87,3.87,0.49876,,,,,
DFEN,SPY,0.92,2.66,1.49,,-1.218255,,,,
DFGX,IWM,0.24,0.0,0.19,0.947368,,,,,
DFH,IWM,0.67,1.28,1.46,0.535342,,,,,
DFIV,SPY,0.83,0.65,0.45,0.882222,,,,,
DG,IWM,-0.18,0.01,0.64,0.288125,,,,,
DGICA,XLF,0.58,0.36,0.42,0.11619,,,,,
DGII,IWM,0.93,0.89,2.52,,,,,,
DGNX,QQQ,0.7,5.86,8.14,4.204914,,,,,
DGP,IWM,0.87,0.39,0.26,,,,,,
DGRO,IWM,0.87,0.39,0.26,0.512308,,,,,
DGRW,SPY,0.96,0.69,0.33,0.12,,,,,
DGS,QQQ,0.87,0.9,0.64,0.670313,,,,,
DGX,IWM,-0.2,0.0,0.52,0.134615,,,,,
DHI,IWM,0.45,0.6,1.27,0.368504,,,,,
DHR,IWM,0.58,0.41,1.11,-0.059459,,,,,
DHS,IWM,0.68,0.23,0.22,,,,,,
DHT,SPY,0.44,0.67,1.11,,,,,,
DIA,SPY,0.91,0.62,0.34,,,,,,
DIG,SPY,0.65,1.01,1.09,,,,,,
DIN,IWM,0.57,0.48,1.18,,-0.933559,,,,
DINO,XLE,0.9,0.97,0.71,1.092817,,,,,
DIOD,IWM,0.93,1.57,1.79,-0.452011,,,,,
DIS,IWM,0.78,0.27,0.92,0.15163,,,,,
DISO,SPY,0.57,0.36,0.73,,,,,,
DISV,SPY,0.63,0.7,0.53,,0.243396,,,,
DIV,IWM,0.8,0.29,0.24,0.5325,,,,,
DIVB,IWM,0.94,0.48,0.3,0.601333,,,,,
DIVO,IWM,0.84,0.24,0.22,0.610909,,,,,
DJCO,IWM,0.77,0.64,1.0,-0.1664,,,,,
DJD,SPY,0.65,0.17,0.26,,,,,,
DJIA,SPY,0.66,0.33,0.28,,,,,,
DJT,SPY,0.86,1.87,1.57,-1.083631,,,,,
DJTWW,QQQ,0.21,0.13,2.46,,,,,,
DK,XLE,0.73,1.48,1.3,0.518154,,,,,
DKL,SPY,0.46,0.78,0.67,1.620896,,,,,
DKNG,SPY,0.77,1.28,1.36,3.752647,,,,,
DKNX,QQQ,0.7,1.86,3.83,3.748668,,,,,
DKS,IWM,0.8,0.72,0.99,0.109091,,,,,
DKUP,IWM,0.54,2.62,3.38,5.021953,,,,,
DLB,IWM,0.91,0.67,0.48,0.584375,,,,,
DLLL,SPY,0.9,4.22,3.69,0.81832,,,,,
DLO,SPY,0.8,2.77,2.9,,-0.893897,,,,
DLR,IWM,0.59,0.39,0.64,0.080156,,,,,
DLTR,IWM,0.35,0.2,1.55,0.009032,,,,,
DLX,IWM,0.84,0.7,1.09,4.679817,,,,,
DMAT,IWM,0.52,1.05,1.64,0.800305,,,,,
DMLP,XLE,0.39,0.09,0.84,,,,,,
DMRC,IWM,0.9,1.49,1.69,,0.071006,,,,
DNA,IWM,0.92,2.55,2.36,0.173517,,,,,
DNLI,IWM,0.73,0.73,1.15,-0.186261,,,,,
DNOW,SPY,0.77,0.87,1.38,,-1.038696,,,,
DNTH,IWM,0.62,0.86,1.37,0.33854,,,,,
DOC,IWM,0.55,0.49,0.49,0.677347,,,,,
DOCN,SPY,0.91,2.45,2.62,,4.601908,,,,
DOCS,SPY,0.79,1.32,1.7,,0.026118,,,,
DOCU,SPY,0.89,1.17,1.23,,-0.591463,,,,
DOG,QQQ,-0.85,-0.44,0.34,0.944706,,,,,
DOGD,SPY,0.82,4.41,4.25,26.931106,,,,,
DOJE,IWM,0.58,3.6,3.93,,-2.922137,,,,
DOLE,IWM,0.5,0.27,1.43,,,,,,
DOMO,QQQ,0.9,2.14,2.8,,0.2615,,,,
DORM,IWM,0.62,0.42,0.77,-0.120779,,,,,
DOV,IWM,0.88,0.7,0.65,1.863077,,,,,
DOW,IWM,0.81,0.91,1.31,0.318015,,,,,
DOX,IWM,0.6,0.1,0.45,0.268889,,,,,
DPST,IWM,0.88,2.05,1.64,-0.690244,,,,,
DPZ,IWM,-0.03,0.0,0.44,0.409091,,,,,
DQ,IWM,0.75,1.93,2.49,0.669116,,,,,
DRAY,SPY,0.52,0.75,1.74,,,,,,
DRD,GDX,0.92,1.5,2.88,2.074653,,,,,
DRGN,SPY,0.71,2.83,2.42,,,,,,
DRI,SPY,0.55,0.32,0.99,,,,,,
DRIV,SPY,0.91,2.23,1.12,1.328571,,,,,
DRKY,IWM,0.63,0.62,0.93,1.889032,,,,,
DRNZ,QQQ,0.76,1.44,2.05,,,,,,
DRS,SPY,0.81,0.95,0.7,-0.355714,,,,,
DRUG,IWM,0.35,0.29,1.21,0.263802,,,,,
DRV,QQQ,-0.44,-0.64,0.97,0.326598,,,,,
DRVN,IWM,0.55,0.51,0.63,,,,,,
DSGX,SPY,0.81,1.02,0.5,0.1776,,,,,
DSL,QQQ,0.67,0.25,0.27,,0.888889,,,,
DSP,SPY,0.85,1.46,2.18,,-0.66789,,,,
DSU,SPY,0.72,0.38,0.28,0.117857,,,,,
DT,IWM,0.85,0.62,0.64,0.519063,,,,,
DTCR,IWM,0.91,1.06,0.94,0.676383,,,,,
DTE,IWM,0.39,0.24,0.39,0.568205,,,,,
DTM,XLE,0.71,0.76,0.55,,,,,,
DUK,XLE,0.01,-0.01,0.37,,-0.455405,,,,
DUOL,SPY,0.84,0.93,3.4,,-6.982853,,,,
DUSL,SPY,-0.4,-1.77,3.65,,,,,,
DUST,SPY,-0.4,-1.77,3.65,0.734548,,,,,
DV,IWM,0.81,0.76,3.74,0.066417,,,,,
DVA,IWM,0.28,0.0,0.52,0.269231,,,,,
DVAX,IWM,0.46,0.14,1.13,0.643717,,,,,
DVN,XLE,0.95,1.67,0.95,5.200211,,,,,
DVY,IWM,0.9,0.34,0.28,0.472857,,,,,
DVYE,SPY,0.86,0.9,0.56,0.991071,,,,,
DX,SPY,0.83,0.63,0.37,,0.15,,,,
DXC,IWM,0.94,1.11,1.26,0.204524,,,,,
DXCM,SPY,0.54,0.85,1.86,,-0.14328,,,,
DXD,QQQ,-0.84,-0.89,0.67,,-0.266119,,,,
DXJ,IWM,0.51,0.64,0.78,0.411282,,,,,
DXPE,IWM,0.77,0.58,1.61,,-3.12323,,,,
DXYZ,SPY,0.75,3.18,2.92,6.542055,,,,,
DY,IWM,0.86,1.11,1.66,,-0.390422,,,,
DYN,SPY,0.44,1.19,4.73,,0.235497,,,,
DYNF,SPY,0.99,1.04,0.45,,0.448889,,,,
E,XLE,0.85,0.94,0.82,,,,,,
EA,SPY,0.27,0.01,0.79,0.189114,,,,,
EAT,SPY,0.4,0.47,1.48,0.317297,,,,,
EBAY,IWM,0.57,0.23,1.86,,,,,,
EBC,KRE,0.9,0.86,0.64,,-0.770313,,,,
EBND,SPY,0.75,0.25,0.25,0.87,,,,,
ECAT,SPY,0.81,0.58,0.4,0.462,,,,,
ECG,SPY,0.95,2.48,2.03,1.796453,,,,,
ECH,IWM,0.76,0.82,0.71,0.807887,,,,,
ECL,IWM,0.5,0.36,0.36,0.29,,,,,
ECNS,SPY,0.65,1.13,1.33,0.826466,,,,,
ECO,SPY,0.55,0.73,1.69,0.088757,,,,,
ECPG,XLF,0.82,1.22,2.16,9.306204,,,,,
ED,IWM,-0.28,0.0,0.56,,0.321429,,,,
EDC,SPY,0.88,4.82,2.35,0.037532,,,,,
EDIV,QQQ,0.74,0.71,0.48,1.560208,,,,,
EDN,SPY,0.72,1.85,4.64,0.809806,,,,,
EDU,SPY,0.38,0.46,1.5,0.164667,,,,,
EDV,SPY,0.2,0.31,0.64,0.689688,,,,,
EE,XLE,0.78,0.79,1.29,5.428837,,,,,
EEFT,XLF,0.74,1.06,0.54,,,,,,
EEM,QQQ,0.88,1.32,0.78,0.189231,,,,,
EETH,IWM,0.76,3.36,2.63,,-3.291559,,,,
EFA,SPY,0.86,0.88,0.47,0.468936,,,,,
EFAS,SPY,0.74,0.5,0.33,,,,,,
EFC,SPY,0.74,0.5,0.33,,2.0,,,,
EFIV,SPY,0.98,0.93,0.42,,,,,,
EFSC,KRE,0.94,0.76,0.49,,,,,,
EFV,SPY,0.76,0.46,0.44,,0.800909,,,,
EFX,XLF,0.7,1.39,1.22,0.436967,,,,,
EG,XLF,0.37,0.88,0.85,,-0.219765,,,,
EGBN,KRE,0.93,1.12,1.42,,,,,,
EGGY,QQQ,0.91,1.46,1.16,-0.558793,,,,,
EGO,GDX,0.98,0.97,1.81,,-0.417735,,,,
EGP,IWM,0.64,0.38,0.58,,,,,,
EH,IWM,0.82,1.74,1.99,0.090452,,,,,
EHC,SPY,0.37,0.26,1.28,,,,,,
EIC,IWM,0.57,0.42,0.54,,,,,,
EIDO,SPY,0.54,0.94,1.04,,-0.343846,,,,
EIS,QQQ,0.57,0.48,0.94,,-0.184681,,,,
EIX,IWM,0.48,0.39,0.64,0.269062,,,,,
EL,IWM,0.73,1.0,1.4,,,,,,
ELAN,IWM,0.86,0.55,1.12,0.435714,,,,,
ELF,SPY,0.93,2.35,3.32,,-17.070181,,,,
ELFY,IWM,0.93,0.7,0.63,,,,,,
ELIL,IWM,0.47,0.54,1.84,0.256304,,,,,
ELIS,SPY,-0.01,-0.32,1.33,,,,,,
ELMD,IWM,0.81,0.92,2.38,,,,,,
ELME,SPY,0.27,0.07,0.39,0.363077,,,,,
ELS,IWM,0.14,0.11,0.52,0.281923,,,,,
ELTX,IWM,0.31,1.02,2.09,,,,,,
ELV,IWM,0.3,0.22,1.17,0.163248,,,,,
ELVN,IWM,0.72,0.77,0.94,,-0.431064,,,,
ELVR,IWM,0.48,1.48,3.03,,,,,,
EMB,SPY,0.74,0.3,0.21,1.2,,,,,
EMBJ,IWM,0.57,0.77,0.97,1.106392,,,,,
EME,IWM,0.88,0.98,2.13,,-0.11831,,,,
EMLC,SPY,0.83,0.28,0.23,0.702609,,,,,
EMN,IWM,0.86,1.25,0.97,-0.177835,,,,,
EMQQ,SPY,0.83,1.74,0.89,0.950562,,,,,
EMR,IWM,0.91,0.89,1.09,,-0.336972,,,,
EMXC,SPY,0.89,1.41,0.76,,-0.860132,,,,
ENB,SPY,0.45,0.16,0.31,0.251613,,,,,
ENLT,SPY,0.64,2.07,2.05,0.355902,,,,,
ENOV,IWM,0.82,1.01,1.23,,0.877154,,,,
ENPH,IWM,0.8,1.47,2.21,,0.414027,,,,
ENPX,IWM,0.8,1.88,5.02,,-0.379841,,,,
ENR,IWM,0.47,0.29,0.58,0.21,,,,,
ENS,IWM,0.94,1.01,1.0,4.2806,,,,,
ENSG,IWM,0.23,0.03,0.36,0.465,,,,,
ENTG,SOXL,0.92,0.4,1.84,0.345652,,,,,
ENVA,XLF,0.86,1.49,0.97,1.086392,,,,,
ENVX,IWM,0.91,2.34,2.95,,-9.203797,,,,
EOG,XLE,0.96,1.24,0.71,0.848451,,,,,
EOS,SPY,0.9,0.63,0.53,,0.330566,,,,
EPAM,SPY,0.84,1.28,1.09,5.034495,,,,,
EPC,IWM,0.36,0.27,0.74,,,,,,
EPD,XLE,0.82,0.32,0.33,,-0.544242,,,,
EPHE,IWM,0.27,0.4,0.95,,,,,,
EPI,SPY,0.53,0.49,0.59,,-0.501525,,,,
EPOL,QQQ,0.64,0.89,1.1,1.936455,,,,,
EPR,IWM,0.38,0.22,0.42,0.510476,,,,,
EPRT,IWM,0.33,0.34,0.48,,,,,,
EPSM,IWM,0.11,0.23,10.0,,,,,,
EPV,XLF,0.91,1.32,0.66,,,,,,
EQH,XLF,0.91,1.32,0.66,0.430303,,,,,
EQIX,IWM,0.5,0.29,0.49,-0.00551,,,,,
EQNR,XLE,0.89,1.65,1.16,0.393966,,,,,
EQR,IWM,0.36,0.29,0.54,0.216296,,,,,
EQT,XLE,0.76,0.9,0.89,,1.194382,,,,
ERIE,XLF,0.44,0.31,0.42,0.079286,,,,,
ERII,IWM,0.85,0.91,1.54,,-6.49539,,,,
ERO,GDX,0.77,0.64,2.04,0.52451,,,,,
ERX,SPY,0.55,0.56,0.98,0.438776,,,,,
ERY,IWM,-0.48,-0.44,0.96,0.77375,,,,,
ES,XLE,0.13,0.0,0.78,,-0.217949,,,,
ESAB,IWM,0.69,0.78,0.83,,,,,,
ESCA,IWM,0.69,0.74,1.79,,,,,,
ESE,SPY,0.86,1.23,0.73,,0.91411,,,,
ESEA,IWM,0.63,0.26,0.7,,,,,,
ESGD,SPY,0.84,0.83,0.48,0.467708,,,,,
ESGE,QQQ,0.86,1.3,0.79,,,,,,
ESGU,SPY,1.0,1.0,0.47,,,,,,
ESGV,SPY,0.99,1.21,0.52,-0.133462,,,,,
ESI,IWM,0.91,0.82,0.88,,0.726364,,,,
ESK,SPY,0.6,0.83,1.28,,,,,,
ESLT,SPY,0.6,0.83,1.28,,1.323281,,,,
ESNT,XLF,0.73,0.76,0.86,,,,,,
ESOA,SPY,0.91,1.45,0.99,,,,,,
ESP,SPY,0.39,0.59,1.38,,,,,,
ESPO,SPY,0.83,1.46,0.75,,,,,,
ESQ,KRE,0.85,0.64,0.61,,,,,,
ESS,IWM,0.28,0.14,0.49,,0.315918,,,,
ESTA,IWM,0.85,1.06,1.37,1.408029,,,,,
ESTC,SPY,0.91,1.63,2.08,1.083029,,,,,
ET,XLE,0.7,0.29,0.33,,-0.726061,,,,
ETCO,IWM,0.77,3.3,2.18,,,,,,
ETD,SPY,0.79,0.8,1.14,,,,,,
ETH,IWM,0.76,3.26,2.62,,-3.178855,,,,
ETHA,IWM,0.76,3.33,2.63,,-3.134943,,,,
ETHE,IWM,0.75,3.29,2.62,,-3.20874,,,,
ETHI,IWM,0.88,6.67,4.83,,,,,,
ETHM,BITO,0.31,0.03,0.54,1.82037,,,,,
ETHT,IWM,0.76,6.53,5.22,,-6.570575,,,,
ETHU,IWM,0.76,6.54,5.28,,-6.629773,,,,
ETHV,IWM,0.76,3.27,2.64,,-3.164659,,,,
ETHW,QQQ,0.75,3.21,2.62,,-2.983626,,,,
ETN,SPY,0.92,1.78,1.27,-0.358425,,,,,
ETON,IWM,0.81,0.82,0.63,0.155556,,,,,
ETOR,SPY,0.84,2.15,1.4,0.398929,,,,,
ETR,IWM,0.49,0.27,0.5,0.3276,,,,,
ETRL,IWM,0.77,1.03,1.44,,,,,,
ETSY,IWM,0.77,1.03,1.44,0.067778,,,,,
ETTY,QQQ,0.75,6.5,5.23,,,,,,
ETU,QQQ,0.75,6.5,5.23,,-6.690249,,,,
EUAD,SPY,0.39,0.92,1.05,,-0.277714,,,,
EUFN,IWM,0.53,0.36,0.6,0.362667,,,,,
EUO,IWM,-0.29,-0.3,0.57,,,,,,
EURL,QQQ,0.76,1.58,1.48,,,,,,
EVER,IWM,0.79,0.9,1.22,-0.177049,,,,,
EVR,SPY,0.95,1.97,1.35,,,,,,
EVRG,IWM,0.17,0.08,0.36,,0.2,,,,
EVSM,SPY,-0.14,0.0,0.09,,,,,,
EVTR,SPY,0.44,0.1,0.16,1.16875,,,,,
EW,QQQ,-0.14,0.0,0.73,0.452055,,,,,
EWA,IWM,0.77,0.87,0.67,,,,,,
EWBC,KRE,0.9,0.89,0.7,0.759714,,,,,
EWC,IWM,0.87,0.55,0.45,,,,,,
EWG,IWM,0.76,0.61,0.6,,0.127167,,,,
EWH,SPY,0.66,1.15,0.84,1.232738,,,,,
EWI,IWM,0.68,0.56,0.65,,,,,,
EWJ,SPY,0.61,0.72,0.82,0.727317,,,,,
EWJV,IWM,0.54,0.38,0.74,0.597568,,,,,
EWL,SPY,0.46,0.4,0.55,0.236364,,,,,
EWM,SPY,0.58,0.56,0.56,,,,,,
EWP,SPY,0.56,0.63,0.67,0.562388,,,,,
EWQ,SPY,0.6,0.71,0.65,,-0.544769,,,,
EWS,IWM,0.75,0.45,0.66,1.363636,,,,,
EWT,IWM,0.86,0.89,1.01,-0.006832,,,,,
EWTX,IWM,0.57,0.43,0.95,0.786947,,,,,
EWU,SPY,0.69,0.46,0.5,,0.3828,,,,
EWV,QQQ,-0.55,-1.36,1.65,,,,,,
EWW,SPY,0.9,0.68,0.47,0.246809,,,,,
EWY,SPY,0.9,3.23,1.61,,-4.701677,,,,
EWZ,SPY,0.82,1.01,0.83,1.239398,,,,,
EWZS,SPY,0.84,1.14,0.9,,,,,,
EXAS,IWM,0.57,0.65,0.96,0.458333,,,,,
EXC,IWM,-0.25,-0.08,0.52,0.356923,,,,,
EXE,XLE,0.78,0.77,0.78,0.005769,,,,,
EXEL,IWM,0.47,0.31,1.48,-0.012432,,,,,
EXLS,IWM,0.55,0.25,0.79,,,,,,
EXOD,SPY,0.69,1.78,2.06,3.451359,,,,,
EXP,IWM,0.85,0.93,0.89,,0.015955,,,,
EXPD,IWM,0.54,0.17,0.9,0.193333,,,,,
EXPE,IWM,0.74,0.48,1.66,0.293494,,,,,
EXPI,IWM,0.89,1.16,1.71,0.037427,,,,,
EXPO,IWM,0.67,0.44,0.41,,,,,,
EXR,IWM,0.34,0.23,0.67,,,,,,
EXTR,SPY,0.93,1.86,1.72,,-0.096628,,,,
EYE,IWM,0.82,0.89,1.35,,,,,,
EZA,SPY,0.78,1.29,1.38,,1.239783,,,,
EZBC,IWM,0.77,2.01,1.83,,-0.978033,,,,
EZET,IWM,0.76,3.3,2.62,,-3.294275,,,,
EZJ,XLF,0.86,1.5,0.75,,,,,,
EZPW,XLF,0.86,1.5,0.75,,,,,,
EZPZ,IWM,0.69,2.13,2.05,,,,,,
EZU,IWM,0.83,0.69,0.54,,,,,,
F,IWM,0.69,0.57,0.69,0.326957,,,,,
FA,IWM,0.87,1.01,1.44,7.026667,,,,,
FAF,XLF,0.69,1.2,0.58,0.165517,,,,,
FALN,SPY,0.87,0.27,0.15,1.324,,,,,
FAN,XLE,0.96,1.66,0.89,,,,,,
FANG,XLE,0.96,1.66,0.89,1.301124,,,,,
FAS,IWM,0.88,1.27,0.94,,-0.362447,,,,
FAST,IWM,0.5,0.21,0.74,0.195,,,,,
FBCG,SPY,0.98,1.57,0.79,0.527722,,,,,
FBIN,IWM,0.73,0.74,1.2,,,,,,
FBK,KRE,0.89,0.81,0.65,-0.276923,,,,,
FBL,SPY,0.89,3.09,3.13,-0.01131,,,,,
FBNC,KRE,0.9,0.85,0.53,,,,,,
FBND,SPY,0.5,0.18,0.15,1.348,,,,,
FBP,KRE,0.84,0.71,0.65,,-0.353846,,,,
FBRT,SPY,0.6,0.22,0.38,0.394737,,,,,
FBTC,IWM,0.73,1.96,1.83,,-0.876284,,,,
FBY,SPY,0.86,1.16,1.27,,-0.64,,,,
FBYY,QQQ,0.71,0.47,2.44,,,,,,
FCF,NONE,0.49,0.11,0.68,,,,,,
FCFS,IWM,0.49,0.11,0.68,0.264706,,,,,
FCG,IWM,0.61,0.43,0.72,1.102222,,,,,
FCN,IWM,-0.15,0.0,0.58,0.0,,,,,
FCNCA,XLF,0.81,0.99,0.6,,,,,,
FCPT,IWM,-0.08,0.1,0.45,0.055556,,,,,
FCRS.U,QQQ,0.25,0.0,0.51,,,,,,
FCX,IWM,0.81,1.6,1.87,,-0.519786,,,,
FDD,SPY,0.64,0.41,0.55,,,,,,
FDIG,IWM,0.91,2.67,1.95,,-0.400615,,,,
FDL,IWM,0.51,0.22,0.25,0.8944,,,,,
FDN,SPY,0.97,1.31,0.7,,-0.777571,,,,
FDP,IWM,-0.11,0.0,0.54,0.259259,,,,,
FDS,XLF,0.67,0.8,0.55,,-2.363636,,,,
FDUS,XLF,0.4,0.22,0.34,-0.232353,,,,,
FDVV,SPY,0.94,0.65,0.28,1.046429,,,,,
FDX,SPY,0.71,0.75,0.69,0.195652,,,,,
FE,IWM,0.06,0.09,0.39,,0.593077,,,,
FEAT,SPY,0.96,2.41,1.07,,,,,,
FEIM,IWM,0.89,1.88,2.27,0.319471,,,,,
FELE,IWM,0.77,0.53,0.83,-0.089639,,,,,
FELG,SPY,0.99,1.41,0.63,,,,,,
FENI,QQQ,0.89,0.77,0.54,0.611111,,,,,
FENY,IWM,0.55,0.29,0.51,0.649804,,,,,
FEPI,QQQ,0.96,0.96,0.64,0.915,,,,,
FER,SPY,0.48,0.3,0.92,,-0.407609,,,,
FERG,SPY,0.71,0.68,1.52,0.3,,,,,
FET,XLE,0.86,0.96,0.97,,,,,,
FETH,IWM,0.76,3.35,2.63,,-3.256084,,,,
FEZ,SPY,0.82,0.74,0.57,,-0.113333,,,,
FFBC,KRE,0.91,0.84,0.57,,,,,,
FFIC,NONE,0.87,0.85,0.57,,,,,,
FFIN,KRE,0.87,0.85,0.57,,-0.64386,,,,
FFIV,SPY,0.74,0.79,1.4,,-0.141143,,,,
FFTY,SPY,0.95,2.81,1.42,-2.367958,,,,,
FGDL,IWM,0.44,0.88,1.01,,,,,,
FGNX,SPY,0.45,0.98,5.28,,0.082235,,,,
FHB,KRE,0.92,0.8,0.63,,,,,,
FHI,XLF,0.86,0.99,0.53,,-0.690755,,,,
FHLC,IWM,0.57,0.16,0.31,0.277419,,,,,
FHN,KRE,0.92,1.0,0.78,,0.307692,,,,
FI,NONE,0.91,0.94,0.67,,,,,,
FIBK,KRE,0.91,0.94,0.67,,0.124478,,,,
FICO,XLF,0.61,1.11,2.38,,1.430462,,,,
FIG,SPY,0.82,3.21,3.08,3.967403,,,,,
FIGG,IWM,0.95,4.52,3.77,8.955862,,,,,
FIGR,IWM,0.89,2.81,2.51,0.418765,,,,,
FIHL,XLF,0.54,0.57,0.63,,,,,,
FINX,IWM,0.94,1.19,0.88,,,,,,
FIS,XLF,0.52,0.41,1.03,0.44932,,,,,
FISI,KRE,0.84,0.82,0.92,-0.135,,,,,
FITB,XLF,0.88,1.26,0.67,,,,,,
FITE,IWM,0.95,1.29,1.03,1.214854,,,,,
FIVE,IWM,0.75,1.03,1.42,,-0.648521,,,,
FIVN,SPY,0.9,2.19,1.25,-0.19536,,,,,
FIVY,IWM,0.89,1.43,1.26,,,,,,
FIW,IWM,0.94,0.47,0.37,0.417838,,,,,
FIX,IWM,0.93,1.62,2.31,,,,,,
FIZZ,IWM,-0.13,-0.02,0.42,0.401429,,,,,
FLBR,SPY,0.82,1.13,0.85,,,,,,
FLCH,SPY,0.7,1.42,1.12,1.445893,,,,,
FLEX,QQQ,0.94,1.47,1.68,0.842857,,,,,
FLG,KRE,0.92,1.19,0.83,0.801807,,,,,
FLGC,SPY,0.36,2.33,9.47,,,,,,
FLGT,IWM,0.57,0.5,1.15,,,,,,
FLIN,QQQ,0.44,0.46,0.58,,,,,,
FLJH,IWM,0.58,0.54,0.96,,,,,,
FLJP,SPY,0.59,0.58,0.77,0.571429,,,,,
FLKR,SPY,0.92,3.11,1.56,,-4.122436,,,,
FLMX,NONE,0.5,0.1,0.62,,,,,,
FLNG,SPY,0.5,0.1,0.62,0.309677,,,,,
FLO,IWM,0.17,0.16,0.81,,0.188642,,,,
FLOC,XLE,0.79,1.06,1.12,,-2.104107,,,,
FLOT,SPY,0.48,0.04,0.02,,7.54,,,,
FLR,SPY,0.87,2.17,1.51,,0.041854,,,,
FLRN,SPY,0.42,0.06,0.02,7.56,,,,,
FLRT,SPY,0.5,0.08,0.06,,,,,,
FLS,SPY,0.94,1.52,1.45,1.17269,,,,,
FLTR,QQQ,-0.05,0.0,0.03,11.0,,,,,
FLTW,SPY,0.86,1.39,1.03,,,,,,
FLUT,IWM,0.51,0.5,1.27,0.338583,,,,,
FLXS,SPY,0.54,0.18,3.48,,,,,,
FLY,QQQ,0.71,0.79,4.28,,,,,,
FLYT,IWM,0.96,7.29,12.4,,,,,,
FLYW,XLF,0.69,0.85,1.29,-0.512016,,,,,
FMC,IWM,0.87,1.19,3.16,0.056962,,,,,
FMNB,KRE,0.87,0.69,0.6,-1.307333,,,,,
FMS,IWM,0.28,0.18,1.59,0.166415,,,,,
FMX,IWM,0.49,0.3,0.72,,,,,,
FN,QQQ,0.92,2.72,2.4,-0.228667,,,,,
FNB,KRE,0.96,0.88,0.67,,,,,,
FNCL,IWM,0.9,0.46,0.31,,,,,,
FND,IWM,0.72,0.86,1.44,,0.019583,,,,
FNDA,IWM,0.99,0.79,0.53,,0.38434,,,,
FNDE,SPY,0.86,1.12,0.65,0.971692,,,,,
FNDF,SPY,0.89,0.8,0.49,0.477551,,,,,
FNDX,SPY,0.94,0.75,0.31,0.677419,,,,,
FNF,XLF,0.63,0.97,0.81,0.079383,,,,,
FNGG,QQQ,0.98,2.4,1.63,,-0.954601,,,,
FNGO,QQQ,0.93,2.53,1.7,,,,,,
FNGS,SPY,0.96,1.7,0.85,-0.063529,,,,,
FNGU,QQQ,0.98,3.43,2.27,,-0.72533,,,,
FNV,GDX,0.96,0.65,1.28,,-0.273047,,,,
FOA,SPY,0.84,1.46,1.15,,,,,,
FOFO,QQQ,-0.11,0.01,9.03,,,,,,
FORD,IWM,0.7,3.46,12.27,0.147205,,,,,
FORM,SPY,0.9,3.1,2.84,,-0.121831,,,,
FOUR,SPY,0.82,1.17,1.23,6.780488,,,,,
FOX,SPY,0.59,0.09,0.9,0.229667,,,,,
FOXA,IWM,0.71,0.33,0.9,,0.148667,,,,
FOXF,IWM,0.78,0.98,3.05,,,,,,
FPI,IWM,0.6,0.32,0.45,0.037333,,,,,
FPX,SPY,0.97,2.01,0.95,,,,,,
FR,IWM,0.83,0.52,0.53,,,,,,
FRGE,SPY,0.76,1.97,8.4,15.698119,,,,,
FRHC,SPY,0.78,0.94,1.01,1.004752,,,,,
FRME,KRE,0.94,0.92,0.55,,,,,,
FRMI,IWM,0.75,3.4,4.06,1.819704,,,,,
FRO,SPY,0.43,0.78,1.72,0.105349,,,,,
FROG,QQQ,0.84,1.02,2.57,0.172763,,,,,
FRPT,IWM,0.34,0.39,1.63,,,,,,
FRSH,SPY,0.91,1.78,0.96,3.197083,,,,,
FRT,IWM,0.42,0.2,0.53,0.233962,,,,,
FSK,SPY,0.85,0.68,0.55,3.363636,,,,,
FSLR,IWM,0.79,1.28,1.77,0.318644,,,,,
FSS,SPY,0.83,1.04,0.68,,,,,,
FSTA,IWM,-0.17,0.04,0.28,,0.575714,,,,
FSV,IWM,0.48,0.32,0.6,,,,,,
FTAI,SPY,0.85,1.74,1.3,0.061846,,,,,
FTDR,SPY,0.5,0.47,1.01,,,,,,
FTEC,QQQ,0.99,1.27,0.84,0.210119,,,,,
FTGC,IWM,0.48,0.4,0.55,0.436364,,,,,
FTHI,SPY,0.91,0.84,0.33,0.021818,,,,,
FTI,XLE,0.78,1.09,0.96,0.560521,,,,,
FTK,SPY,0.81,1.7,1.45,,-0.423448,,,,
FTNT,IWM,0.72,0.89,1.71,,-5.926959,,,,
FTS,IWM,-0.07,0.07,0.26,0.371538,,,,,
FTSM,SPY,0.22,0.0,0.03,5.0,,,,,
FTV,IWM,0.85,0.74,1.56,0.561282,,,,,
FTXL,QQQ,0.93,1.97,1.35,,,,,,
FUL,IWM,0.76,0.84,1.12,,,,,,
FULT,KRE,0.96,0.9,0.59,-0.038983,,,,,
FUN,IWM,0.69,1.26,1.19,-1.352269,,,,,
FUSE,SPY,-0.09,0.95,22.03,,,,,,
FUTG,SPY,0.95,5.79,4.43,,,,,,
FUTU,SPY,0.86,3.53,2.04,1.388627,,,,,
FUTY,IWM,0.8,0.32,0.29,,0.355862,,,,
FVD,IWM,0.65,0.23,0.21,0.780476,,,,,
FVRR,IWM,0.73,1.04,1.11,-0.934054,,,,,
FWONA,SPY,0.69,0.51,0.46,,,,,,
FWONK,IWM,0.83,0.48,0.5,,,,,,
FWRD,IWM,0.72,0.93,3.15,7.193048,,,,,
FWRG,IWM,0.81,0.96,1.58,0.247595,,,,,
FXA,SPY,0.58,0.28,0.31,,,,,,
FXB,IWM,0.44,0.12,0.24,,,,,,
FXE,IWM,0.44,0.12,0.24,0.768333,,,,,
FXF,SPY,0.23,0.13,0.28,0.370714,,,,,
FXI,IWM,0.71,1.16,1.08,1.584444,,,,,
FXN,QQQ,0.73,0.47,0.68,1.140882,,,,,
FXU,IWM,0.65,0.25,0.27,0.518519,,,,,
FXY,QQQ,-0.14,-0.04,0.43,0.732093,,,,,
FYBR,KWEB,0.21,0.02,0.21,,-6.194286,,,,
G,IWM,0.66,0.36,1.56,,,,,,
GAIN,SPY,0.54,0.48,0.39,,-0.107692,,,,
GAMB,IWM,0.85,0.89,3.6,,0.015389,,,,
GAP,IWM,0.76,0.92,0.99,,0.302626,,,,
GARP,QQQ,0.99,1.18,0.74,-0.098108,0.159189,0.3–0.4,0.1–0.2,,
GATX,XLF,0.73,0.98,0.73,,,,,,
GBCI,KRE,0.94,1.15,0.7,,0.086429,,,,
GBDC,SPY,0.76,0.58,0.32,0.46875,,,,,
GBIL,SPY,0.27,0.03,0.01,15.09,,,,,
GBTC,IWM,0.73,1.96,1.83,,-0.886995,,,,
GBUG,SPY,0.55,1.85,2.03,0.933251,,,,,
GBX,IWM,0.88,0.9,1.19,,0.179832,,,,
GCMG,XLF,0.67,0.34,0.71,0.253239,,,,,
GCT,SPY,0.84,1.94,1.81,-0.227956,,,,,
GD,IWM,0.19,0.15,0.67,0.277612,,,,,
GDDY,SPY,0.77,0.59,0.51,0.594902,,,,,
GDE,QQQ,0.72,0.81,1.15,0.589043,,,,,
GDEN,IWM,0.81,0.49,4.99,3.990441,,,,,
GDEV,IWM,0.7,1.66,2.07,,,,,,
GDLC,IWM,0.7,1.66,2.07,,-1.228213,,,,
GDMN,QQQ,0.48,1.35,2.48,1.141935,,,,,
GDOT,SPY,0.82,1.42,0.95,1.144421,,,,,
GDS,KWEB,0.82,1.26,2.58,0.69876,,,,,
GDX,QQQ,0.55,1.34,1.81,0.761878,,,,,
GDXJ,QQQ,0.58,1.64,1.98,1.181414,,,,,
GDXU,QQQ,0.56,4.39,5.57,2.03711,,,,,
GDXW,IWM,0.95,1.47,2.65,,,,,,
GDXY,IWM,0.49,0.88,1.57,,0.333248,,,,
GE,IWM,0.82,0.61,0.63,-0.15,,,,,
GECC,SPY,0.17,0.0,0.68,0.220588,,,,,
GEHC,IWM,0.84,0.55,0.7,0.092143,,,,,
GEMI,IWM,0.83,1.95,2.53,,-0.476087,,,,
GEN,IWM,0.63,0.43,0.52,0.445385,,,,,
GENI,SPY,0.76,0.67,0.84,0.178571,,,,,
GEO,SPY,0.71,0.9,1.01,3.383168,,,,,
GEOS,IWM,0.79,1.73,1.92,0.472187,,,,,
GES,IWM,0.68,0.25,3.19,,,,,,
GEV,SPY,0.9,2.24,1.28,,-0.425312,,,,
GEVX,QQQ,0.89,3.4,2.67,,-0.113858,,,,
GFF,IWM,0.77,0.63,0.62,,,,,,
GFI,GDX,0.94,1.15,2.57,,0.197276,,,,
GFL,IWM,-0.14,-0.03,0.48,0.203542,,,,,
GFS,SOXL,0.79,0.21,2.03,0.341133,,,,,
GGAL,SPY,0.77,1.66,6.32,,-0.06557,,,,
GGG,IWM,0.82,0.46,0.42,0.497619,,,,,
GGLL,SPY,0.86,2.53,2.82,,0.546631,,,,
GGLS,IWM,-0.76,-0.77,1.4,0.348571,,,,,
GH,SPY,0.61,0.93,3.5,,,,,,
GHC,IWM,0.77,0.55,0.62,0.480645,,,,,
GHI,SPY,0.4,0.18,0.63,,-0.31619,,,,
GHM,IWM,0.9,1.37,1.09,,,,,,
GHRS,SPY,0.84,1.08,0.99,,-1.288485,,,,
GIAX,IWM,0.87,0.66,0.52,-0.098846,,,,,
GIB,IWM,0.51,0.24,0.4,0.432,,,,,
GIII,IWM,0.76,0.61,0.8,,,,,,
GIL,IWM,0.68,0.49,0.5,,,,,,
GILD,IWM,-0.25,-0.21,0.71,0.410282,,,,,
GIS,IWM,-0.28,-0.11,0.46,0.422391,,,,,
GKOS,IWM,0.54,0.73,3.11,,,,,,
GL,XLF,0.72,0.69,0.46,0.508478,,,,,
GLAD,IWM,0.36,0.11,0.43,,0.538837,,,,
GLBE,IWM,0.87,1.15,1.08,-0.216667,,,,,
GLD,IWM,0.54,0.89,1.0,0.3224,,,,,
GLDD,IWM,0.88,0.75,0.74,1.043919,,,,,
GLDI,IWM,0.01,0.0,0.44,,,,,,
GLDM,QQQ,0.58,0.8,1.0,0.368,,,,,
GLDW,IWM,0.83,0.81,1.45,,,,,,
GLDY,QQQ,0.36,0.42,0.66,,,,,,
GLGG,QQQ,0.72,6.66,7.3,6.993945,,,,,
GLIN,NONE,-0.44,-1.12,2.03,,,,,,
GLL,SPY,-0.44,-1.12,2.03,0.184236,,,,,
GLNG,SPY,0.84,0.82,1.37,,,,,,
GLOB,IWM,0.9,1.05,1.64,1.166159,,,,,
GLPG,SPY,0.62,0.56,1.31,,0.772824,,,,
GLPI,IWM,0.08,0.0,0.4,,0.45,,,,
GLSI,IWM,0.56,0.48,2.43,0.403951,,,,,
GLTR,QQQ,0.58,0.91,1.16,0.199052,,,,,
GLW,SPY,0.95,1.81,1.21,0.42314,,,,,
GLXU,QQQ,0.86,7.31,7.09,10.0967,,,,,
GLXY,SPY,0.78,3.75,3.52,4.442472,,,,,
GM,SPY,0.64,0.53,1.39,,,,,,
GMAB,SPY,0.21,0.56,1.31,,-0.398473,,,,
GME,IWM,0.7,0.54,1.35,,,,,,
GMED,IWM,0.85,0.61,3.69,,,,,,
GMEU,IWM,0.64,1.37,2.62,,-0.349618,,,,
GMEY,IWM,0.55,0.42,0.66,,,,,,
GNE,IWM,0.55,0.42,0.66,0.444545,,,,,
GNK,SPY,0.61,0.66,1.21,,-3.776033,,,,
GNR,IWM,0.71,0.43,0.61,0.497377,,,,,
GNRC,IWM,0.89,1.0,1.66,,-0.162651,,,,
GNTX,IWM,0.7,0.48,0.63,,,,,,
GO,IWM,-0.25,-0.31,1.64,,,,,,
GOAU,QQQ,0.44,0.78,1.72,0.774419,,,,,
GOEX,QQQ,0.61,1.55,1.95,2.475385,,,,,
GOF,SPY,0.79,0.52,0.45,0.16,,,,,
GOGO,IWM,0.86,1.03,1.94,,-7.180928,,,,
GOLF,IWM,0.82,0.58,0.62,,,,,,
GOLY,IWM,0.5,0.87,1.1,,0.519545,,,,
GOOD,IWM,0.54,0.12,0.43,,0.572093,,,,
GOOG,SPY,0.87,1.16,1.42,0.38338,,,,,
GOOGL,SPY,0.88,1.32,1.45,0.440276,,,,,
GOOP,QQQ,0.8,0.87,1.39,,,,,,
GOOS,SPY,0.76,0.96,2.57,,-4.920934,,,,
GOOW,SPY,0.86,1.64,1.78,0.784494,,,,,
GOOX,SPY,0.88,2.35,2.76,,1.297464,,,,
GOOY,SPY,0.86,1.04,1.1,,-1.149455,,,,
GOP,IWM,0.92,0.66,0.53,-0.270566,,,,,
GOVT,SPY,0.15,0.07,0.15,,1.130667,,,,
GPC,IWM,0.51,0.13,0.8,,,,,,
GPCR,IWM,0.62,0.61,1.35,0.567111,,,,,
GPI,IWM,0.45,0.18,0.8,,,,,,
GPIQ,SPY,0.99,1.16,0.5,,,,,,
GPIX,SPY,0.99,0.91,0.4,0.284,,,,,
GPK,IWM,0.64,0.44,0.86,0.295814,,,,,
GPN,XLF,0.81,1.64,1.08,,,,,,
GPOR,XLE,0.83,1.16,0.86,,,,,,
GPTY,QQQ,0.93,1.45,0.94,1.396809,,,,,
GPZ,IWM,0.95,0.83,0.62,,,,,,
GRAL,IWM,0.83,2.2,2.95,0.501017,,,,,
GRBK,IWM,0.65,0.65,1.14,,,,,,
GREK,SPY,0.66,0.75,0.81,,,,,,
GRFS,QQQ,0.53,0.33,1.22,,,,,,
GRID,SPY,0.92,1.41,0.68,,-0.878382,,,,
GRMN,IWM,0.84,0.54,1.46,0.071507,,,,,
GRND,IWM,0.32,0.62,2.26,0.307345,,,,,
GRNY,SPY,0.98,1.54,0.74,,-0.692162,,,,
GRPN,IWM,0.79,1.22,1.25,-1.37856,,,,,
GRRR,QQQ,0.86,2.01,2.58,-0.319884,,,,,
GS,SPY,0.87,1.09,0.66,0.475,,,,,
GSAT,SPY,0.88,2.75,1.8,,-0.848611,,,,
GSBD,SPY,0.73,0.48,0.55,1.250182,,,,,
GSG,IWM,0.33,0.25,0.59,0.228814,,,,,
GSHD,XLF,0.56,0.38,0.8,,,,,,
GSIE,NONE,0.21,0.16,1.19,,,,,,
GSK,IWM,0.21,0.16,1.19,0.191597,,,,,
GSL,SPY,0.72,0.7,0.72,,-0.647222,,,,
GSLC,QQQ,0.99,0.75,0.45,0.772222,,,,,
GSOL,IWM,0.6,2.09,2.42,,-2.041529,,,,
GSX,SPY,0.36,0.04,0.02,,,,,,
GSY,SPY,0.36,0.04,0.02,,7.5,,,,
GTES,SPY,0.95,1.84,1.97,,-0.12,,,,
GTLB,SPY,0.9,1.73,1.61,0.555217,,,,,
GTLS,SPY,0.64,0.09,0.18,0.873333,,,,,
GTM,SPY,0.92,1.67,0.98,,-0.000306,,,,
GTX,IWM,0.59,0.24,2.35,,,,,,
GTY,IWM,0.1,0.21,0.5,0.14,,,,,
GUSH,SPY,0.71,1.43,1.52,1.575724,,,,,
GVA,IWM,0.91,0.84,0.64,,2.184375,,,,
GVAL,SPY,0.75,0.58,0.47,1.750638,,,,,
GWRE,QQQ,0.75,0.61,2.72,,,,,,
GWW,IWM,0.59,0.22,0.47,,,,,,
GXC,QQQ,0.73,1.04,1.09,,,,,,
GXIG,NONE,0.9,0.96,0.82,,,,,,
GXO,IWM,0.9,0.96,0.82,2.666341,,,,,
H,IWM,0.83,0.79,0.86,3.020233,,,,,
HACK,SPY,0.95,1.41,0.7,,-0.893571,,,,
HAE,IWM,0.53,0.34,1.6,2.648125,,,,,
HAL,XLE,0.85,1.36,1.46,0.675342,,,,,
HALO,SPY,0.28,0.22,0.67,0.210746,,,,,
HAS,IWM,0.8,0.53,0.86,0.31407,,,,,
HASI,SPY,0.79,1.02,1.09,,,,,,
HBAN,KRE,0.86,0.69,0.7,0.185714,,,,,
HBNC,KRE,0.86,0.77,1.0,,-1.3773,,,,
HBR,QQQ,0.83,2.83,4.46,,-2.427197,,,,
HCA,SPY,0.1,0.03,0.82,,0.173049,,,,
HCC,IWM,0.78,1.34,1.82,8.801538,,,,,
HCI,XLF,0.21,0.5,0.77,,,,,,
HCKT,IWM,0.85,0.47,1.03,0.400583,,,,,
HCM,QQQ,0.33,0.44,1.71,,,,,,
HCSG,IWM,0.8,0.49,1.53,,,,,,
HD,IWM,0.48,0.15,0.55,0.18,,,,,
HDB,SPY,0.59,0.41,0.59,0.469661,,,,,
HDSN,IWM,0.74,0.68,1.71,-4.296842,,,,,
HDV,IWM,0.29,0.1,0.23,0.7,,,,,
HE,IWM,0.64,0.34,0.48,,0.31125,,,,
HEI,SPY,0.75,0.89,0.92,,,,,,
HEI.A,SPY,0.65,0.41,0.93,-0.051183,,,,,
HELE,IWM,0.52,0.59,2.34,,,,,,
HERO,SPY,0.74,1.01,0.94,,,,,,
HESM,XLE,0.72,0.4,1.25,,-0.8368,,,,
HG,XLF,0.5,0.68,0.9,0.552444,,,,,
HGER,QQQ,0.3,0.0,0.51,0.470588,,,,,
HGV,IWM,0.83,0.84,1.2,,0.007,,,,
HHH,IWM,0.82,0.59,0.73,,,,,,
HI,IWM,0.74,1.11,2.48,,,,,,
HIBL,QQQ,0.97,3.68,2.38,0.658655,,,,,
HIFS,SPY,0.85,1.36,0.79,,-0.001013,,,,
HIG,XLF,0.53,0.6,0.64,,,,,,
HII,SPY,0.61,0.52,0.87,0.268046,,,,,
HIMS,SPY,0.86,3.86,1.79,1.269832,,,,,
HIMY,QQQ,0.64,4.4,3.45,-0.874203,,,,,
HIMZ,IWM,0.85,4.26,3.5,0.562629,,,,,
HIPO,SPY,0.77,1.29,0.99,1.66303,,,,,
HIPS,IWM,0.67,0.33,0.41,,,,,,
HIW,IWM,0.35,0.23,0.57,0.52807,,,,,
HIYY,SPY,0.71,1.93,2.33,,,,,,
HLAL,SPY,0.97,1.04,0.47,,,,,,
HLI,SPY,0.88,1.01,0.56,,,,,,
HLIO,IWM,0.92,1.52,1.22,,0.057377,,,,
HLNE,XLF,0.74,0.97,1.02,3.731667,,,,,
HLT,IWM,0.76,0.47,0.54,,0.281111,,,,
HMC,IWM,0.15,0.42,1.06,,-0.30566,,,,
HMY,GDX,0.93,1.58,3.4,,0.772353,,,,
HNDL,QQQ,0.72,0.19,0.33,0.52,,,,,
HNGE,IWM,0.57,1.02,2.38,,-1.008655,,,,
HNI,IWM,0.74,0.66,0.65,0.398769,,,,,
HNRG,IWM,0.85,1.39,2.49,0.028514,,,,,
HODL,IWM,0.77,2.01,1.84,,-0.907174,,,,
HOG,IWM,0.63,0.67,0.76,,,,,,
HOII,SPY,1.0,9.44,3.52,,,,,,
HOLX,IWM,-0.02,0.0,0.9,0.2,,,,,
HON,IWM,0.61,0.36,0.64,0.050625,,,,,
HOOD,SPY,0.95,3.42,2.23,,-2.877309,,,,
HOOG,SPY,0.95,7.38,4.53,-7.281722,,,,,
HOOI,QQQ,0.85,5.13,3.78,,,,,,
HOOW,QQQ,0.96,3.07,2.67,,-1.611835,,,,
HOOX,QQQ,0.95,5.67,4.62,,-5.446234,,,,
HOOY,SPY,0.94,2.85,1.75,,-4.213714,,,,
HOV,IWM,0.73,1.58,1.23,0.814309,,,,,
HOYY,IWM,0.93,1.67,1.68,-1.443571,,,,,
HP,XLE,0.87,1.92,1.18,,-0.649831,,,,
HPE,SPY,0.89,1.76,1.64,0.00561,,,,,
HPQ,IWM,0.92,1.08,1.03,0.290097,,,,,
HQH,SPY,0.72,0.5,0.6,,,,,,
HQY,SPY,0.66,0.37,0.81,,,,,,
HR,IWM,0.12,0.05,0.47,-0.041489,,,,,
HRB,IWM,-0.19,-0.05,0.45,0.176667,,,,,
HRI,IWM,0.82,1.18,1.1,0.395455,,,,,
HRL,IWM,-0.03,0.06,1.89,,,,,,
HRMY,IWM,0.27,0.0,1.32,,,,,,
HROW,IWM,0.7,1.05,1.38,,0.434783,,,,
HRTG,SPY,0.26,0.34,1.4,2.011143,,,,,
HSAI,QQQ,0.76,1.94,2.56,1.291094,,,,,
HSBC,SPY,0.41,0.65,1.1,1.111364,,,,,
HSIC,IWM,0.59,0.24,1.15,0.158609,,,,,
HSII,IWM,0.55,0.09,2.42,,,,,,
HST,SPY,0.86,0.79,0.71,4.80662,,,,,
HSY,IWM,-0.04,0.11,0.74,0.131757,,,,,
HTEC,SPY,0.68,2.43,1.37,,,,,,
HTFL,SPY,0.68,2.43,1.37,2.66365,,,,,
HTGC,SPY,0.81,0.65,0.4,0.55375,,,,,
HTHT,IWM,0.66,1.08,1.09,1.552294,,,,,
HTO,XLE,-0.13,-0.07,0.63,,-1.091905,,,,
HUBB,IWM,0.91,1.01,0.79,0.996329,,,,,
HUBG,SPY,0.56,0.88,0.85,,-0.103059,,,,
HUBS,SPY,0.76,1.37,1.9,,-9.539895,,,,
HUM,IWM,0.16,0.0,1.15,0.156522,,,,,
HUMN,SPY,0.88,3.01,1.3,-2.315769,,,,,
HURN,SPY,0.6,0.16,0.5,0.3896,,,,,
HUSA,XLE,0.64,0.89,2.05,-0.256585,,,,,
HUT,SPY,0.85,5.67,3.45,,-1.978,,,,
HVAC,SPY,0.89,2.05,1.21,,,,,,
HWC,KRE,0.95,0.98,0.62,,-1.170323,,,,
HWKN,IWM,0.83,0.9,0.62,2.496774,,,,,
HWM,SPY,0.93,1.13,0.63,,0.022857,,,,
HXL,SPY,0.81,0.78,0.62,-0.047419,,,,,
HY,IWM,0.91,0.96,0.71,,,,,,
HYDR,QQQ,0.92,3.48,2.76,,1.032609,,,,
HYG,SPY,0.9,0.22,0.12,,1.451667,,,,
HYGH,IWM,0.67,0.08,0.15,0.354667,,,,,
HYLB,SPY,0.89,0.23,0.12,1.101667,,,,,
IAC,IWM,0.92,0.96,0.8,2.479,,,,,
IAGG,SPY,0.25,0.01,0.11,,1.374545,,,,
IAI,IWM,0.95,0.74,0.49,,-0.236735,,,,
IAK,IWM,0.4,0.16,0.3,0.750667,,,,,
IART,SPY,0.76,0.89,0.99,,-0.477778,,,,
IAT,IWM,0.86,0.6,0.49,,,,,,
IAU,IWM,0.53,0.83,1.0,0.3045,,,,,
IAUI,IWM,0.49,0.48,0.65,0.281846,,,,,
IAUM,QQQ,0.58,0.81,1.0,0.3615,,,,,
IBAT,SPY,0.77,2.16,1.46,,,,,,
IBB,IWM,0.81,0.49,0.4,-0.04,,,,,
IBBQ,IWM,0.77,0.61,0.55,,,,,,
IBEX,IWM,0.89,0.62,3.56,,,,,,
IBIT,IWM,0.73,2.02,1.83,,-0.917158,,,,
IBKR,SPY,0.91,1.97,1.13,,-1.017876,,,,
IBLC,IWM,0.93,2.83,2.11,,-0.370711,,,,
IBM,IWM,0.82,0.51,1.17,0.162564,,,,,
IBN,KRE,0.11,0.09,0.89,,,,,,
IBOC,KRE,0.9,0.83,0.5,,,,,,
IBOT,QQQ,0.89,1.18,0.88,,,,,,
IBP,IWM,0.74,0.99,1.24,0.975726,,,,,
IBTA,IWM,0.73,0.98,4.51,,-0.231574,,,,
IBTF,SPY,0.02,0.0,0.03,5.0,,,,,
IBTI,SPY,0.33,0.06,0.08,,1.9425,,,,
IBTJ,SPY,0.1,0.06,0.1,,1.638,,,,
IBTK,SPY,0.11,0.04,0.11,,1.472727,,,,
IBTL,SPY,0.28,0.07,0.14,,1.241429,,,,
IBTM,SPY,0.26,0.05,0.16,,1.046875,,,,
IBTO,SPY,0.21,0.14,0.17,1.414118,-2.723529,,0.1,,09:00
ICE,XLF,0.71,0.79,0.53,-0.261509,,,,,
ICFI,IWM,0.43,0.26,1.25,,,,,,
ICHR,SPY,0.89,3.48,4.1,,0.953268,,,,
ICLN,SPY,0.88,1.61,0.98,0.05449,,,,,
ICLR,IWM,0.36,0.19,1.3,0.148692,,,,,
ICOI,SPY,0.87,2.85,1.78,-2.813764,,,,,
ICOP,IWM,0.84,1.37,1.18,,,,,,
ICSH,IWM,0.07,0.01,0.02,9.02,,,,,
ICUI,IWM,0.77,0.72,1.84,0.438261,,,,,
IDA,IWM,0.23,0.23,0.37,,,,,,
IDCC,SPY,0.72,1.47,1.63,,-1.12546,,,,
IDEF,SPY,0.82,1.2,0.62,,,,,,
IDEV,SPY,0.9,0.94,0.45,0.625778,,,,,
IDMO,SPY,0.86,0.92,0.48,0.734167,,,,,
IDR,GDX,0.58,0.43,3.62,,-0.462182,,,,
IDRV,SPY,0.83,1.47,0.93,,,,,,
IDT,SPY,0.42,0.39,0.87,,,,,,
IDU,IWM,0.64,0.25,0.28,0.339286,,,,,
IDV,SPY,0.77,0.57,0.45,0.906222,,,,,
IDVO,SPY,0.9,1.01,0.45,0.512889,,,,,
IDX,SPY,0.81,0.72,1.4,,,,,,
IDXX,SPY,0.81,0.72,1.4,,-0.427714,,,,
IDYA,IWM,0.72,0.92,1.21,,-0.599008,,,,
IEF,SPY,0.29,0.08,0.19,0.945263,,,,,
IEFA,SPY,0.9,0.96,0.47,0.441702,,,,,
IEI,SPY,0.29,0.05,0.12,1.3625,,,,,
IEMG,QQQ,0.89,1.22,0.75,,0.1736,,,,
IEO,IWM,0.62,0.43,0.65,,,,,,
IESC,SPY,0.93,2.34,1.57,,,,,,
IETC,QQQ,0.98,1.28,0.89,-0.017528,,,,,
IEUR,SPY,0.82,0.82,0.5,,,,,,
IEV,QQQ,0.83,0.66,0.51,0.647059,,,,,
IEX,IWM,0.84,0.76,0.68,1.513529,,,,,
IEZ,QQQ,0.8,0.65,0.73,,,,,,
IFF,IWM,0.59,0.6,0.59,1.142373,,,,,
IFN,SPY,0.37,0.19,0.54,,,,,,
IFRA,IWM,0.97,0.68,0.43,0.693953,,,,,
IGF,SPY,0.72,0.26,0.34,,,,,,
IGIB,SPY,0.54,0.21,0.17,1.314706,,,,,
IGIC,SPY,0.48,0.18,0.78,0.169744,,,,,
IGLB,SPY,0.49,0.44,0.34,1.101176,,,,,
IGLD,IWM,0.45,0.26,0.72,0.278889,,,,,
IGM,QQQ,0.99,1.35,0.84,0.366071,,,,,
IGOV,IWM,0.26,0.12,0.36,,,,,,
IGPT,SPY,0.95,2.23,1.09,,,,,,
IGSB,SPY,0.74,0.07,0.07,2.312857,,,,,
IGV,SPY,0.93,1.59,0.8,-0.2895,,,,,
IHAK,SPY,0.92,1.24,0.63,,-0.194921,,,,
IHE,IWM,0.53,0.22,0.35,0.62,,,,,
IHF,SPY,0.63,0.47,0.7,,,,,,
IHG,IWM,0.49,0.81,0.98,,,,,,
IHI,SPY,0.54,0.31,0.49,,,,,,
IIPR,IWM,0.72,0.59,0.74,,-0.163378,,,,
IJH,IWM,0.98,0.74,0.5,,0.4932,,,,
IJR,IWM,0.98,0.84,0.56,0.336429,,,,,
IJS,IWM,0.98,0.84,0.61,,-0.076721,,,,
ILF,SPY,0.9,0.96,0.61,1.347541,,,,,
ILMN,SPY,0.83,1.1,1.36,0.142647,,,,,
IMAX,IWM,0.57,0.5,0.62,,-0.669355,,,,
IMCR,SPY,0.62,0.57,0.6,,,,,,
IMKTA,NONE,0.65,1.19,1.47,,,,,,
IMNM,SPY,0.65,1.19,1.47,0.628231,,,,,
IMO,XLE,0.94,0.89,0.55,,-1.230364,,,,
IMOS,SPY,0.49,1.59,2.53,,,,,,
IMSR,SPY,0.62,4.12,4.69,-2.910874,,,,,
IMST,IWM,0.78,1.68,1.86,,,,,,
IMTM,QQQ,0.82,0.63,0.53,0.789057,,,,,
IMVT,IWM,0.81,0.99,0.89,0.013146,,,,,
INBX,SPY,0.37,0.62,9.25,,-0.658746,,,,
INCO,QQQ,0.24,0.37,0.68,,,,,,
INCY,QQQ,0.44,0.37,0.57,,0.784561,,,,
INDA,SPY,0.45,0.45,0.58,,-0.331034,,,,
INDB,KRE,0.91,0.89,0.66,,0.496061,,,,
INDL,SPY,0.62,1.32,1.07,,-1.340187,,,,
INDV,IWM,0.41,0.34,2.44,0.178279,,,,,
INDY,SPY,0.54,0.49,0.55,,-0.297455,,,,
INFA,IWM,0.25,0.0,0.12,1.5,,,,,
INFY,IWM,0.42,0.29,0.91,0.255165,,,,,
ING,XLF,0.52,1.11,1.1,0.653909,,,,,
INGR,IWM,0.4,0.14,0.6,-0.12,,,,,
INKT,IWM,0.09,0.15,3.94,,,,,,
INMD,IWM,0.77,0.46,1.47,-0.353197,,,,,
INOD,SPY,0.88,4.28,2.93,0.869215,,,,,
INQQ,IWM,0.39,0.29,0.73,,,,,,
INR,XLE,0.8,1.08,1.31,,,,,,
INSM,IWM,0.43,0.0,0.81,0.222222,,,,,
INSP,IWM,0.57,0.7,1.4,0.398571,,,,,
INSW,SPY,0.15,0.06,1.07,0.432336,,,,,
INTA,IWM,0.88,0.98,0.8,,-1.55125,,,,
INTC,SPY,0.62,0.48,3.78,,,,,,
INTL,SPY,0.91,1.19,0.55,,,,,,
INTU,SPY,0.7,0.66,1.0,,-0.4968,,,,
INTW,SPY,0.64,2.02,7.56,,,,,,
INVA,IWM,-0.05,0.0,1.28,0.140625,,,,,
INVH,IWM,-0.1,0.03,0.41,0.341463,,,,,
INVX,XLE,0.9,1.65,1.19,2.060504,,,,,
IONL,QQQ,0.83,5.58,5.3,6.056943,,,,,
IONQ,SPY,0.81,3.08,2.62,4.477405,,,,,
IONQ/W,SPY,0.74,4.46,3.75,,,,,,
IONS,IWM,0.33,0.21,2.17,,,,,,
IONX,IWM,0.79,5.31,5.3,6.916925,,,,,
IONZ,SPY,-0.8,-7.53,5.25,9.724343,,,,,
IOO,SPY,0.98,1.16,0.51,0.066667,,,,,
IOSP,IWM,0.83,0.4,0.45,,,,,,
IOT,SPY,0.92,1.77,1.94,,0.268918,,,,
IOYY,SPY,1.0,7.09,2.05,6.57522,,,,,
IP,SPY,0.51,0.22,1.0,,0.15,,,,
IPAR,IWM,0.56,0.27,0.51,,0.814902,,,,
IPG,IWM,0.63,0.34,0.47,0.440851,,,,,
IPGP,IWM,0.91,1.3,1.38,1.166667,,,,,
IPI,SPY,0.63,0.9,1.25,,-5.0544,,,,
IPO,QQQ,0.95,1.83,1.13,-0.606018,,,,,
IPX,GDX,0.52,1.07,2.72,,-0.552463,,,,
IQQQ,SPY,0.98,1.31,0.6,,-0.5975,,,,
IQV,IWM,0.75,0.59,0.86,,,,,,
IR,IWM,0.82,0.88,0.8,-0.133,,,,,
IRDM,IWM,0.82,1.01,1.48,,-0.703851,,,,
IRE,IWM,0.92,10.38,12.79,-1.454871,,,,,
IREN,SPY,0.81,4.93,4.8,,-0.841771,,,,
IREX,IWM,0.99,11.5,13.86,-1.107143,,,,,
IRM,IWM,0.81,0.62,0.57,,-0.195439,,,,
IRON,IWM,0.64,0.43,1.95,,,,,,
IRS,SPY,0.77,1.73,3.76,0.643138,,,,,
IRT,IWM,0.57,0.25,0.59,0.076271,,,,,
IRTC,SPY,0.68,0.68,1.77,,,,,,
ISPY,SPY,0.96,0.86,0.44,-0.065909,,,,,
ISRG,IWM,0.58,0.37,2.2,,,,,,
ISSC,IWM,0.82,1.08,3.23,,0.092508,,,,
ISTB,SPY,0.5,0.06,0.07,,2.305714,,,,
ISUL,SPY,0.56,0.53,6.59,,,,,,
IT,IWM,0.78,0.73,0.73,0.456575,,,,,
ITA,IWM,0.91,0.6,0.52,0.034615,,,,,
ITB,IWM,0.77,0.67,0.8,0.24175,,,,,
ITIC,SPY,0.62,0.83,0.99,,,,,,
ITOT,SPY,1.0,1.03,0.46,0.079783,,,,,
ITRI,IWM,0.93,0.99,0.82,,,,,,
ITRN,IWM,0.78,0.68,0.78,,,,,,
ITT,IWM,0.93,0.85,0.64,1.082031,,,,,
ITW,SPY,0.6,0.45,0.57,,,,,,
IUSB,SPY,0.57,0.21,0.15,1.448,,,,,
IUSG,QQQ,0.99,0.91,0.61,0.227705,,,,,
IUSV,SPY,0.93,0.65,0.31,0.106452,,,,,
IVE,SPY,0.94,0.63,0.29,,0.03931,,,,
IVES,QQQ,0.96,1.78,1.12,-0.167143,,,,,
IVOL,SPY,0.23,0.03,0.26,0.582692,,,,,
IVOO,IWM,0.98,0.75,0.52,0.581731,,,,,
IVV,SPY,1.0,1.0,0.44,,,,,,
IVVW,SPY,0.87,0.46,0.3,,,,,,
IVW,QQQ,0.99,0.99,0.62,,0.339194,,,,
IVZ,SPY,0.9,1.61,0.75,2.496933,,,,,
IWB,SPY,1.0,1.06,0.45,,,,,,
IWC,IWM,0.96,1.18,0.82,,-0.778049,,,,
IWD,IWM,0.95,0.45,0.3,0.691667,,,,,
IWF,SPY,0.99,1.44,0.62,,,,,,
IWM,SPY,0.93,1.43,0.66,,-0.162727,,,,
IWMI,IWM,0.97,0.57,0.47,0.213191,,,,,
IWMY,IWM,0.94,0.67,0.47,,-0.871489,,,,
IWN,IWM,0.99,0.88,0.57,,,,,,
IWO,IWM,0.99,1.11,0.78,0.216538,,,,,
IWP,SPY,0.96,1.3,0.58,,,,,,
IWR,IWM,0.97,0.59,0.41,0.643659,,,,,
IWV,SPY,1.0,1.06,0.46,,,,,,
IWY,SPY,0.99,1.5,0.65,,-0.669231,,,,
IX,SPY,0.41,0.6,1.04,,,,,,
IXC,SPY,0.56,0.24,0.49,0.511837,,,,,
IXJ,SPY,0.52,0.3,0.34,0.435294,,,,,
IXN,QQQ,0.98,1.3,0.85,,-0.344706,,,,
IXUS,SPY,0.94,1.1,0.5,,0.256,,,,
IYE,SPY,0.58,0.37,0.49,0.857347,,,,,
IYF,IWM,0.91,0.43,0.32,0.309062,,,,,
IYH,IWM,0.44,0.2,0.34,0.435294,,,,,
IYK,IWM,-0.22,0.0,0.31,,0.580645,,,,
IYR,IWM,0.43,0.37,0.4,0.3945,,,,,
IYRI,IWM,0.62,0.22,0.29,,,,,,
IYT,IWM,0.87,0.56,0.56,,,,,,
IYW,QQQ,0.99,1.27,0.82,0.106829,,,,,
IYZ,SPY,0.95,1.08,0.66,,0.865455,,,,
IZRL,SPY,0.68,1.13,1.05,,,,,,
J,IWM,0.89,0.62,0.49,,,,,,
JAAA,QQQ,0.14,0.02,0.03,8.013333,,,,,
JACK,IWM,0.63,0.88,0.82,,0.155122,,,,
JAKK,IWM,0.8,0.71,1.59,,,,,,
JANX,IWM,0.67,1.21,1.15,1.75713,,,,,
JAZZ,SPY,0.55,0.25,0.68,1.757353,,,,,
JBBB,QQQ,0.14,0.04,0.09,3.786667,,,,,
JBGS,SPY,0.59,0.61,1.28,,-0.392734,,,,
JBHT,IWM,0.65,0.45,2.24,,,,,,
JBL,SPY,0.92,2.07,1.5,-0.0242,,,,,
JBND,SPY,0.42,0.18,0.18,,1.133333,,,,
JBS,SPY,0.52,0.45,0.93,0.340323,,,,,
JBTM,IWM,0.87,0.88,1.13,,-0.027611,,,,
JCAP,SPY,0.69,0.85,0.83,-0.688554,,,,,
JCI,IWM,0.92,0.79,1.27,0.048425,,,,,
JCPB,SPY,0.56,0.14,0.15,0.956,,,,,
JD,KWEB,0.92,0.89,1.55,,,,,,
JEDI,IWM,0.83,1.2,1.29,,,,,,
JEF,SPY,0.9,1.82,1.31,1.531603,,,,,
JEPI,SPY,0.88,0.41,0.2,0.6065,,,,,
JEPQ,QQQ,0.98,0.62,0.43,0.313023,,,,,
JETS,IWM,0.91,0.73,0.73,,-0.353425,,,,
JFIN,SPY,0.58,1.32,1.13,,-0.124248,,,,
JFLI,IWM,0.29,0.78,2.59,,,,,,
JG,IWM,0.29,0.78,2.59,,,,,,
JHG,SPY,0.89,1.4,2.14,,-0.034579,,,,
JHX,IWM,0.69,0.89,4.16,,-1.426514,,,,
JILL,IWM,0.84,0.88,0.87,0.611494,,,,,
JJSF,IWM,0.2,0.06,0.39,0.571282,,,,,
JKHY,XLF,0.66,0.64,0.55,2.028364,,,,,
JKS,SPY,0.89,2.47,1.47,-1.191769,,,,,
JLL,IWM,0.71,0.96,0.83,1.272289,,,,,
JMTG,SPY,0.24,0.08,0.18,0.346667,,,,,
JNJ,IWM,-0.37,-0.18,0.46,0.234783,,,,,
JNK,IWM,0.92,0.16,0.12,,1.633333,,,,
JNUG,QQQ,0.58,3.09,3.94,1.880406,,,,,
JOBX,IWM,0.87,6.51,6.62,0.021148,,,,,
JOBY,SPY,0.85,3.98,3.12,3.390256,,,,,
JOYY,KWEB,0.68,0.27,0.79,,-1.584051,,,,
JPIE,SPY,0.56,0.04,0.05,3.072,,,,,
JPM,XLF,0.88,0.88,0.46,-0.176522,,,,,
JPMO,IWM,0.48,0.41,0.54,,0.287778,,,,
JPST,IWM,0.1,0.0,0.03,6.0,,,,,
JPX,SPY,0.66,1.07,1.44,,,,,,
JPXN,SPY,0.65,0.5,0.79,,,,,,
JTEK,SPY,0.97,2.2,1.0,-0.488,,,,,
JXN,XLF,0.85,1.6,0.78,1.576923,,,,,
K,IWM,-0.32,-0.02,0.61,0.293443,,,,,
KAI,IWM,0.89,0.85,0.87,,,,,,
KALU,IWM,0.88,1.18,1.75,0.831086,,,,,
KALV,IWM,0.64,0.64,1.61,0.040248,,,,,
KAR,IWM,0.81,0.43,0.61,,-0.552951,,,,
KARO,SPY,0.67,0.64,1.64,,,,,,
KARS,IWM,0.77,0.95,1.26,,,,,,
KB,SPY,0.54,1.37,1.66,1.542892,,,,,
KBA,SPY,0.62,1.15,1.19,1.053782,,,,,
KBAB,IWM,0.7,3.82,4.96,,,,,,
KBDC,XLF,0.49,0.48,0.5,,-0.7376,,,,
KBE,IWM,0.91,0.69,0.49,,,,,,
KBH,IWM,0.58,0.54,0.92,,,,,,
KBR,IWM,0.81,0.61,1.23,,,,,,
KBWB,IWM,0.9,0.46,0.44,0.503182,,,,,
KBWD,IWM,0.89,0.34,0.29,1.054483,,,,,
KBWY,IWM,0.78,0.29,0.31,0.393548,,,,,
KC,IWM,0.77,3.22,2.99,,-0.491639,,,,
KD,SPY,0.92,1.78,1.01,0.747723,,,,,
KDEF,QQQ,0.68,1.56,2.11,,-1.359242,,,,
KDK,IWM,0.53,0.11,3.31,,,,,,
KDP,IWM,-0.09,0.03,1.58,0.101203,,,,,
KE,IWM,0.8,0.63,1.74,,-2.11408,,,,
KELYA,IWM,0.77,0.64,1.98,,-4.734949,,,,
KEN,IWM,0.61,1.35,1.87,,,,,,
KEP,SPY,0.61,1.32,2.39,2.321674,,,,,
KEX,IWM,0.77,0.69,1.22,,0.555082,,,,
KEY,XLF,0.94,1.29,0.67,0.752388,,,,,
KEYS,IWM,0.95,0.99,1.0,0.5364,,,,,
KGC,GDX,0.98,0.95,1.97,,0.407614,0.2,,,
KGLD,SPY,0.56,0.9,1.15,,,,,,
KGS,IWM,0.74,0.92,1.14,0.85193,,,,,
KHC,IWM,0.17,0.1,0.43,,0.409302,,,,
KIE,IWM,0.71,0.34,0.32,1.486875,,,,,
KIM,IWM,0.51,0.21,0.43,0.442791,,,,,
KINS,XLF,0.5,0.59,0.88,-0.013636,,,,,
KIO,NONE,0.84,1.55,1.11,,,,,,
KKR,XLF,0.84,1.55,1.11,0.200901,,,,,
KLAC,SOXL,0.89,0.21,1.35,0.441407,,,,,
KLAR,SPY,0.82,1.44,1.6,,0.40875,,,,
KLIC,SOXL,0.9,0.29,1.35,,0.46763,,,,
KLIP,SPY,0.64,0.5,0.63,0.833333,,,,,
KMB,IWM,-0.1,-0.01,1.65,,,,,,
KMI,SPY,0.67,0.41,0.41,0.675854,,,,,
KMLI,SPY,0.73,3.0,3.02,,,,,,
KMPR,XLF,0.61,0.82,1.39,,-5.68777,,,,
KMT,IWM,0.9,0.94,1.61,0.829938,,,,,
KMTS,SPY,0.77,1.84,1.75,0.579886,,,,,
KMX,IWM,0.71,0.94,3.05,,-3.466754,,,,
KN,IWM,0.93,1.16,0.94,,,,,,
KNF,IWM,0.78,0.77,1.37,,-0.145109,,,,
KNG,IWM,0.75,0.19,0.21,0.839048,,,,,
KNSA,QQQ,0.14,0.17,0.87,,,,,,
KNSL,XLF,0.33,0.39,0.69,,0.19971,,,,
KNTK,SPY,0.79,0.94,1.15,,-4.332522,,,,
KNX,SPY,0.67,1.14,1.18,,-0.133729,,,,
KO,IWM,-0.42,0.0,0.53,0.339623,,,,,
KOF,IWM,0.37,0.13,0.39,-0.083333,,,,,
KOID,IWM,0.77,1.07,1.2,0.536917,,,,,
KOLD,IWM,0.07,1.19,2.85,,-1.089263,,,,
KOMP,IWM,0.96,1.05,0.9,,0.258333,,,,
KORP,SPY,0.5,0.26,0.18,1.295556,,,,,
KORU,SPY,0.85,8.59,4.8,,-12.621104,,,,
KPDD,IWM,0.76,1.84,2.44,1.687541,,,,,
KPLT,XLF,0.63,1.9,2.85,1.084561,,,,,
KQQQ,SPY,0.8,1.53,0.89,,-0.798764,,,,
KR,IWM,-0.58,-0.17,0.58,0.204828,,,,,
KRBN,IWM,0.08,0.07,0.63,,,,,,
KRC,IWM,0.77,0.56,0.97,0.626392,,,,,
KRE,IWM,0.9,0.7,0.57,0.15614,,,,,
KRG,IWM,0.58,0.36,0.48,,,,,,
KRMN,SPY,0.84,1.57,2.31,0.1329,,,,,
KRNT,IWM,0.89,1.19,1.25,,-3.89248,,,,
KROS,IWM,0.5,0.42,0.76,1.966579,,,,,
KRP,XLE,0.88,0.61,0.59,1.68661,,,,,
KRRO,IWM,0.82,1.53,9.79,,,,,,
KRT,SPY,0.77,0.66,1.01,,,,,,
KRUS,IWM,0.75,0.8,1.11,-0.609009,,,,,
KRYS,IWM,0.64,0.59,0.76,0.050526,,,,,
KSA,SPY,0.42,0.39,0.6,,,,,,
KSLV,IWM,0.64,1.89,1.81,,,,,,
KSPI,SPY,0.74,0.92,0.99,0.328081,,,,,
KSS,IWM,0.78,0.88,3.48,,,,,,
KSTR,SPY,0.64,1.84,2.3,1.585217,,,,,
KT,QQQ,0.54,0.17,0.77,0.410909,,,,,
KTB,IWM,0.73,0.76,0.98,,-0.97551,,,,
KTEC,IWM,0.78,1.52,1.4,,,,,,
KTOS,SPY,0.88,2.61,2.14,,0.887243,,,,
KTUP,IWM,0.88,4.17,5.18,,,,,,
KURE,SPY,0.6,1.24,1.56,0.103846,,,,,
KVUE,SPY,0.04,0.14,2.49,,,,,,
KVYO,IWM,0.81,1.52,1.56,5.50359,,,,,
KWEB,IWM,0.75,1.36,1.42,1.438873,,,,,
KWR,IWM,0.86,1.14,0.96,,,,,,
KYIV,SPY,0.61,2.34,2.6,,-1.472308,,,,
KYLD,SPY,0.98,2.08,1.54,2.015325,,,,,
KYMR,IWM,0.75,0.95,1.33,,,,,,
KYN,QQQ,0.73,0.34,0.41,0.87561,,,,,
L,XLF,0.63,0.6,0.42,0.719048,,,,,
LABU,IWM,0.87,2.26,1.81,,1.010939,,,,
LABX,IWM,0.88,6.9,6.91,-0.682923,,,,,
LAD,IWM,0.76,0.84,0.89,,-1.185169,,,,
LADR,XLF,0.79,0.7,0.37,,0.521622,,,,
LAKE,IWM,0.82,0.98,0.97,,,,,,
LAMR,IWM,0.66,0.37,0.47,0.012979,,,,,
LASR,QQQ,0.94,2.77,2.71,0.476974,,,,,
LAUR,SPY,0.45,0.31,1.78,,,,,,
LAYS,SPY,0.74,5.62,5.57,,-0.719713,,,,
LB,IWM,0.75,0.87,1.44,1.082014,,,,,
LBRDA,IWM,0.58,0.31,1.22,,,,,,
LBRDK,IWM,0.63,0.32,1.1,0.339636,,,,,
LBRT,XLE,0.82,1.55,1.56,0.974038,,,,,
LBRX,QQQ,0.49,0.38,1.42,,,,,,
LBTYA,IWM,0.69,0.42,0.63,,,,,,
LBTYK,IWM,0.75,0.42,0.61,,,,,,
LC,SPY,0.9,2.1,2.23,,0.660538,,,,
LCDL,SPY,0.75,3.07,2.81,,5.461388,,,,
LDOS,IWM,0.21,0.07,0.4,0.44475,,,,,
LE,SPY,0.85,1.73,1.37,,,,,,
LEA,SPY,0.8,0.79,0.74,0.384189,,,,,
LECO,IWM,0.88,0.58,0.59,,,,,,
LEGH,SPY,0.5,0.49,0.78,,,,,,
LEGN,SPY,0.5,0.49,0.78,,0.525256,,,,
LEN,IWM,0.5,0.67,1.39,0.298201,,,,,
LEN.B,IWM,0.61,0.88,0.96,0.645833,,,,,
LENZ,IWM,0.77,1.3,1.9,2.12,,,,,
LEU,IWM,0.75,3.58,4.09,,-10.004499,,,,
LEVI,IWM,0.73,0.73,1.36,,,,,,
LFGY,QQQ,0.91,1.42,1.12,-0.343571,,,,,
LFMD,IWM,0.9,1.23,1.1,,-1.234091,,,,
LFUS,IWM,0.93,1.21,0.9,,,,,,
LFVN,IWM,0.71,0.57,2.84,-0.318556,,,,,
LGCY,SPY,0.59,0.8,2.0,,-0.105,,,,
LGIH,IWM,0.56,1.28,1.46,,-0.09589,,,,
LGN,SPY,0.48,0.49,1.57,0.588662,,,,,
LGND,SPY,0.66,0.46,0.68,2.351471,,,,,
LH,IWM,0.16,0.03,0.62,0.19629,,,,,
LHX,IWM,0.25,0.14,0.43,0.392558,,,,,
LI,IWM,0.55,0.95,1.8,0.495833,,,,,
LIF,SPY,0.88,2.18,2.31,,-0.683377,,,,
LII,IWM,0.75,0.54,0.71,,,,,,
LIN,XLE,0.56,0.06,0.44,,-0.446364,,,,
LINC,IWM,0.73,0.56,1.27,,,,,,
LIND,IWM,0.78,0.77,1.19,0.169412,,,,,
LINE,IWM,0.54,0.46,0.93,,-0.642366,,,,
LIT,IWM,0.69,1.24,1.76,0.391136,,,,,
LITE,IWM,0.91,2.66,3.32,3.675663,,,,,
LIVN,IWM,0.63,0.21,0.78,0.481026,,,,,
LKFN,KRE,0.9,0.74,0.62,,-0.621613,,,,
LKQ,IWM,0.53,0.31,0.78,,0.206923,,,,
LLII,IWM,0.4,0.35,0.91,,,,,,
LLY,IWM,0.4,0.35,0.91,0.278571,,,,,
LLYVK,IWM,0.82,0.73,0.63,,,,,,
LLYX,IWM,0.46,0.88,1.84,0.217391,,,,,
LLYZ,QQQ,-0.23,0.16,2.02,,,,,,
LMAT,SPY,0.62,0.53,0.62,,,,,,
LMB,SPY,0.88,0.64,1.76,-0.034773,,,,,
LMBO,IWM,0.89,5.36,3.79,-4.04591,,,,,
LMND,SPY,0.91,2.8,2.57,0.842802,,,,,
LMNX,SPY,0.89,6.77,9.2,1.973717,,,,,
LMT,IWM,0.07,0.14,0.73,0.199452,,,,,
LMTL,IWM,0.21,0.54,1.43,,,,,,
LNC,SPY,0.88,0.94,0.93,2.98129,,,,,
LNG,XLE,0.84,0.46,0.43,-0.409767,,,,,
LNN,IWM,0.8,0.49,0.92,,,,,,
LNT,IWM,0.01,0.05,0.36,0.423611,,,,,
LNTH,SPY,0.29,0.0,1.09,,,,,,
LNW,NONE,0.8,1.23,0.78,,,,,,
LOAR,SPY,0.8,1.23,0.78,,-0.170385,,,,
LOCO,IWM,0.74,0.27,1.23,,,,,,
LOGI,QQQ,0.79,0.87,1.02,0.397353,,,,,
LOMA,SPY,0.8,2.4,3.63,1.224793,,,,,
LOPE,IWM,0.09,0.0,1.08,0.166667,,,,,
LOVE,IWM,0.9,0.96,2.1,0.476762,,,,,
LOW,IWM,0.47,0.19,0.68,,0.108235,,,,
LPG,SPY,0.56,0.19,1.14,,-0.775088,,,,
LPLA,XLF,0.85,1.39,1.55,,,,,,
LPX,IWM,0.7,0.77,1.11,,-0.44964,,,,
LQD,SPY,0.59,0.32,0.22,,1.263636,,,,
LQDA,IWM,0.68,0.86,1.82,0.009121,,,,,
LQDT,IWM,0.83,0.69,0.56,,,,,,
LQDW,SPY,0.17,0.09,0.17,1.030588,,,,,
LRCU,QQQ,0.85,4.68,4.1,,,,,,
LRCX,QQQ,0.93,2.39,1.87,-1.162513,,,,,
LRN,SPY,0.41,0.37,5.54,,,,,,
LSCC,IWM,0.92,1.84,1.6,-1.164,,,,,
LSPD,IWM,0.9,1.11,1.31,6.060229,,,,,
LSTR,SPY,0.6,0.65,0.69,,-0.394928,,,,
LTBR,IWM,0.87,3.6,3.16,0.649367,,,,,
LTC,IWM,0.22,0.12,0.38,0.410526,,,,,
LTCC,IWM,0.55,5.11,3.53,,-2.656006,,,,
LTH,SPY,0.61,0.96,0.98,0.770204,,,,,
LTM,SPY,0.5,0.85,1.22,0.37377,,,,,
LTPZ,SPY,0.35,0.45,0.38,1.093421,,,,,
LULG,SPY,1.0,2.4,2.07,,,,,,
LULU,IWM,0.79,0.58,2.69,,,,,,
LUNR,IWM,0.87,2.64,2.4,,-2.356,,,,
LUV,IWM,0.86,0.92,0.89,,,,,,
LVHD,IWM,0.65,0.19,0.21,,,,,,
LVHI,SPY,0.82,0.45,0.29,0.905172,,,,,
LVS,SPY,0.71,0.79,1.26,0.40746,,,,,
LW,IWM,0.59,0.5,0.99,-0.065657,,,,,
LWAY,IWM,0.47,0.38,3.63,,,,,,
LXFR,NONE,0.81,1.12,1.27,,,,,,
LYB,SPY,0.81,1.12,1.27,0.19748,,,,,
LYEL,IWM,0.49,0.5,1.68,,,,,,
LYFT,SPY,0.9,1.8,2.37,3.8,,,,,
LYFX,IWM,0.85,2.56,3.88,6.558557,,,,,
LYTS,IWM,0.86,0.82,2.21,,-1.773756,,,,
LYV,SPY,0.73,0.66,0.91,,-0.067253,,,,
LZB,IWM,0.69,0.53,2.1,,,,,,
M,IWM,0.89,0.73,1.97,,,,,,
MA,XLF,0.73,0.77,0.37,-0.876486,,,,,
MAA,SPY,0.3,-0.01,0.42,0.366429,,,,,
MAAY,SPY,1.0,1.08,1.77,,,,,,
MAC,IWM,0.71,0.72,0.8,,,,,,
MAGC,IWM,0.62,0.76,1.41,0.634326,,,,,
MAGN,IWM,0.76,0.96,1.05,,,,,,
MAGS,QQQ,0.95,1.19,0.87,0.262184,,,,,
MAGX,QQQ,0.94,2.24,1.65,0.444121,,,,,
MAGY,SPY,0.88,0.83,0.49,0.492449,,,,,
MAIN,SPY,0.69,0.3,0.45,,0.86,,,,
MAN,IWM,0.72,0.94,1.2,,0.0975,,,,
MANH,SPY,0.85,1.4,0.87,,,,,,
MANU,IWM,0.77,0.29,0.86,0.142558,,,,,
MAR,IWM,0.78,0.43,0.49,,0.402449,,,,
MARA,BITO,0.9,1.02,2.24,0.146071,,,,,
MARO,QQQ,0.86,1.81,1.77,,-2.185706,,,,
MAS,IWM,0.85,0.78,0.96,0.381458,,,,,
MASI,IWM,0.77,0.66,0.76,,-0.689474,,,,
MAT,IWM,0.74,0.69,1.03,,0.348932,,,,
MATW,IWM,0.87,0.92,0.76,,,,,,
MATX,IWM,0.77,0.75,1.04,,-0.778846,,,,
MAX,QQQ,0.53,0.63,2.61,,-0.190766,,,,
MAXI,QQQ,0.78,2.72,2.58,-0.044031,,,,,
MAZE,IWM,0.2,0.33,4.14,,,,,,
MBAV,SPY,0.33,0.03,0.22,,,,,,
MBB,SPY,0.4,0.29,0.17,1.479412,,,,,
MBC,IWM,0.74,0.74,1.42,0.173662,,,,,
MBLY,IWM,0.9,1.38,1.29,,-0.094729,,,,
MBUU,IWM,0.68,0.59,2.78,,,,,,
MBX,IWM,0.39,0.78,15.48,,,,,,
MC,XLF,0.9,2.02,0.87,,0.046207,,,,
MCD,IWM,-0.27,0.03,0.4,0.41775,,,,,
MCFT,IWM,0.86,0.85,1.68,-1.23869,,,,,
MCGA,BITO,0.24,0.01,1.21,0.810744,,,,,
MCHI,IWM,0.71,0.99,1.15,1.344522,,,,,
MCHP,IWM,0.86,1.1,1.36,,-0.320588,,,,
MCK,IWM,-0.35,-0.12,0.61,0.590164,,,,,
MCO,XLF,0.71,0.8,0.47,,-0.638298,,,,
MCRB,SPY,0.44,0.83,3.19,0.312414,,,,,
MCRI,SPY,0.63,0.3,0.57,0.738596,,,,,
MCY,XLF,0.73,0.78,0.56,,,,,,
MD,IWM,0.73,0.61,2.01,,,,,,
MDB,QQQ,0.86,1.54,4.14,1.296667,,,,,
MDBX,QQQ,0.8,2.35,8.91,,,,,,
MDGL,IWM,0.65,0.89,0.95,-0.672421,,,,,
MDLZ,IWM,-0.32,-0.18,0.61,0.554754,,,,,
MDT,IWM,0.32,0.15,0.75,0.174,,,,,
MDU,IWM,0.58,0.23,0.56,0.541607,,,,,
MDWD,IWM,0.48,0.53,1.23,,,,,,
MDY,IWM,0.98,0.69,0.51,0.639804,,,,,
MEC,SPY,0.75,1.21,1.83,-1.273497,,,,,
MED,IWM,0.53,0.38,0.72,,,,,,
MEDP,IWM,0.73,0.26,1.79,,,,,,
MEG,IWM,0.88,1.36,1.78,-0.219775,,,,,
MELI,SPY,0.79,0.94,1.18,,-0.796949,,,,
MENS,IWM,-0.06,-0.44,2.39,,,,,,
MEOH,IWM,0.82,0.94,1.2,0.368167,,,,,
MESO,SPY,0.53,1.48,2.92,,-1.089041,,,,
MET,XLF,0.92,1.46,0.48,3.265833,,,,,
META,QQQ,0.93,1.02,1.55,0.108774,,,,,
METC,SPY,0.78,4.09,3.84,-0.440234,,,,,
METCB,IWM,0.35,0.36,2.3,,,,,,
METD,IWM,-0.78,-0.73,1.56,0.031154,,,,,
METL,IWM,0.64,1.14,1.26,,,,,,
METU,SPY,0.88,2.95,3.11,-0.169936,,,,,
METV,SPY,0.95,1.67,0.84,-0.417857,,,,,
METW,SPY,0.81,1.84,1.83,0.162404,,,,,
MEXX,QQQ,0.87,1.68,1.4,0.171429,,,,,
MFC,SPY,0.87,0.85,0.45,,,,,,
MFI,XLF,0.77,0.62,0.51,,,,,,
MFIC,XLF,0.77,0.62,0.51,,-0.340784,,,,
MFSI,SPY,0.89,0.92,0.5,0.1248,,,,,
MGA,IWM,0.8,0.76,0.75,0.206933,,,,,
MGC,QQQ,0.99,0.75,0.48,0.421875,,,,,
MGEE,IWM,0.38,0.07,0.39,0.041282,,,,,
MGIC,QQQ,0.65,0.73,1.68,,,,,,
MGK,SPY,0.99,1.44,0.64,-0.080625,,,,,
MGM,IWM,0.82,0.81,1.04,,0.46125,,,,
MGNI,IWM,0.82,0.77,1.93,,-4.941658,,,,
MGPI,IWM,0.56,0.16,1.12,,,,,,
MGRC,IWM,0.63,0.31,0.96,,,,,,
MGV,IWM,0.88,0.33,0.27,0.373333,,,,,
MGY,XLE,0.96,1.39,0.92,,,,,,
MH,IWM,0.66,0.56,2.29,,,,,,
MHK,IWM,0.71,0.83,0.87,,,,,,
MHO,IWM,0.66,0.67,1.0,,,,,,
MIAX,XLF,0.5,0.45,0.99,1.349495,,,,,
MIDD,IWM,0.88,0.79,1.12,5.387411,,,,,
MIDU,IWM,0.98,2.03,1.54,1.013636,,,,,
MINT,SPY,0.5,0.03,0.02,,7.545,,,,
MIR,SPY,0.94,2.69,1.92,0.820677,,,,,
MIRM,IWM,0.62,0.51,0.72,,-0.373333,,,,
MISL,SPY,0.88,1.05,0.53,,,,,,
MJ,SPY,0.83,1.81,2.11,,-1.176351,,,,
MKC,IWM,-0.23,-0.07,0.53,0.392453,,,,,
MKL,XLF,0.77,0.96,0.59,1.058983,,,,,
MKOR,SPY,0.85,2.46,1.34,,,,,,
MKSI,SOXL,0.93,0.42,1.9,1.512842,,,,,
MKTX,XLF,0.18,0.15,0.75,-0.057333,,,,,
MLAB,IWM,0.81,1.0,0.83,,-0.240964,,,,
MLI,SPY,0.9,0.82,0.53,0.375849,,,,,
MLKN,IWM,0.74,0.59,0.71,0.35507,,,,,
MLM,IWM,0.59,0.38,0.52,,,,,,
MLNK,NONE,0.54,0.19,0.3,,,,,,
MLPA,SPY,0.54,0.19,0.3,0.550667,,,,,
MLPX,SPY,0.65,0.32,0.36,0.718889,,,,,
MLTX,IWM,0.48,0.38,11.04,,,,,,
MLYS,IWM,0.31,0.63,5.84,,,,,,
MMC,XLF,0.51,0.59,0.74,,-0.446216,,,,
MMM,SPY,0.72,0.82,0.5,,0.2016,,,,
MMS,IWM,0.53,0.2,0.44,0.313636,,,,,
MMSI,IWM,0.45,0.13,1.43,,,,,,
MMYT,SPY,0.69,1.17,0.7,,,,,,
MNDY,IWM,0.8,1.04,2.7,,-0.746074,,,,
MNPR,IWM,0.51,1.67,2.39,,,,,,
MNR,SPY,0.59,0.44,0.75,,,,,,
MNRO,IWM,0.73,0.8,2.47,-0.05668,,,,,
MNSO,IWM,0.64,1.29,2.45,,-1.12702,,,,
MNST,IWM,0.15,0.2,0.86,,,,,,
MNTN,IWM,0.6,0.65,1.64,0.343598,,,,,
MO,IWM,-0.51,-0.14,0.67,,0.308358,,,,
MOAT,SPY,0.94,0.86,0.42,,0.111429,,,,
MOD,IWM,0.92,1.79,1.88,1.885745,,,,,
MOG.A,SPY,0.74,0.63,0.59,,-0.995085,,,,
MOH,IWM,0.11,0.27,2.9,0.065793,,,,,
MOO,SPY,0.72,0.51,0.47,,,,,,
MORN,XLF,0.62,0.41,0.38,,-0.929211,,,,
MORT,SPY,0.82,0.51,0.31,0.483871,,,,,
MOS,SPY,0.64,0.61,1.4,,,,,,
MOV,IWM,0.83,0.85,0.92,,-1.282609,,,,
MP,IWM,0.71,2.45,2.45,2.693469,,,,,
MPAA,IWM,0.88,1.03,0.93,,,,,,
MPB,KRE,0.87,0.69,0.75,,,,,,
MPC,XLE,0.82,0.98,1.21,0.742479,,,,,
MPG,IWM,0.58,3.76,10.92,1.455751,,,,,
MPL,IWM,0.72,5.32,5.2,,,,,,
MPLT,QQQ,0.67,0.5,1.48,,-0.425676,,,,
MPLX,SPY,0.5,0.21,0.31,,0.592258,,,,
MPTI,SPY,0.66,1.81,1.25,,,,,,
MPWR,QQQ,0.92,1.97,1.94,,0.174485,,,,
MRAL,QQQ,0.88,5.83,4.56,,-1.596645,,,,
MRCY,IWM,0.83,1.13,1.0,-0.7436,,,,,
MRK,IWM,0.08,0.1,0.59,,0.318644,,,,
MRNA,IWM,0.75,1.12,1.46,5.531507,,,,,
MRP,SPY,0.6,0.59,0.58,,1.825172,,,,
MRTN,IWM,0.61,0.36,0.85,0.127059,,,,,
MRUS,SPY,0.11,0.09,4.57,,,,,,
MRVL,IWM,0.89,2.21,2.73,2.98022,,,,,
MRX,SPY,0.68,1.06,0.98,-1.08,,,,,
MS,SPY,0.9,0.94,0.78,,-0.265641,,,,
MS/PE,SPY,0.25,0.0,0.22,,,,,,
MSB,IWM,0.45,0.22,1.05,,,,,,
MSCI,XLF,0.61,0.62,0.48,-0.310417,,,,,
MSDD,SPY,-0.67,-6.67,4.82,,,,,,
MSDL,XLF,0.66,0.57,0.49,0.110612,,,,,
MSEX,XLE,0.03,0.0,1.85,,,,,,
MSFD,IWM,-0.69,-0.47,0.72,0.015,,,,,
MSFL,SPY,0.83,1.44,1.45,,-0.422897,,,,
MSFO,SPY,0.87,0.85,0.63,,-0.638889,,,,
MSFT,SPY,0.83,0.73,0.71,,,,,,
MSFU,SPY,0.83,1.61,1.42,,-0.472606,,,,
MSFW,SPY,0.73,0.82,0.84,,,,,,
MSFX,SPY,0.86,1.73,1.42,,-1.781408,,,,
MSFY,SPY,0.72,0.5,0.61,,,,,,
MSGE,SPY,0.75,0.98,0.71,,,,,,
MSGS,SPY,0.62,0.37,0.79,,0.077468,,,,
MSGY,SPY,0.16,0.0,5.72,,,,,,
MSI,IWM,0.46,0.14,0.48,,0.275833,,,,
MSIF,XLF,0.76,0.85,0.65,,,,,,
MSII,QQQ,0.84,2.29,1.97,,,,,,
MSM,IWM,0.67,0.5,0.73,0.089041,,,,,
MST,IWM,0.82,4.21,3.65,,-2.292137,,,,
MSTP,IWM,0.82,5.89,4.78,,,,,,
MSTR,IWM,0.81,2.37,2.09,,-1.217943,,,,
MSTW,QQQ,0.77,2.84,2.55,-1.643294,,,,,
MSTX,IWM,0.81,4.82,4.19,-2.683389,,,,,
MSTY,QQQ,0.86,2.32,1.86,,-3.363441,,,,
MT,SPY,0.81,1.2,1.65,2.556364,,,,,
MTB,XLF,0.88,1.17,0.49,1.23551,,,,,
MTBA,SPY,0.49,0.11,0.1,,,,,,
MTCH,IWM,0.91,0.64,0.58,,-0.318621,,,,
MTD,IWM,0.63,0.5,0.65,,-0.653846,,,,
MTDR,XLE,0.96,2.03,1.47,2.259592,,,,,
MTEN,SPY,-0.03,0.21,3.47,,,,,,
MTG,XLF,0.8,0.86,0.39,,-0.963077,,,,
MTH,IWM,0.63,0.91,1.09,,,,,,
MTN,IWM,0.75,0.7,0.89,,,,,,
MTRN,IWM,0.84,0.88,1.33,,-0.833684,,,,
MTRX,IWM,0.85,1.28,1.61,,-1.009193,,,,
MTSI,QQQ,0.95,1.63,1.14,2.455351,,,,,
MTSR,SPY,0.37,0.55,8.05,0.592547,,,,,
MTUM,QQQ,0.96,0.8,0.58,,,,,,
MTUS,NONE,0.72,1.34,1.25,,,,,,
MTYY,IWM,0.72,1.34,1.25,,,,,,
MTZ,SPY,0.94,2.42,1.21,0.463967,,,,,
MU,SPY,0.89,4.18,2.22,,0.425315,,,,
MUB,SPY,0.36,0.1,0.11,1.572727,,,,,
MUD,QQQ,-0.88,-3.03,2.29,,0.462052,,,,
MUFG,KRE,0.39,1.17,1.37,0.718321,,,,,
MULL,SPY,0.88,8.12,4.45,0.617618,,,,,
MUR,XLE,0.89,2.01,1.48,6.173176,,,,,
MUSA,SPY,-0.35,-0.53,0.75,,0.6028,,,,
MUU,SPY,0.88,8.24,4.49,0.216927,,,,,
MUX,GDX,0.94,1.27,2.96,,-2.505372,,,,
MVLL,IWM,0.89,4.13,5.53,5.312676,,,,,
MWA,IWM,0.82,0.67,0.71,0.111972,,,,,
MXL,SOXL,0.96,0.49,1.82,0.529341,,,,,
MYRG,SPY,0.95,1.87,0.95,-0.964105,,,,,
MZTI,IWM,0.45,0.19,0.52,,,,,,
NAD,SPY,0.26,0.25,0.25,0.85,,,,,
NAIL,IWM,0.74,1.58,2.33,0.212876,,,,,
NAMS,IWM,0.46,0.63,1.08,0.12963,,,,,
NANC,SPY,0.98,1.07,0.5,,-0.0638,,,,
NATL,SPY,0.86,1.51,1.38,,-9.936087,,,,
NATO,SPY,0.42,0.28,0.86,,,,,,
NATR,IWM,0.48,0.32,2.43,,,,,,
NAVI,XLF,0.77,0.71,0.93,-0.07871,,,,,
NAVN,SPY,0.62,0.0,1.32,,,,,,
NBIG,SPY,0.98,8.1,7.66,3.29765,,,,,
NBIL,SPY,0.94,7.95,6.76,4.879216,,,,,
NBIS,SPY,0.85,3.85,6.86,1.279009,,,,,
NBIX,IWM,0.47,0.46,0.87,0.249195,,,,,
NBN,KRE,0.89,0.98,0.77,-0.642338,,,,,
NBR,XLE,0.86,2.26,1.63,,,,,,
NBTB,KRE,0.91,0.75,0.61,,0.766393,,,,
NBXG,SPY,0.93,1.18,0.58,1.316552,,,,,
NCDL,SPY,0.64,0.52,0.64,1.115625,,,,,
NCIQ,QQQ,0.82,2.09,1.8,,-0.934889,,,,
NCLH,IWM,0.88,1.3,1.48,-0.04527,,,,,
NCNO,IWM,0.77,0.76,1.74,,,,,,
NCSM,XLF,0.8,0.85,0.44,,,,,,
NDAQ,XLF,0.8,0.85,0.44,,-0.535227,,,,
NDSN,IWM,0.89,0.55,0.87,0.78046,,,,,
NE,XLE,0.91,1.56,1.24,,-0.254516,,,,
NEAR,SPY,0.46,0.04,0.05,3.048,,,,,
NEBX,SPY,0.9,8.2,6.16,5.948052,,,,,
NEE,IWM,0.18,0.1,0.49,0.365306,,,,,
NEGG,IWM,0.57,2.6,4.64,-1.406897,,,,,
NEM,GDX,0.97,0.96,2.05,,,,,,
NEON,SPY,0.61,0.44,10.09,,,,,,
NERD,SPY,0.81,1.34,0.86,,,,,,
NET,SPY,0.95,2.59,1.34,,1.310299,,,,
NETX,SPY,0.92,3.8,4.39,,,,,,
NEU,IWM,0.44,0.35,0.4,,,,,,
NEWT,KRE,0.84,0.81,1.2,,,,,,
NEXN,QQQ,0.8,0.64,3.12,,,,,,
NEXT,SPY,0.72,0.7,1.39,,,,,,
NFBK,KRE,0.95,1.04,0.67,,,,,,
NFG,XLE,0.38,0.04,0.48,,-1.414167,,,,
NFLP,SPY,0.53,0.58,0.98,,,,,,
NFLU,SPY,0.47,0.97,2.28,,-0.249035,,,,
NFLW,QQQ,0.59,0.61,1.43,-0.083846,,,,,
NFLX,QQQ,0.43,0.38,1.14,,,,,,
NFLY,SPY,0.63,0.58,0.92,,-0.744783,,,,
NFTY,SPY,0.46,0.65,0.64,,,,,,
NFXL,SPY,0.52,1.23,2.31,,-0.377013,,,,
NFXS,IWM,-0.41,-0.37,1.16,,,,,,
NGG,XLE,-0.3,-0.28,0.82,,-1.178537,,,,
NGNE,IWM,0.74,0.97,1.69,,,,,,
NGVC,IWM,-0.08,0.05,0.68,,,,,,
NHI,IWM,0.08,-0.02,0.41,,,,,,
NI,SPY,0.43,0.22,0.52,,,,,,
NICE,SPY,0.71,1.31,1.36,-0.082353,,,,,
NIHI,IWM,0.82,0.28,0.73,0.284932,,,,,
NIKL,IWM,0.47,0.74,1.21,0.10595,,,,,
NIQ,IWM,0.61,0.39,0.76,,,,,,
NJR,XLE,0.24,0.14,0.34,,,,,,
NKE,IWM,0.75,0.53,1.12,,,,,,
NKLR,SPY,0.54,0.76,3.09,,-0.507314,,,,
NKTR,SPY,0.79,1.51,2.61,0.121111,,,,,
NLR,IWM,0.84,1.75,1.61,-0.942547,,,,,
NLY,SPY,0.72,0.56,0.37,0.753514,,,,,
NMAX,SPY,0.79,1.31,1.33,-1.177519,,,,,
NMFC,XLF,0.62,0.63,0.55,0.832,,,,,
NMIH,XLF,0.75,0.4,0.81,0.118519,,,,,
NMM,SPY,0.61,0.49,0.92,,,,,,
NMRK,IWM,0.7,0.79,0.82,1.231098,,,,,
NN,SPY,0.78,1.74,1.16,,-3.32069,,,,
NNE,QQQ,0.92,3.62,3.23,,-2.296223,,,,
NNN,IWM,-0.07,0.12,0.34,0.511765,,,,,
NNNN,IWM,0.07,-0.62,2.03,,,,,,
NOA,XLE,0.8,0.83,2.6,,0.158615,,,,
NOBL,IWM,0.65,0.17,0.22,0.818182,,,,,
NOC,IWM,-0.31,-0.1,0.52,0.355769,,,,,
NODE,IWM,0.89,2.13,1.78,,-1.680393,,,,
NOG,XLE,0.9,1.64,1.35,1.295407,,,,,
NOMD,IWM,0.58,0.38,0.67,2.321791,,,,,
NOV,XLE,0.87,1.47,1.13,1.059381,,,,,
NOVT,IWM,0.88,1.04,1.47,,-4.539864,,,,
NOW,SPY,0.9,1.21,0.85,,-0.620706,,,,
NOWL,QQQ,0.7,2.4,2.09,,-3.100478,,,,
NP,BITO,0.25,0.01,1.64,,,,,,
NPO,IWM,0.87,0.98,0.99,,,,,,
NRDS,SPY,0.81,1.07,1.8,-0.213889,,,,,
NREF,XLF,0.55,0.27,0.61,,,,,,
NRG,SPY,0.9,1.93,1.18,-3.667458,,,,,
NRGD,QQQ,0.02,0.23,2.62,,,,,,
NRGU,QQQ,0.5,0.64,1.91,,1.191204,,,,
NRIM,KRE,0.85,0.9,0.73,,-0.508219,,,,
NRIX,IWM,0.74,1.1,2.32,,,,,,
NSA,IWM,0.31,0.27,0.53,-0.082264,,,,,
NSC,SPY,0.43,0.21,0.44,0.374318,,,,,
NSIT,IWM,0.73,0.52,0.56,,,,,,
NSP,IWM,0.68,0.64,2.64,,,,,,
NSSC,IWM,0.82,0.82,1.48,,,,,,
NTAP,SPY,0.93,1.42,0.83,,,,,,
NTCT,IWM,0.9,0.92,1.4,6.601429,,,,,
NTES,SPY,0.68,1.68,1.86,1.787742,,,,,
NTGR,IWM,0.74,0.94,1.54,,,,,,
NTLA,SPY,0.62,3.43,7.17,,-0.366569,,,,
NTNX,SPY,0.88,1.42,1.4,,-0.724571,,,,
NTR,XLE,0.61,0.32,0.47,,0.346383,,,,
NTRA,SPY,0.81,0.69,1.03,,-0.289806,,,,
NTRS,XLF,0.9,1.28,0.61,0.506885,,,,,
NTSK,SPY,0.91,2.12,1.98,-0.962828,,,,,
NTST,IWM,0.18,0.11,0.5,0.129,,,,,
NTSX,QQQ,0.98,0.65,0.47,1.155319,,,,,
NU,SPY,0.89,1.14,1.62,0.915926,,,,,
NUE,IWM,0.83,0.7,1.12,0.423214,,,,,
NUGT,QQQ,0.55,2.68,3.64,1.332308,,,,,
NUKZ,SPY,0.93,2.41,1.22,-0.884508,,,,,
NUTX,SPY,0.85,1.47,1.38,,-0.871304,,,,
NUVL,IWM,0.73,0.55,0.72,,,,,,
NVA,IWM,0.26,1.28,10.06,0.190934,,,,,
NVCR,IWM,0.77,1.01,1.65,-0.521394,,,,,
NVDA,QQQ,0.9,1.67,1.41,0.999291,,,,,
NVDB,QQQ,0.91,3.7,3.26,,,,,,
NVDG,QQQ,0.9,3.34,2.89,1.539239,,,,,
NVDL,QQQ,0.9,3.3,2.83,1.589046,,,,,
NVDS,IWM,-0.71,-1.36,2.13,0.58892,,,,,
NVDU,QQQ,0.91,3.41,2.89,1.498962,,,,,
NVDW,QQQ,0.91,1.99,1.68,1.244464,,,,,
NVDX,QQQ,0.91,3.4,2.86,1.843357,,,,,
NVDY,QQQ,0.89,1.34,1.12,,-1.185536,,,,
NVEC,SPY,0.66,0.31,0.64,,,,,,
NVGS,SPY,0.66,0.31,0.64,,,,,,
NVII,QQQ,0.84,1.67,1.44,1.001667,,,,,
NVMI,SPY,0.83,2.49,2.33,,-11.316953,,,,
NVO,IWM,0.44,0.81,1.87,,-0.549144,,,,
NVOH,IWM,0.56,0.34,0.6,,,,,,
NVR,IWM,0.56,0.34,0.6,,,,,,
NVS,SPY,-0.04,-0.08,0.79,,,,,,
NVST,IWM,0.86,0.77,0.83,,-0.341566,,,,
NVT,SPY,0.95,2.0,1.5,0.406667,,,,,
NVTX,IWM,0.84,8.48,11.63,,-1.676148,,,,
NVYY,QQQ,0.74,0.72,1.09,0.649541,,,,,
NWBI,XLF,0.84,0.72,0.52,,-2.99,,,,
NWE,IWM,0.13,0.13,0.5,0.2534,,,,,
NWG,SPY,0.5,0.42,1.6,0.668625,,,,,
NWMX,IWM,0.32,2.22,5.42,,,,,,
NWN,IWM,0.05,0.02,0.33,0.213333,,,,,
NWS,IWM,0.56,0.31,0.91,,,,,,
NWSA,IWM,0.69,0.37,0.46,,,,,,
NX,IWM,0.81,1.08,2.51,,-0.72239,,,,
NXG,SPY,0.52,0.41,0.42,0.524762,,,,,
NXPI,IWM,0.92,1.25,1.11,,-0.693694,,,,
NXST,IWM,0.68,0.33,1.18,,-0.954915,,,,
NXT,SPY,0.85,2.6,2.41,,-0.282988,,,,
NYAX,SPY,0.54,0.77,1.53,,-1.004118,,,,
NYT,IWM,0.46,0.15,0.59,0.485593,,,,,
O,IWM,-0.1,0.02,0.3,,0.62,,,,
OBDC,SPY,0.72,0.63,0.67,,-4.035672,,,,
OBIL,IWM,0.17,0.02,0.03,4.693333,,,,,
OC,IWM,0.83,1.04,1.22,,-1.905574,,,,
OCS,IWM,0.19,0.0,0.92,,,,,,
OCSL,SPY,0.73,0.27,0.26,0.691154,,,,,
OCUL,IWM,0.61,0.93,0.98,,-0.388571,,,,
ODD,SPY,0.81,1.34,1.05,-0.610095,,,,,
ODFL,SPY,0.66,0.82,0.91,,-0.592088,,,,
ODP,IWM,0.42,0.15,4.15,,,,,,
OEF,SPY,0.99,1.13,0.49,-0.039796,,,,,
OFIX,NONE,0.11,0.0,0.42,,,,,,
OGE,XLE,0.11,0.0,0.42,,-1.547619,,,,
OGN,IWM,0.64,0.55,2.65,0.003585,,,,,
OHI,IWM,-0.5,-0.07,0.47,,0.451489,,,,
OI,SPY,0.7,0.77,1.6,1.272813,,,,,
OIH,IWM,0.71,0.75,0.8,0.459375,,,,,
OII,XLE,0.91,1.6,0.94,,,,,,
OILD,QQQ,-0.49,-0.5,1.51,0.827815,,,,,
OILK,IWM,0.18,0.33,0.91,,,,,,
OILU,SPY,0.62,1.18,1.61,1.053292,,,,,
OKE,XLE,0.93,1.02,0.59,1.924746,,,,,
OKLL,QQQ,0.78,7.09,7.37,,-1.468168,,,,
OKLO,SPY,0.81,5.49,3.69,-1.17935,,,,,
OKTA,SPY,0.89,1.06,1.12,,,,,,
OKTX,IWM,0.89,1.16,2.2,,,,,,
OLED,IWM,0.89,1.16,2.2,,0.089636,,,,
OLLI,SPY,0.74,0.61,0.99,,,,,,
OLN,IWM,0.9,1.26,2.09,0.273014,,,,,
OM,IWM,0.93,1.65,3.99,-0.285714,,,,,
OMAH,SPY,0.81,0.25,0.21,,0.654762,,,,
OMC,IWM,0.62,0.37,0.53,1.786038,,,,,
OMCL,IWM,0.7,0.54,1.79,,,,,,
OMDA,SPY,0.69,1.46,1.2,-1.237667,,,,,
OMF,SPY,0.85,1.22,0.95,1.145474,,,,,
ON,SOXL,0.9,0.32,1.42,0.419155,,,,,
ONB,KRE,0.93,0.9,0.9,,,,,,
ONC,SPY,0.46,1.44,2.42,,-0.181983,,,,
ONEQ,QQQ,0.99,1.14,0.68,0.436765,,,,,
ONLN,SPY,0.88,1.91,1.01,,,,,,
ONON,IWM,0.79,1.14,3.21,,-0.355888,,,,
ONTO,SOXL,0.94,0.47,2.43,0.352963,,,,,
OOMA,IWM,0.83,0.62,0.96,,-0.343125,,,,
OOSB,SPY,0.73,4.68,2.56,,,,,,
OPCH,IWM,-0.07,0.03,1.58,,,,,,
OPEX,IWM,0.97,6.3,10.98,1.209836,,,,,
OPFI,SPY,0.88,1.88,1.69,,-1.479763,,,,
OPPJ,IWM,0.4,0.48,1.38,0.385217,,,,,
OPRA,QQQ,0.85,1.17,1.27,,2.482913,,,,
OPRX,IWM,0.86,1.4,1.37,-0.480292,,,,,
OPXS,SPY,0.88,1.21,1.49,,,,,,
OR,GDX,0.97,0.76,1.54,,,,,,
ORA,SPY,0.86,1.21,0.89,1.555281,,,,,
ORCL,SPY,0.87,1.92,4.27,,-0.392037,,,,
ORCX,SPY,0.75,4.12,8.43,,-0.84726,,,,
ORI,XLF,0.38,0.61,0.55,0.102909,,,,,
ORKA,IWM,0.83,1.43,2.92,,-1.792911,,,,
ORLA,GDX,0.95,1.01,2.28,-0.329649,,,,,
ORLY,IWM,-0.3,-0.03,0.51,0.377059,,,,,
ORRF,KRE,0.88,0.74,0.56,,,,,,
OS,IWM,0.86,1.14,1.26,,-0.843333,,,,
OSBC,NONE,-0.89,-13.81,11.32,,,,,,
OSCG,IWM,-0.89,-13.81,11.32,,,,,,
OSCR,IWM,0.77,1.67,2.59,,6.04668,,,,
OSCX,SPY,0.7,5.47,6.35,17.966945,,,,,
OSIS,IWM,0.94,1.17,0.87,-1.030345,,,,,
OSK,IWM,0.89,0.92,0.96,0.893333,,,,,
OSPN,IWM,0.98,1.09,2.89,3.283253,,,,,
OSW,IWM,0.81,0.59,0.79,0.348987,,,,,
OTEX,SPY,0.8,1.21,0.76,,,,,,
OTF,SPY,0.57,0.77,0.66,,-1.382727,,,,
OTGA,NONE,0.34,0.3,0.58,,,,,,
OTIS,IWM,0.34,0.3,0.58,0.253448,,,,,
OTLY,SPY,0.75,0.29,1.17,,0.028462,,,,
OTTR,IWM,0.65,0.29,0.37,0.525676,,,,,
OUNZ,IWM,0.52,0.86,1.01,0.314455,,,,,
OUST,IWM,0.89,3.46,2.95,2.019729,,,,,
OUT,IWM,0.83,0.95,0.94,,0.381383,,,,
OVV,XLE,0.95,1.7,1.12,1.726786,,,,,
OWL,XLF,0.85,2.36,1.03,-0.011262,,,,,
OWLS,XLF,0.25,4.69,8.49,0.23437,,,,,
OXM,IWM,0.8,0.97,2.33,,-0.081459,,,,
OXY,XLE,0.92,1.47,0.85,0.803059,,,,,
OZEM,QQQ,0.33,0.51,0.85,,,,,,
OZK,KRE,0.94,0.77,0.73,,,,,,
PAA,XLE,0.64,0.45,0.45,,-1.534444,,,,
PAAA,QQQ,-0.21,0.01,0.02,,12.02,,,,
PAAS,GDX,0.97,1.17,2.24,,,,,,
PAC,IWM,0.35,0.44,0.67,0.038806,,,,,
PACS,IWM,0.81,1.02,2.22,,-1.09973,,,,
PAG,IWM,0.45,0.25,0.86,,-0.127907,,,,
PAGP,XLE,0.81,0.41,0.38,,,,,,
PAHC,IWM,0.78,0.56,2.33,,,,,,
PALL,QQQ,0.33,0.82,1.87,-0.419786,,,,,
PALU,SPY,0.86,3.12,2.28,,-4.586842,,,,
PAM,SPY,0.76,1.43,4.57,,,,,,
PANG,SPY,0.93,3.37,2.17,-5.583779,,,,,
PANW,IWM,0.85,1.01,1.1,,-1.241182,,,,
PAR,IWM,0.86,1.23,1.63,-0.344233,,,,,
PARR,XLE,0.85,1.98,1.4,4.574,,,,,
PATH,SPY,0.8,2.13,3.27,-0.221193,,,,,
PATK,IWM,0.8,0.53,0.55,,0.177455,,,,
PAVE,IWM,0.96,0.72,0.5,,1.1088,,,,
PAX,SPY,0.83,1.39,0.93,0.744194,,,,,
PAXS,NONE,0.81,1.42,2.28,,,,,,
PAY,XLF,0.81,1.42,2.28,,,,,,
PAYC,IWM,0.54,0.28,0.76,,-1.881579,,,,
PAYX,IWM,0.12,0.11,0.77,0.176623,,,,,
PB,KRE,0.91,0.79,0.54,,-0.333333,,,,
PBA,XLE,0.73,0.41,0.46,,,,,,
PBDC,SPY,0.78,0.34,0.3,0.579333,,,,,
PBF,XLE,0.84,1.76,1.45,0.63531,,,,,
PBH,IWM,0.17,0.0,0.51,,0.352941,,,,
PBI,SPY,0.82,1.02,0.84,,,,,,
PBR,XLE,0.83,1.01,0.77,,0.972857,,,,
PBR.A,SPY,0.8,0.78,0.74,1.393784,,,,,
PBT,SPY,0.72,0.55,0.61,,,,,,
PBUS,SPY,0.99,1.14,0.5,0.072,,,,,
PBW,IWM,0.94,2.12,1.57,,-0.059363,,,,
PCAR,IWM,0.84,0.48,0.75,0.272,,,,,
PCG,IWM,0.55,0.33,0.51,1.025882,,,,,
PCH,IWM,0.56,0.23,0.74,,,,,,
PCN,SPY,0.52,0.21,0.29,0.297241,,,,,
PCOR,SPY,0.89,1.42,1.34,8.335224,,,,,
PCRX,SPY,0.36,0.05,0.67,0.015672,,,,,
PCT,IWM,0.94,1.89,2.72,,-0.115294,,,,
PCTY,IWM,0.6,0.4,0.51,-0.454902,,,,,
PCVX,IWM,0.68,0.72,0.89,0.569888,,,,,
PD,IWM,0.81,1.1,1.06,0.169811,,,,,
PDBC,QQQ,0.49,0.25,0.58,0.573276,,,,,
PDD,KWEB,0.94,0.67,1.18,,-0.496695,,,,
PDDL,IWM,0.58,1.58,2.47,,,,,,
PDEX,SPY,0.66,0.1,1.93,,,,,,
PDFS,QQQ,0.92,1.47,1.68,,-0.320893,,,,
PDI,SPY,0.79,0.44,0.39,0.418462,,,,,
PDO,IWM,0.74,0.33,0.27,0.787407,,,,,
PEBO,KRE,0.92,0.75,0.5,,-1.09,,,,
PECO,IWM,0.31,0.11,0.58,0.071379,,,,,
PEG,IWM,0.74,0.33,0.38,0.986053,,,,,
PEGA,IWM,0.91,1.17,1.45,,,,,,
PEN,IWM,0.3,0.12,2.02,0.990297,,,,,
PENG,SPY,0.88,1.69,2.54,,-0.093976,,,,
PENN,IWM,0.83,0.8,1.43,,5.283916,,,,
PEP,IWM,-0.25,0.01,0.88,,,,,,
PERI,QQQ,0.84,0.64,1.32,,,,,,
PESI,IWM,0.7,0.81,2.26,,,,,,
PEY,IWM,0.81,0.37,0.35,,-0.669714,,,,
PFBC,KRE,0.85,0.75,0.63,,,,,,
PFE,IWM,0.5,0.24,0.43,0.692093,,,,,
PFF,SPY,0.89,0.34,0.17,1.342353,,,,,
PFFA,SPY,0.8,0.36,0.21,,1.194286,,,,
PFFD,SPY,0.78,0.29,0.2,0.75,,,,,
PFG,XLF,0.82,0.81,0.5,1.2968,,,,,
PFGC,IWM,0.35,0.28,0.71,,,,,,
PFIS,IWM,-0.24,-0.49,0.98,,,,,,
PFIX,IWM,-0.24,-0.49,0.98,0.872857,,,,,
PFLT,SPY,0.81,0.56,0.47,,0.843404,,,,
PFSI,XLF,0.6,0.99,1.16,,,,,,
PFXF,QQQ,0.65,0.28,0.24,1.338333,,,,,
PG,IWM,-0.43,-0.05,0.57,0.309649,,,,,
PGJ,IWM,0.76,1.09,1.11,1.576216,,,,,
PGNY,SPY,0.73,0.49,1.96,,,,,,
PGR,XLF,0.33,0.59,0.88,,,,,,
WIX,SPY,0.84,1.36,0.94,-0.862128,-0.521702,,,,
WK,IWM,0.85,0.79,2.1,0.102857,-0.219238,0.2,,,09:00
WKC,SPY,0.6,0.15,0.63,0.933333,-0.884127,0.2;0.4,0.1,,09:00
WLAC,SPY,0.16,0.22,1.86,0.282366,-0.253656,0.2,0.1,03:00,08:00–09:00
WLDN,IWM,0.88,1.49,2.06,0.119951,-0.538447,0.5–0.6;1.5,0.0–0.3,,09:00
WLFC,SPY,0.85,1.06,0.73,0.111233,-0.456164,1.4;2.7,0.0;0.3,,09:00
WLK,IWM,0.83,1.19,1.26,0.305635,-0.82381,0.3;0.6,0.1,02:30;03:30–09:30,09:00
WLKP,IWM,0.55,0.32,0.35,0.72,-2.328,0.6;1.2,0.1,,09:00
WM,IWM,-0.45,-0.18,0.92,1.358043,-0.538261,0.2;0.5;0.8,0.2,,09:00
WMB,XLE,0.73,0.53,0.63,0.390952,-0.939048,0.5;0.9,0.2;0.5,,09:00
WMG,IWM,0.57,0.28,0.43,1.368372,-0.32186,0.6,0.2,,09:00
WMS,IWM,0.85,1.0,1.41,0.092199,-0.468085,0.4;0.6,0.1–0.2,,09:00
WMT,SPY,-0.42,-0.25,0.61,0.918033,-0.733607,0.2–0.4;0.6,0.0–0.2,00:00;01:30–03:00;06:30–07:30,09:00
WMTI,QQQ,0.26,0.19,1.29,,,,,,
WNS,NONE,-0.75,-2.18,1.5,,,,,,
WNTR,SPY,-0.75,-2.18,1.5,0.832667,-1.662267,2.7,0.0,00:00;01:00,08:00
WOOD,SPY,0.69,0.6,0.63,,-0.373016,,,,
WOR,IWM,0.83,0.68,1.21,0.286612,-0.42281,0.6,0.4,,09:00
WPAY,QQQ,0.95,1.85,1.42,0.862324,-1.304225,2.7,0.0–0.1;0.3,00:30;03:30;07:00–09:30,08:00
WPC,IWM,0.04,0.07,0.44,0.946136,-2.19,0.7,0.2,,09:00
WPM,GDX,0.99,0.86,1.56,0.087308,-0.430385,0.2–0.5,0.2–0.3;0.5;1.3,00:00;02:00–03:30;05:30;06:30–09:30,08:00
WPP,IWM,0.36,0.42,2.41,0.221079,-0.418755,0.2,0.1–0.2,04:00,07:00
WQTM,IWM,0.94,1.98,1.94,0.615876,-1.697423,,,,09:00
WRB,XLF,0.37,0.5,0.53,-0.113208,-0.462264,0.9,0.0;0.2,,09:00
WRBY,IWM,0.86,1.18,1.89,-0.072275,-0.23418,0.6;1.0,0.0–0.2,04:30–09:30,08:30–09:00
WRLD,SPY,0.86,1.48,0.98,-1.330204,-0.869388,0.5,0.0;0.3,,
WSBC,KRE,0.9,0.75,0.56,0.915179,-1.151786,0.4,0.1;0.3–0.4,,09:00
WSBF,SPY,0.73,0.56,0.67,0.76597,-1.140299,0.6,0.2,,09:00
WSC,IWM,0.75,1.02,0.78,-0.578974,-1.273846,0.9;2.7,0.1;0.5,,09:00
WSFS,KRE,0.91,0.62,0.55,0.621091,-0.066545,0.5;1.1,0.3,,09:00
WSM,IWM,0.75,0.85,1.03,0.328155,-0.446117,0.3–0.4;0.7,0.1–0.2,,09:00
WSO,SPY,0.64,0.39,0.67,0.248806,-0.869104,0.3,0.1,,09:00
WSR,SPY,0.47,0.21,1.34,0.21597,-0.532836,0.2,0.2,01:00–09:30,
WST,IWM,0.22,0.15,1.22,0.47459,-0.656557,0.3,0.4,,09:00
WSTNU,NONE,0.86,1.46,1.06,,,,,,
WT,SPY,0.86,1.46,1.06,0.405283,-0.504717,0.8;1.4;1.9;2.7,0.0–0.1;0.3–0.4,,09:00
WTAI,QQQ,0.96,1.88,1.13,1.297699,-0.966726,0.6;2.7,0.0,02:30–09:30,09:00
WTFC,KRE,0.95,0.9,0.56,0.117857,-0.603571,0.2;0.5,0.2;0.5,,09:00
WTM,XLF,0.5,0.43,1.08,0.272593,-0.117037,,,,
WTPI,SPY,0.81,0.56,0.4,0.782,-0.784,0.7–0.8,0.1;0.4,,09:00
WTRG,IWM,0.05,0.26,0.46,0.819565,-0.37087,0.8,0.2–0.3,,09:00
WTS,IWM,0.86,0.63,0.51,0.488039,-1.514706,0.7,0.1;0.3,,09:00
WTV,IWM,0.91,0.46,0.35,2.030857,-1.149714,0.5;0.9,0.2,,09:00
WTW,XLF,0.3,0.1,0.56,0.457143,-0.475,0.3–0.4,0.2,,
WULX,IWM,0.92,9.64,10.21,4.478942,-12.667463,2.7,,,
WW,IWM,0.54,0.87,1.88,0.241117,-0.030691,0.5;0.8;2.7,0.1,03:00,09:00
WWD,SPY,0.88,0.77,0.56,0.400357,0.23625,0.6;0.8,0.2–0.3,,09:00
WWW,IWM,0.64,0.73,2.96,-0.02027,-0.501622,0.2–0.3,0.4,,08:30–09:00
WY,IWM,0.57,0.37,0.49,0.484286,-0.700612,0.7,0.1–0.2,03:00–09:30,09:00
WYFI,QQQ,0.83,3.21,4.05,1.567086,-0.992444,2.1,0.0–0.2,00:30;01:30;03:00;06:30,09:00
WYNN,SPY,0.74,1.38,0.95,0.825895,-1.558526,1.0–1.1,0.1;0.5,01:00,09:00
XAIX,QQQ,0.98,1.19,0.81,0.552716,-0.284815,0.5,0.0,,09:00
XAR,SPY,0.92,1.22,0.72,-0.166667,-0.428056,0.3,0.0–0.1;0.4,00:00;03:30–09:30,09:00
XBI,IWM,0.81,0.65,0.62,0.553226,-0.06129,0.2–0.5;0.7,0.0–0.2;0.4;0.6,02:00;04:00–04:30;07:00–09:30,05:00;08:30
XBIL,SPY,-0.06,0.0,0.02,5.5,-27.0,2.7,0.0,,09:00
XBTY,IWM,0.74,1.38,1.4,0.807143,-1.298429,0.3–0.4,0.1–0.2,06:30–09:30,09:00
XCCC,SPY,0.85,0.34,0.19,1.612632,-2.814737,2.7,0.0,,09:00
XDTE,SPY,0.99,0.94,0.43,-0.028837,-0.334419,0.2–0.5,0.1–0.3,01:00;02:00–02:30;03:30–04:00;06:30;07:30–08:00,08:00
XEL,IWM,0.19,0.19,0.43,1.17186,-1.184884,0.8,0.3,,09:00
XENE,IWM,0.7,0.61,0.7,0.035143,-0.587714,1.2,0.1–0.2,04:30–09:30,09:00
XHB,IWM,0.84,0.91,0.7,0.573571,-0.848,0.3;0.5–0.6,0.0;0.2;0.6,05:00–09:30,09:00
XHLF,SPY,-0.05,0.02,0.02,2.52,-27.4,2.7,0.1,,09:00
XHR,IWM,0.8,0.69,0.68,0.411765,-0.3,0.4;0.7,0.3;0.5,,09:00
XLB,IWM,0.86,0.66,0.45,0.240889,-0.439111,0.5–0.6,0.1–0.2,03:30–09:30,09:00
XLC,SPY,0.91,0.83,0.44,0.512727,-1.225455,1.0,0.0;0.2–0.4,04:30–09:30,09:00
XLE,SPY,0.5,0.25,0.52,0.778846,-1.052885,0.2–0.3;0.6,0.0–0.2,00:00;02:30;03:30,08:00–08:30
XLF,IWM,0.86,0.43,0.32,1.393438,-0.794062,0.2–0.5;0.7;1.0,0.0–0.3,00:30–01:00;02:00–03:00;04:00–06:30;08:00;09:00–09:30,06:00;07:00
XLG,SPY,0.99,1.15,0.55,0.737273,-0.321818,0.3;0.7,0.0–0.1;0.3,04:30–09:30,09:00
XLI,SPY,0.94,0.75,0.38,0.348684,-0.578947,0.4–0.5,0.1;0.3,03:30–04:00;05:30–09:30,09:00
XLK,QQQ,0.99,1.24,0.82,0.61122,-0.492683,0.2–0.3,0.0–0.3;0.6,00:00;03:00;04:30;06:00–09:30,08:00
XLP,IWM,-0.3,-0.06,0.31,0.260645,-1.245161,1.4,0.1–0.2,04:00;05:30,08:00;09:00
XLRE,IWM,0.39,0.21,0.41,1.791951,-0.45561,0.7,0.2–0.3,03:00–09:30,08:00–08:30
XLU,IWM,0.59,0.18,0.3,1.222,-1.039333,0.7;1.0;1.5;1.7,0.1–0.2,00:30;03:00–03:30;06:30,08:00;09:00
XLV,IWM,0.34,0.1,0.35,1.842857,-0.962857,0.3;0.8;1.2,0.1–0.3,01:00–01:30;03:30;05:30–06:00;07:30–09:30,07:30
XLY,QQQ,0.92,0.77,0.68,0.609412,-0.699265,0.2–0.3,0.1;0.4,01:30,09:00
XMAG,SPY,0.94,0.78,0.39,0.487179,-0.309231,,0.2,,
XME,IWM,0.82,1.65,1.45,0.869655,-1.042069,0.6–0.7,0.1–0.2,03:00,09:00
XMHQ,IWM,0.93,0.6,0.52,0.830769,-0.719231,0.3,0.2,,09:00
XMMO,IWM,0.94,0.71,0.57,0.578421,-0.127193,0.2–0.3,0.2;0.5,,09:00
XMTR,IWM,0.86,1.62,2.19,1.01379,-0.882374,1.4,0.0–0.3,,09:00
XNTK,QQQ,0.97,1.53,1.01,0.927723,-0.657327,0.4,0.0;0.5,,
XOM,XLE,0.97,0.93,0.51,0.106275,-0.279216,0.2–0.6,0.0–0.3;0.5,02:00;03:00;04:00;07:00–09:30,07:00
XOMA,IWM,0.49,0.64,1.33,1.071579,-0.144361,0.4,0.2,03:00–09:30,09:00
XOMO,SPY,0.54,0.3,0.51,0.792157,-1.103922,0.4–0.5,0.1,,08:30
XOMX,IWM,0.34,0.66,1.74,1.4934485,-0.465747,,,,
XOP,IWM,0.64,0.43,0.78,0.715,-0.546282,0.3,0.1;0.3,04:30,08:30–09:00
XOVR,SPY,0.97,1.82,0.9,0.619111,-0.021111,0.8;1.5,0.0–0.1,00:00–00:30;02:00;03:00;06:00;07:00–09:30,08:00;09:00
XP,SPY,0.82,1.56,1.38,0.513623,-0.086087,2.7,0.3–0.4,,09:00
XPAY,SPY,0.94,0.87,0.53,-0.046792,-0.28566,0.2–0.4,0.1,,09:00
XPEL,IWM,0.87,0.94,0.76,0.201053,-0.865526,2.7,0.0;0.2;0.6,,09:00
XPEV,IWM,0.62,1.91,2.6,0.860192,-0.866154,0.2–0.6;0.9;1.2;2.0,0.0–0.1;0.5,00:00–02:00;05:00;06:00;07:00–08:00,01:30;08:00
XPM,IWM,-0.31,-0.74,2.17,,,,,,
XPO,SPY,0.87,1.23,1.17,0.191709,-1.156154,0.4;0.6;0.9,0.1–0.3,03:30–09:30,09:00
XPOF,IWM,0.81,1.21,1.65,-0.305758,-0.554667,0.9,0.0;0.2,,09:00
XPP,IWM,0.71,2.36,2.06,1.878252,-2.18835,,,,
XPRO,XLE,0.84,1.75,1.29,1.697674,-3.360465,1.8,0.0,,09:00
XRAY,IWM,0.79,0.77,1.53,0.196928,-0.27915,0.2–0.4,0.2–0.3,,09:00
XRPI,QQQ,0.7,3.57,3.05,5.352721,-1.355246,1.6,0.2,03:30;07:00;08:00–09:30,08:00
XRPR,QQQ,0.73,3.88,3.55,5.22693,-3.633239,2.7,0.0,04:30,08:30
XRPT,QQQ,0.72,7.09,6.09,11.393974,-8.529869,0.5,0.2;0.4,00:00;02:00,04:30;05:30;08:30–09:00
XRT,IWM,0.91,0.74,0.57,0.973333,-0.13193,0.2;0.6,0.0,,09:00
XSD,IWM,0.95,1.8,1.38,1.071014,-1.630435,0.5,0.2,,09:00
XSHD,IWM,0.9,0.6,0.4,0.71,-0.525,2.7,0.0,,09:00
XSMO,IWM,0.98,0.84,0.55,0.493818,-0.546909,0.3–0.4,0.1;0.3–0.4,,09:00
XSW,IWM,0.96,1.23,0.9,0.260222,-0.857222,,,,
XT,IWM,0.93,0.84,0.66,0.763636,-0.531515,0.4,0.2,,09:00
XXRP,QQQ,0.7,6.59,6.1,0.978098,-8.319033,2.7,0.1;0.3;0.6,00:00;01:30;02:30;04:00;08:00,08:00
XYF,SPY,0.73,1.13,1.5,0.3214,-0.597467,2.7,0.0–0.1;0.4,05:00–09:30,09:00
XYL,SPY,0.82,0.72,0.49,0.943673,-1.023673,0.6,0.1–0.2,02:30,09:00
XYLD,SPY,0.92,0.35,0.21,0.321429,-2.404762,0.5,0.0–0.1,02:30;05:00,08:30
XYLG,SPY,0.9,0.67,0.32,0.654062,-1.944688,,,,09:00
XYZ,SPY,0.9,1.6,1.94,0.363918,-0.778351,0.2–0.6;0.8;1.4,0.0–0.3;0.6,00:00–02:00;03:00;05:00–09:30,07:00;08:30
XYZG,SPY,0.81,4.07,4.02,1.858905,-0.763781,2.7,0.0,,09:00
YANG,SPY,-0.65,-4.6,3.2,2.491875,-4.628125,0.2,0.1,00:30;04:30;05:30,04:30
YB,NONE,0.79,1.48,1.31,,,,,,
YBIT,QQQ,0.79,1.48,1.31,1.72,-1.292519,0.2,0.0–0.1;0.3,00:00;03:30,09:00
YBTC,SPY,0.82,2.18,1.32,-2.714697,-1.674242,1.7;2.7,0.0–0.3,00:00–01:00;03:00;04:00,09:00
YCL,IWM,-0.15,0.05,0.82,0.257317,-1.207927,0.3;0.7,0.2,,08:00
YCS,SPY,0.21,0.43,0.9,0.793222,-0.599333,0.6,0.2,,09:00
YDES,SPY,0.04,0.98,8.17,0.400245,-0.555961,,0.1–0.2,,09:00
YELP,SPY,0.73,0.54,1.21,0.29686,-0.385455,0.2–0.3;0.5,0.0,,09:00
YETH,QQQ,0.81,2.85,2.08,3.655769,-1.83726,2.7,0.1–0.2,00:00–01:30;02:30,08:00
YETI,SPY,0.7,0.71,0.93,-0.068602,-0.968495,0.4,0.1;0.6,03:30–09:30,09:00
YGLD,IWM,0.62,1.15,1.57,0.7050955000000001,-0.940764,,,,
YINN,QQQ,0.68,3.42,3.19,1.77185,-3.506458,0.2;0.4,0.1–0.2;0.4,01:00–02:00;04:30;05:30;08:00,04:30;06:30;08:00
YMAG,SPY,0.93,1.28,0.68,1.031765,-0.792353,0.2–0.8,0.0;0.2;0.4,00:30–01:00;02:00–04:30;07:00;08:00–09:30,08:30–09:00
YMAX,QQQ,0.94,0.88,0.73,0.335342,-0.872329,0.2–0.7,0.0–0.6;1.3,00:00–02:00;03:00–04:30;05:30–08:30,04:00–04:30;06:00–06:30;08:00
YMM,SPY,0.74,1.83,1.29,-0.43845,-1.447132,2.7,0.0–0.2;0.4,04:30,09:00
YORK,NONE,0.22,0.0,0.29,,,,,,
YORW,XLE,0.22,0.0,0.29,3.37931,-0.655172,1.3,0.5,,09:00
YOU,SPY,0.84,0.82,1.98,-0.040808,-0.160101,0.2–0.4,0.0–0.1;0.3,01:30;03:00;06:30–09:30,09:00
YPF,SPY,0.74,1.51,4.72,0.806949,-0.240678,0.2–0.4;0.7,0.2–0.3,05:00–09:30,09:00
YQQQ,IWM,-0.84,-0.35,0.49,0.726531,-1.097959,,0.3–0.4,,08:30
YSPY,SPY,0.91,1.12,0.66,0.635758,-1.455758,2.7,0.1,,08:30–09:00
YUM,SPY,0.07,0.13,0.82,0.55878,-0.423902,0.3–0.5,0.1,,09:00
YUMC,SPY,0.57,0.85,1.05,-0.194286,-0.729524,0.4,0.1;0.4,01:00;02:00;03:30–04:00;06:00,09:00
YXI,QQQ,-0.66,-1.06,1.15,1.416522,-0.905391,,,,09:00
YYY,QQQ,0.37,0.09,0.21,1.39381,-4.403333,1.6,0.1,,09:00
Z,SPY,0.78,1.38,0.93,0.408172,-0.404946,1.1;1.5,0.3;0.7,00:00;03:00,09:00
ZAP,IWM,0.89,0.56,0.4,0.744,-0.513,2.7,0.0;0.2,,09:00
ZBH,IWM,0.29,0.12,1.57,0.472357,-0.692739,0.2–0.3,0.5,,09:00
ZBIO,SPY,0.67,2.41,3.06,0.140425,-0.341601,2.7,0.0;0.2–0.3,,09:00
ZBRA,SPY,0.95,1.99,1.1,0.576455,-0.280273,2.7,0.0–0.2,,09:00
ZD,IWM,0.8,0.85,0.91,0.991209,-0.281868,1.0,0.4,,09:00
ZEPP,IWM,0.65,1.8,3.23,0.968421,-0.380805,1.0;1.5,0.0;0.4;0.6,02:30;04:00;06:30–09:30,08:30
ZETA,IWM,0.87,2.54,2.39,0.13364,-1.739247,0.2–0.7;0.9;1.2–1.3;2.2,0.0–0.4,00:00–02:30;03:30–05:00;07:00–09:30,07:30;09:00
ZEUS,IWM,0.85,0.77,2.02,0.333663,-0.440347,0.3,0.2,,09:00
ZG,IWM,0.79,0.7,1.0,0.762,-0.807,0.4;0.7,0.1–0.3,,09:00
ZIM,SPY,0.54,0.68,1.81,0.545635,-0.341436,0.2–0.4,0.0–0.2;0.5;1.2,00:00–02:30;03:30–04:00;05:00–05:30;06:30–07:00;08:30–09:30,07:00
ZIMV,NONE,0.94,1.08,1.09,,,,,,
ZION,KRE,0.94,1.08,1.09,0.788991,-0.096147,0.2–0.3,0.0–0.1,,09:00
ZIPP,QQQ,0.71,2.65,3.58,,,,,,
ZK,IWM,0.49,0.62,1.49,0.265638,-0.707383,0.3,0.0–0.2;0.4,04:00,08:30
ZLAB,IWM,0.65,1.07,2.35,0.394936,-0.605447,0.5,0.0–0.2;0.4,03:30,09:00
ZM,SPY,0.82,0.98,0.79,-0.055443,-0.498987,0.3–0.6;0.9;1.1,0.0–0.4,00:00;01:00;02:00;05:00,08:00;09:00
ZROZ,SPY,0.24,0.38,0.71,0.337746,-1.088451,0.4,0.0;0.2;0.4,03:00–04:00,08:30
ZS,SPY,0.91,1.54,0.82,0.409756,-0.877073,0.2–0.3,0.0–0.2;0.4,00:00–01:00;06:00,09:00
ZSL,SPY,-0.35,-1.89,3.18,1.509182,-0.761321,0.2–0.3;0.5;1.4,0.3,00:00;01:00;02:30;04:00;05:00–05:30,07:30
ZTO,SPY,0.74,1.03,1.22,0.059836,-1.36082,0.7,0.1–0.2;0.4,01:30,09:00
ZTS,SPY,0.44,0.01,1.71,0.280351,-0.41807,0.2;0.4,,04:00–09:30,
ZUMZ,SPY,0.85,2.02,1.52,0.299737,-1.096579,1.1,0.1–0.2,,09:00
ZVOL,SPY,0.87,1.19,0.82,0.755244,-0.243415,0.4;2.7,0.1,,09:00
ZVRA,IWM,0.71,0.62,1.63,0.111534,-0.426012,0.2–0.6;0.8–0.9,0.0–0.3;0.8,04:30–09:30,08:30–09:00
ZWS,IWM,0.85,0.79,0.63,1.27,-0.426825,0.5;0.8,0.0;0.2,,
ZYME,SPY,0.52,1.1,1.5,-0.223333,-0.105333,0.9,0.0–0.1,,09:00
ZYN,NONE,,,,,,,,,
